Copyright 1986-2022 Xilinx, Inc. All Rights Reserved. Copyright 2022-2025 Advanced Micro Devices, Inc. All Rights Reserved.
---------------------------------------------------------------------------------------------------------------------------------------------------------------------------------------------------------------------
| Tool Version : Vivado v.2025.2 (win64) Build 6299465 Fri Nov 14 19:35:11 GMT 2025
| Date         : Wed Sep 16 17:52:40 2026
| Host         : DESKTOP-F8PDQQS running 64-bit major release  (build 9200)
| Command      : report_timing_summary -max_paths 10 -routable_nets -report_unconstrained -file DDP_timing_summary_routed.rpt -pb DDP_timing_summary_routed.pb -rpx DDP_timing_summary_routed.rpx -warn_on_violation
| Design       : DDP
| Device       : 7z020i-clg484
| Speed File   : -1L  PRODUCTION 1.12 2019-11-22
| Design State : Routed
---------------------------------------------------------------------------------------------------------------------------------------------------------------------------------------------------------------------

Timing Summary Report

------------------------------------------------------------------------------------------------
| Timer Settings
| --------------
------------------------------------------------------------------------------------------------

  Enable Multi Corner Analysis               :  Yes
  Enable Pessimism Removal                   :  Yes
  Pessimism Removal Resolution               :  Nearest Common Node
  Enable Input Delay Default Clock           :  No
  Enable Preset / Clear Arcs                 :  No
  Disable Flight Delays                      :  No
  Ignore I/O Paths                           :  No
  Timing Early Launch at Borrowing Latches   :  No
  Borrow Time for Max Delay Exceptions       :  Yes
  Merge Timing Exceptions                    :  Yes
  Inter-SLR Compensation                     :  Conservative

  Corner  Analyze    Analyze    
  Name    Max Paths  Min Paths  
  ------  ---------  ---------  
  Slow    Yes        Yes        
  Fast    Yes        Yes        


------------------------------------------------------------------------------------------------
| Report Methodology
| ------------------
------------------------------------------------------------------------------------------------

Rule       Severity          Description                                      Violations  
---------  ----------------  -----------------------------------------------  ----------  
TIMING-17  Critical Warning  Non-clocked sequential cell                      1000        
CKLD-1     Warning           Clock Net has non-BUF driver and too many loads  1           
SYNTH-10   Warning           Wide multiplier                                  4           
TIMING-20  Warning           Non-clocked latch                                2           
TIMING-23  Warning           Combinational loop found                         3           
LATCH-1    Advisory          Existing latches in the design                   1           

Note: This report is based on the most recent report_methodology run and may not be up-to-date. Run report_methodology on the current design for the latest report.



check_timing report

Table of Contents
-----------------
1. checking no_clock (5826)
2. checking constant_clock (0)
3. checking pulse_width_clock (0)
4. checking unconstrained_internal_endpoints (3929)
5. checking no_input_delay (57)
6. checking no_output_delay (55)
7. checking multiple_clock (0)
8. checking generated_clocks (0)
9. checking loops (70)
10. checking partial_input_delay (0)
11. checking partial_output_delay (0)
12. checking latch_loops (0)

1. checking no_clock (5826)
---------------------------
 There are 1923 register/latch pins with no clock driven by root clock pin: Ack_in (HIGH)

 There are 1923 register/latch pins with no clock driven by root clock pin: MR (HIGH)

 There are 54 register/latch pins with no clock driven by root clock pin: Send_in (HIGH)

 There are 108 register/latch pins with no clock driven by root clock pin: cc/b/DL_reg/Q (HIGH)

 There are 1810 register/latch pins with no clock driven by root clock pin: cc/copy/DL1S_reg_LDC/Q (HIGH)

 There are 4 register/latch pins with no clock driven by root clock pin: cc/copy/DL_cpy_reg/Q (HIGH)

 There are 4 register/latch pins with no clock driven by root clock pin: cc/copy/DL_exb_reg/Q (HIGH)


2. checking constant_clock (0)
------------------------------
 There are 0 register/latch pins with constant_clock.


3. checking pulse_width_clock (0)
---------------------------------
 There are 0 register/latch pins which need pulse_width check


4. checking unconstrained_internal_endpoints (3929)
---------------------------------------------------
 There are 3929 pins that are not constrained for maximum delay. (HIGH)

 There are 0 pins that are not constrained for maximum delay due to constant clock.


5. checking no_input_delay (57)
-------------------------------
 There are 57 input ports with no input delay specified. (HIGH)

 There are 0 input ports with no input delay but user has a false path constraint.


6. checking no_output_delay (55)
--------------------------------
 There are 55 ports with no output delay specified. (HIGH)

 There are 0 ports with no output delay but user has a false path constraint

 There are 0 ports with no output delay but with a timing clock defined on it or propagating through it


7. checking multiple_clock (0)
------------------------------
 There are 0 register/latch pins with multiple clocks.


8. checking generated_clocks (0)
--------------------------------
 There are 0 generated clocks that are not connected to a clock source.


9. checking loops (70)
----------------------
 There are 70 combinational loops in the design. (HIGH)


10. checking partial_input_delay (0)
------------------------------------
 There are 0 input ports with partial input delay specified.


11. checking partial_output_delay (0)
-------------------------------------
 There are 0 ports with partial output delay specified.


12. checking latch_loops (0)
----------------------------
 There are 0 combinational latch loops in the design through latch input



------------------------------------------------------------------------------------------------
| Design Timing Summary
| ---------------------
------------------------------------------------------------------------------------------------

    WNS(ns)      TNS(ns)  TNS Failing Endpoints  TNS Total Endpoints      WHS(ns)      THS(ns)  THS Failing Endpoints  THS Total Endpoints     WPWS(ns)     TPWS(ns)  TPWS Failing Endpoints  TPWS Total Endpoints  
    -------      -------  ---------------------  -------------------      -------      -------  ---------------------  -------------------     --------     --------  ----------------------  --------------------  
        inf        0.000                      0                 3985          inf        0.000                      0                 3985           NA           NA                      NA                    NA  


There are no user specified timing constraints.


------------------------------------------------------------------------------------------------
| Clock Summary
| -------------
------------------------------------------------------------------------------------------------


------------------------------------------------------------------------------------------------
| Intra Clock Table
| -----------------
------------------------------------------------------------------------------------------------

Clock             WNS(ns)      TNS(ns)  TNS Failing Endpoints  TNS Total Endpoints      WHS(ns)      THS(ns)  THS Failing Endpoints  THS Total Endpoints     WPWS(ns)     TPWS(ns)  TPWS Failing Endpoints  TPWS Total Endpoints  
-----             -------      -------  ---------------------  -------------------      -------      -------  ---------------------  -------------------     --------     --------  ----------------------  --------------------  


------------------------------------------------------------------------------------------------
| Inter Clock Table
| -----------------
------------------------------------------------------------------------------------------------

From Clock    To Clock          WNS(ns)      TNS(ns)  TNS Failing Endpoints  TNS Total Endpoints      WHS(ns)      THS(ns)  THS Failing Endpoints  THS Total Endpoints  
----------    --------          -------      -------  ---------------------  -------------------      -------      -------  ---------------------  -------------------  


------------------------------------------------------------------------------------------------
| Other Path Groups Table
| -----------------------
------------------------------------------------------------------------------------------------

Path Group    From Clock    To Clock          WNS(ns)      TNS(ns)  TNS Failing Endpoints  TNS Total Endpoints      WHS(ns)      THS(ns)  THS Failing Endpoints  THS Total Endpoints  
----------    ----------    --------          -------      -------  ---------------------  -------------------      -------      -------  ---------------------  -------------------  


------------------------------------------------------------------------------------------------
| User Ignored Path Table
| -----------------------
------------------------------------------------------------------------------------------------

Path Group    From Clock    To Clock    
----------    ----------    --------    


------------------------------------------------------------------------------------------------
| Unconstrained Path Table
| ------------------------
------------------------------------------------------------------------------------------------

Path Group    From Clock    To Clock    
----------    ----------    --------    
(none)                                    


------------------------------------------------------------------------------------------------
| Timing Details
| --------------
------------------------------------------------------------------------------------------------


--------------------------------------------------------------------------------------
Path Group:  (none)
From Clock:  
  To Clock:  

Max Delay          3985 Endpoints
Min Delay          3985 Endpoints
--------------------------------------------------------------------------------------


Max Delay Paths
--------------------------------------------------------------------------------------
Slack:                    inf
  Source:                 Ack_in
                            (input port)
  Destination:            mmcam/entry_fd_loop[52].ef/ENTRY_reg[10]/CE
  Path Group:             (none)
  Path Type:              Max at Slow Process Corner
  Data Path Delay:        117.853ns  (logic 22.338ns (18.954%)  route 95.515ns (81.046%))
  Logic Levels:           134  (CARRY4=2 IBUF=1 LUT1=79 LUT2=16 LUT3=17 LUT4=11 LUT6=8)

    Location             Delay type                Incr(ns)  Path(ns)    Netlist Resource(s)
  -------------------------------------------------------------------    -------------------
    U7                                                0.000     0.000 f  Ack_in (IN)
                         net (fo=0)                   0.000     0.000    Ack_in
    U7                   IBUF (Prop_ibuf_I_O)         0.915     0.915 f  Ack_in_IBUF_inst/O
                         net (fo=2, routed)           4.929     5.843    cc/c/Ack_in
    SLICE_X76Y44         LUT4 (Prop_lut4_I3_O)        0.124     5.967 r  cc/c/nand3_out_inferred_i_1/O
                         net (fo=2, routed)           0.859     6.826    cc/c/nand3_out
    SLICE_X76Y44         LUT3 (Prop_lut3_I2_O)        0.124     6.950 f  cc/c/nand2_out_inferred_i_1/O
                         net (fo=1, routed)           0.158     7.108    cc/c/nand2_out
    SLICE_X76Y44         LUT2 (Prop_lut2_I1_O)        0.124     7.232 r  cc/c/nand1_out_inferred_i_1/O
                         net (fo=3, routed)           0.725     7.957    cc/c/delay2/din
    SLICE_X77Y44         LUT1 (Prop_lut1_I0_O)        0.124     8.081 r  cc/c/delay2/buf_inst_begin/O
                         net (fo=1, routed)           0.264     8.345    cc/c/delay2/t[0]
    SLICE_X77Y44         LUT1 (Prop_lut1_I0_O)        0.124     8.469 r  cc/c/delay2/delay_loop[0].buf_inst/O
                         net (fo=1, routed)           0.707     9.176    cc/c/delay2/t[1]
    SLICE_X76Y44         LUT1 (Prop_lut1_I0_O)        0.124     9.300 r  cc/c/delay2/delay_loop[1].buf_inst/O
                         net (fo=1, routed)           0.640     9.940    cc/c/delay2/t[2]
    SLICE_X78Y45         LUT1 (Prop_lut1_I0_O)        0.124    10.064 r  cc/c/delay2/delay_loop[2].buf_inst/O
                         net (fo=1, routed)           0.279    10.343    cc/c/delay2/t[3]
    SLICE_X78Y45         LUT1 (Prop_lut1_I0_O)        0.124    10.467 r  cc/c/delay2/delay_loop[3].buf_inst/O
                         net (fo=1, routed)           0.158    10.625    cc/c/delay2/t[4]
    SLICE_X78Y45         LUT1 (Prop_lut1_I0_O)        0.124    10.749 r  cc/c/delay2/delay_loop[4].buf_inst/O
                         net (fo=1, routed)           0.433    11.182    cc/c/delay2/t[5]
    SLICE_X78Y45         LUT1 (Prop_lut1_I0_O)        0.124    11.306 r  cc/c/delay2/delay_loop[5].buf_inst/O
                         net (fo=1, routed)           0.873    12.179    cc/c/delay2/t[6]
    SLICE_X79Y45         LUT1 (Prop_lut1_I0_O)        0.124    12.303 r  cc/c/delay2/buf_inst_end/O
                         net (fo=1, routed)           0.640    12.943    cc/c/LB_out
    SLICE_X79Y47         LUT1 (Prop_lut1_I0_O)        0.124    13.067 f  cc/c/Ack_out_INST_0/O
                         net (fo=1, routed)           0.433    13.500    cc/b/Ack_in_a
    SLICE_X79Y47         LUT2 (Prop_lut2_I0_O)        0.124    13.624 f  cc/b/and_out_inferred_i_1/O
                         net (fo=2, routed)           0.800    14.423    cc/b/c0/Ack_in
    SLICE_X81Y48         LUT4 (Prop_lut4_I3_O)        0.124    14.547 r  cc/b/c0/nand3_out_inferred_i_1/O
                         net (fo=2, routed)           0.275    14.822    cc/b/c0/nand3_out
    SLICE_X81Y48         LUT3 (Prop_lut3_I2_O)        0.124    14.946 f  cc/b/c0/nand2_out_inferred_i_1/O
                         net (fo=1, routed)           0.656    15.602    cc/b/c0/nand2_out
    SLICE_X80Y48         LUT2 (Prop_lut2_I1_O)        0.124    15.726 r  cc/b/c0/nand1_out_inferred_i_1/O
                         net (fo=3, routed)           0.701    16.427    cc/b/c0/delay2/din
    SLICE_X82Y49         LUT1 (Prop_lut1_I0_O)        0.124    16.551 r  cc/b/c0/delay2/buf_inst_begin/O
                         net (fo=1, routed)           1.015    17.566    cc/b/c0/delay2/t[0]
    SLICE_X82Y52         LUT1 (Prop_lut1_I0_O)        0.148    17.714 r  cc/b/c0/delay2/delay_loop[0].buf_inst/O
                         net (fo=1, routed)           1.035    18.749    cc/b/c0/delay2/t[1]
    SLICE_X82Y52         LUT1 (Prop_lut1_I0_O)        0.356    19.105 r  cc/b/c0/delay2/delay_loop[1].buf_inst/O
                         net (fo=1, routed)           0.848    19.953    cc/b/c0/delay2/t[2]
    SLICE_X82Y52         LUT1 (Prop_lut1_I0_O)        0.377    20.330 r  cc/b/c0/delay2/delay_loop[2].buf_inst/O
                         net (fo=1, routed)           0.692    21.022    cc/b/c0/delay2/t[3]
    SLICE_X82Y52         LUT1 (Prop_lut1_I0_O)        0.331    21.353 r  cc/b/c0/delay2/buf_inst_end/O
                         net (fo=1, routed)           0.282    21.635    cc/b/c0/LB_out
    SLICE_X82Y52         LUT1 (Prop_lut1_I0_O)        0.124    21.759 f  cc/b/c0/Ack_out_INST_0/O
                         net (fo=4, routed)           0.326    22.085    cc/copy/Ack_in
    SLICE_X84Y51         LUT3 (Prop_lut3_I0_O)        0.124    22.209 f  cc/copy/and2_out_inferred_i_1/O
                         net (fo=2, routed)           0.552    22.761    cc/copy/CF1/Ack_in
    SLICE_X85Y54         LUT4 (Prop_lut4_I3_O)        0.124    22.885 r  cc/copy/CF1/nand3_out_inferred_i_1/O
                         net (fo=2, routed)           0.323    23.208    cc/copy/CF1/nand3_out
    SLICE_X86Y54         LUT3 (Prop_lut3_I2_O)        0.124    23.332 f  cc/copy/CF1/nand2_out_inferred_i_1/O
                         net (fo=1, routed)           0.286    23.619    cc/copy/CF1/nand2_out
    SLICE_X86Y54         LUT2 (Prop_lut2_I1_O)        0.124    23.743 r  cc/copy/CF1/nand1_out_inferred_i_1/O
                         net (fo=3, routed)           0.677    24.420    cc/copy/CF1/delay2/din
    SLICE_X87Y54         LUT1 (Prop_lut1_I0_O)        0.124    24.544 r  cc/copy/CF1/delay2/buf_inst_begin/O
                         net (fo=1, routed)           0.149    24.693    cc/copy/CF1/delay2/t[0]
    SLICE_X87Y54         LUT1 (Prop_lut1_I0_O)        0.124    24.817 r  cc/copy/CF1/delay2/delay_loop[0].buf_inst/O
                         net (fo=1, routed)           0.303    25.120    cc/copy/CF1/delay2/t[1]
    SLICE_X85Y54         LUT1 (Prop_lut1_I0_O)        0.124    25.244 r  cc/copy/CF1/delay2/delay_loop[1].buf_inst/O
                         net (fo=1, routed)           0.575    25.819    cc/copy/CF1/delay2/t[2]
    SLICE_X85Y54         LUT1 (Prop_lut1_I0_O)        0.150    25.969 r  cc/copy/CF1/delay2/delay_loop[2].buf_inst/O
                         net (fo=1, routed)           0.493    26.462    cc/copy/CF1/delay2/t[3]
    SLICE_X86Y50         LUT1 (Prop_lut1_I0_O)        0.326    26.788 r  cc/copy/CF1/delay2/buf_inst_end/O
                         net (fo=1, routed)           0.494    27.282    cc/copy/CF1/LB_out
    SLICE_X86Y50         LUT1 (Prop_lut1_I0_O)        0.124    27.406 f  cc/copy/CF1/Ack_out_INST_0/O
                         net (fo=2, routed)           1.181    28.587    cc/ma/Ack_in
    SLICE_X84Y46         LUT4 (Prop_lut4_I3_O)        0.124    28.711 r  cc/ma/nand3_out_inferred_i_1/O
                         net (fo=2, routed)           0.289    29.000    cc/ma/nand3_out
    SLICE_X84Y46         LUT3 (Prop_lut3_I2_O)        0.124    29.124 f  cc/ma/nand2_out_inferred_i_1/O
                         net (fo=1, routed)           0.656    29.780    cc/ma/nand2_out
    SLICE_X85Y46         LUT2 (Prop_lut2_I1_O)        0.124    29.904 r  cc/ma/nand1_out_inferred_i_1/O
                         net (fo=3, routed)           1.040    30.944    cc/ma/delay2/din
    SLICE_X79Y42         LUT1 (Prop_lut1_I0_O)        0.124    31.068 r  cc/ma/delay2/buf_inst_begin/O
                         net (fo=1, routed)           0.433    31.501    cc/ma/delay2/t[0]
    SLICE_X79Y42         LUT1 (Prop_lut1_I0_O)        0.124    31.625 r  cc/ma/delay2/delay_loop[0].buf_inst/O
                         net (fo=1, routed)           0.665    32.290    cc/ma/delay2/t[1]
    SLICE_X79Y42         LUT1 (Prop_lut1_I0_O)        0.152    32.442 r  cc/ma/delay2/delay_loop[1].buf_inst/O
                         net (fo=1, routed)           0.582    33.024    cc/ma/delay2/t[2]
    SLICE_X78Y41         LUT1 (Prop_lut1_I0_O)        0.326    33.350 r  cc/ma/delay2/delay_loop[2].buf_inst/O
                         net (fo=1, routed)           0.433    33.784    cc/ma/delay2/t[3]
    SLICE_X78Y41         LUT1 (Prop_lut1_I0_O)        0.124    33.908 r  cc/ma/delay2/delay_loop[3].buf_inst/O
                         net (fo=1, routed)           0.873    34.780    cc/ma/delay2/t[4]
    SLICE_X79Y41         LUT1 (Prop_lut1_I0_O)        0.124    34.904 r  cc/ma/delay2/delay_loop[4].buf_inst/O
                         net (fo=1, routed)           0.264    35.169    cc/ma/delay2/t[5]
    SLICE_X79Y41         LUT1 (Prop_lut1_I0_O)        0.124    35.293 r  cc/ma/delay2/delay_loop[5].buf_inst/O
                         net (fo=1, routed)           0.149    35.442    cc/ma/delay2/t[6]
    SLICE_X79Y41         LUT1 (Prop_lut1_I0_O)        0.124    35.566 r  cc/ma/delay2/delay_loop[6].buf_inst/O
                         net (fo=1, routed)           0.433    35.999    cc/ma/delay2/t[7]
    SLICE_X79Y41         LUT1 (Prop_lut1_I0_O)        0.124    36.123 r  cc/ma/delay2/delay_loop[7].buf_inst/O
                         net (fo=1, routed)           0.873    36.996    cc/ma/delay2/t[8]
    SLICE_X78Y41         LUT1 (Prop_lut1_I0_O)        0.124    37.120 r  cc/ma/delay2/buf_inst_end/O
                         net (fo=1, routed)           0.444    37.564    cc/ma/LB_out
    SLICE_X78Y41         LUT1 (Prop_lut1_I0_O)        0.124    37.688 f  cc/ma/Ack_out_INST_0/O
                         net (fo=1, routed)           0.756    38.444    cc/fp/Ack_in
    SLICE_X82Y41         LUT2 (Prop_lut2_I0_O)        0.124    38.568 f  cc/fp/and_out_inferred_i_1/O
                         net (fo=2, routed)           1.127    39.695    cc/fp/c0/Ack_in
    SLICE_X86Y37         LUT4 (Prop_lut4_I3_O)        0.124    39.819 r  cc/fp/c0/nand3_out_inferred_i_1/O
                         net (fo=2, routed)           0.817    40.636    cc/fp/c0/nand3_out
    SLICE_X84Y37         LUT3 (Prop_lut3_I2_O)        0.124    40.760 f  cc/fp/c0/nand2_out_inferred_i_1/O
                         net (fo=1, routed)           0.492    41.252    cc/fp/c0/nand2_out
    SLICE_X85Y37         LUT2 (Prop_lut2_I1_O)        0.124    41.376 r  cc/fp/c0/nand1_out_inferred_i_1/O
                         net (fo=3, routed)           0.831    42.207    cc/fp/c0/delay2/din
    SLICE_X85Y36         LUT1 (Prop_lut1_I0_O)        0.124    42.331 r  cc/fp/c0/delay2/buf_inst_begin/O
                         net (fo=1, routed)           0.873    43.204    cc/fp/c0/delay2/t[0]
    SLICE_X84Y36         LUT1 (Prop_lut1_I0_O)        0.124    43.328 r  cc/fp/c0/delay2/delay_loop[0].buf_inst/O
                         net (fo=1, routed)           0.158    43.486    cc/fp/c0/delay2/t[1]
    SLICE_X84Y36         LUT1 (Prop_lut1_I0_O)        0.124    43.610 r  cc/fp/c0/delay2/delay_loop[1].buf_inst/O
                         net (fo=1, routed)           0.433    44.043    cc/fp/c0/delay2/t[2]
    SLICE_X84Y36         LUT1 (Prop_lut1_I0_O)        0.124    44.167 r  cc/fp/c0/delay2/delay_loop[2].buf_inst/O
                         net (fo=1, routed)           0.674    44.842    cc/fp/c0/delay2/t[3]
    SLICE_X84Y36         LUT1 (Prop_lut1_I0_O)        0.124    44.966 r  cc/fp/c0/delay2/buf_inst_end/O
                         net (fo=1, routed)           0.639    45.605    cc/fp/c0/LB_out
    SLICE_X85Y37         LUT1 (Prop_lut1_I0_O)        0.124    45.729 f  cc/fp/c0/Ack_out_INST_0/O
                         net (fo=2, routed)           0.947    46.676    cc/ps/Ack_in
    SLICE_X82Y39         LUT4 (Prop_lut4_I3_O)        0.124    46.800 r  cc/ps/nand3_out_inferred_i_1/O
                         net (fo=2, routed)           0.299    47.099    cc/ps/nand3_out
    SLICE_X82Y39         LUT3 (Prop_lut3_I2_O)        0.124    47.223 f  cc/ps/nand2_out_inferred_i_1/O
                         net (fo=1, routed)           0.161    47.384    cc/ps/nand2_out
    SLICE_X82Y39         LUT2 (Prop_lut2_I1_O)        0.124    47.508 r  cc/ps/nand1_out_inferred_i_1/O
                         net (fo=3, routed)           0.843    48.351    cc/ps/delay2/din
    SLICE_X81Y40         LUT1 (Prop_lut1_I0_O)        0.124    48.475 r  cc/ps/delay2/buf_inst_begin/O
                         net (fo=1, routed)           0.264    48.739    cc/ps/delay2/t[0]
    SLICE_X81Y40         LUT1 (Prop_lut1_I0_O)        0.124    48.863 r  cc/ps/delay2/delay_loop[0].buf_inst/O
                         net (fo=1, routed)           0.149    49.012    cc/ps/delay2/t[1]
    SLICE_X81Y40         LUT1 (Prop_lut1_I0_O)        0.124    49.136 r  cc/ps/delay2/delay_loop[1].buf_inst/O
                         net (fo=1, routed)           0.433    49.569    cc/ps/delay2/t[2]
    SLICE_X81Y40         LUT1 (Prop_lut1_I0_O)        0.124    49.693 r  cc/ps/delay2/delay_loop[2].buf_inst/O
                         net (fo=1, routed)           0.302    49.996    cc/ps/delay2/t[3]
    SLICE_X80Y41         LUT1 (Prop_lut1_I0_O)        0.124    50.120 r  cc/ps/delay2/delay_loop[3].buf_inst/O
                         net (fo=1, routed)           0.873    50.993    cc/ps/delay2/t[4]
    SLICE_X81Y41         LUT1 (Prop_lut1_I0_O)        0.124    51.117 r  cc/ps/delay2/delay_loop[4].buf_inst/O
                         net (fo=1, routed)           0.264    51.381    cc/ps/delay2/t[5]
    SLICE_X81Y41         LUT1 (Prop_lut1_I0_O)        0.124    51.505 r  cc/ps/delay2/delay_loop[5].buf_inst/O
                         net (fo=1, routed)           0.149    51.654    cc/ps/delay2/t[6]
    SLICE_X81Y41         LUT1 (Prop_lut1_I0_O)        0.124    51.778 r  cc/ps/delay2/delay_loop[6].buf_inst/O
                         net (fo=1, routed)           0.433    52.211    cc/ps/delay2/t[7]
    SLICE_X81Y41         LUT1 (Prop_lut1_I0_O)        0.124    52.335 r  cc/ps/delay2/delay_loop[7].buf_inst/O
                         net (fo=1, routed)           0.502    52.837    cc/ps/delay2/t[8]
    SLICE_X80Y41         LUT1 (Prop_lut1_I0_O)        0.124    52.961 r  cc/ps/delay2/buf_inst_end/O
                         net (fo=1, routed)           0.159    53.120    cc/ps/LB_out
    SLICE_X80Y41         LUT1 (Prop_lut1_I0_O)        0.124    53.244 f  cc/ps/Ack_out_INST_0/O
                         net (fo=1, routed)           0.444    53.688    cc/mmram/Ack_in
    SLICE_X80Y41         LUT2 (Prop_lut2_I0_O)        0.124    53.812 f  cc/mmram/and_out_inferred_i_1/O
                         net (fo=2, routed)           0.938    54.750    cc/mmram/c0/Ack_in
    SLICE_X79Y43         LUT4 (Prop_lut4_I3_O)        0.124    54.874 r  cc/mmram/c0/nand3_out_inferred_i_1/O
                         net (fo=2, routed)           0.517    55.390    cc/mmram/c0/nand3_out
    SLICE_X78Y43         LUT3 (Prop_lut3_I2_O)        0.124    55.514 f  cc/mmram/c0/nand2_out_inferred_i_1/O
                         net (fo=1, routed)           0.279    55.793    cc/mmram/c0/nand2_out
    SLICE_X78Y43         LUT2 (Prop_lut2_I1_O)        0.124    55.917 r  cc/mmram/c0/nand1_out_inferred_i_1/O
                         net (fo=3, routed)           1.119    57.036    cc/mmram/c0/delay2/din
    SLICE_X81Y46         LUT1 (Prop_lut1_I0_O)        0.124    57.160 r  cc/mmram/c0/delay2/buf_inst_begin/O
                         net (fo=1, routed)           0.667    57.827    cc/mmram/c0/delay2/t[0]
    SLICE_X81Y46         LUT1 (Prop_lut1_I0_O)        0.152    57.979 r  cc/mmram/c0/delay2/delay_loop[0].buf_inst/O
                         net (fo=1, routed)           0.267    58.245    cc/mmram/c0/delay2/t[1]
    SLICE_X81Y46         LUT1 (Prop_lut1_I0_O)        0.328    58.573 r  cc/mmram/c0/delay2/delay_loop[1].buf_inst/O
                         net (fo=1, routed)           0.674    59.248    cc/mmram/c0/delay2/t[2]
    SLICE_X81Y46         LUT1 (Prop_lut1_I0_O)        0.352    59.600 r  cc/mmram/c0/delay2/delay_loop[2].buf_inst/O
                         net (fo=1, routed)           0.436    60.036    cc/mmram/c0/delay2/t[3]
    SLICE_X81Y46         LUT1 (Prop_lut1_I0_O)        0.358    60.394 r  cc/mmram/c0/delay2/buf_inst_end/O
                         net (fo=1, routed)           0.433    60.827    cc/mmram/c0/LB_out
    SLICE_X81Y46         LUT1 (Prop_lut1_I0_O)        0.326    61.153 f  cc/mmram/c0/Ack_out_INST_0/O
                         net (fo=2, routed)           0.812    61.965    cc/mmcam/Ack_in
    SLICE_X83Y46         LUT4 (Prop_lut4_I3_O)        0.124    62.089 r  cc/mmcam/nand3_out_inferred_i_1/O
                         net (fo=2, routed)           0.264    62.353    cc/mmcam/nand3_out
    SLICE_X83Y46         LUT3 (Prop_lut3_I2_O)        0.124    62.477 f  cc/mmcam/nand2_out_inferred_i_1/O
                         net (fo=1, routed)           0.154    62.631    cc/mmcam/nand2_out
    SLICE_X83Y46         LUT2 (Prop_lut2_I1_O)        0.124    62.755 r  cc/mmcam/nand1_out_inferred_i_1/O
                         net (fo=3, routed)           1.015    63.771    cc/mmcam/delay2/din
    SLICE_X80Y46         LUT1 (Prop_lut1_I0_O)        0.124    63.895 r  cc/mmcam/delay2/buf_inst_begin/O
                         net (fo=1, routed)           0.279    64.174    cc/mmcam/delay2/t[0]
    SLICE_X80Y46         LUT1 (Prop_lut1_I0_O)        0.124    64.298 r  cc/mmcam/delay2/delay_loop[0].buf_inst/O
                         net (fo=1, routed)           0.853    65.150    cc/mmcam/delay2/t[1]
    SLICE_X80Y46         LUT1 (Prop_lut1_I0_O)        0.124    65.274 r  cc/mmcam/delay2/delay_loop[1].buf_inst/O
                         net (fo=1, routed)           0.433    65.708    cc/mmcam/delay2/t[2]
    SLICE_X80Y46         LUT1 (Prop_lut1_I0_O)        0.124    65.832 r  cc/mmcam/delay2/delay_loop[2].buf_inst/O
                         net (fo=1, routed)           0.674    66.506    cc/mmcam/delay2/t[3]
    SLICE_X80Y46         LUT1 (Prop_lut1_I0_O)        0.152    66.658 r  cc/mmcam/delay2/delay_loop[3].buf_inst/O
                         net (fo=1, routed)           0.851    67.509    cc/mmcam/delay2/t[4]
    SLICE_X80Y46         LUT1 (Prop_lut1_I0_O)        0.354    67.863 r  cc/mmcam/delay2/delay_loop[4].buf_inst/O
                         net (fo=1, routed)           0.288    68.151    cc/mmcam/delay2/t[5]
    SLICE_X80Y46         LUT1 (Prop_lut1_I0_O)        0.328    68.479 r  cc/mmcam/delay2/delay_loop[5].buf_inst/O
                         net (fo=1, routed)           0.674    69.153    cc/mmcam/delay2/t[6]
    SLICE_X80Y46         LUT1 (Prop_lut1_I0_O)        0.352    69.505 r  cc/mmcam/delay2/delay_loop[6].buf_inst/O
                         net (fo=1, routed)           0.737    70.242    cc/mmcam/delay2/t[7]
    SLICE_X76Y46         LUT1 (Prop_lut1_I0_O)        0.361    70.603 r  cc/mmcam/delay2/delay_loop[7].buf_inst/O
                         net (fo=1, routed)           0.283    70.886    cc/mmcam/delay2/t[8]
    SLICE_X76Y46         LUT1 (Prop_lut1_I0_O)        0.322    71.208 r  cc/mmcam/delay2/buf_inst_end/O
                         net (fo=1, routed)           0.283    71.491    cc/mmcam/LB_out
    SLICE_X76Y46         LUT1 (Prop_lut1_I0_O)        0.332    71.823 f  cc/mmcam/Ack_out_INST_0/O
                         net (fo=4, routed)           0.828    72.651    cc/m/CJ2/Ack_in
    SLICE_X77Y47         LUT6 (Prop_lut6_I4_O)        0.124    72.775 r  cc/m/CJ2/nand3_out_inferred_i_1/O
                         net (fo=2, routed)           0.517    73.291    cc/m/CJ2/nand3_out
    SLICE_X76Y47         LUT3 (Prop_lut3_I2_O)        0.124    73.415 f  cc/m/CJ2/nand2_out_inferred_i_1/O
                         net (fo=1, routed)           0.669    74.084    cc/m/CJ2/nand2_out
    SLICE_X76Y47         LUT2 (Prop_lut2_I1_O)        0.124    74.208 r  cc/m/CJ2/nand1_out_inferred_i_1/O
                         net (fo=3, routed)           0.328    74.536    cc/m/CJ2/delay2/din
    SLICE_X74Y47         LUT1 (Prop_lut1_I0_O)        0.124    74.660 r  cc/m/CJ2/delay2/buf_inst_begin/O
                         net (fo=1, routed)           0.433    75.094    cc/m/CJ2/delay2/t[0]
    SLICE_X74Y47         LUT1 (Prop_lut1_I0_O)        0.124    75.218 r  cc/m/CJ2/delay2/delay_loop[0].buf_inst/O
                         net (fo=1, routed)           0.647    75.864    cc/m/CJ2/delay2/t[1]
    SLICE_X76Y48         LUT1 (Prop_lut1_I0_O)        0.124    75.988 r  cc/m/CJ2/delay2/delay_loop[1].buf_inst/O
                         net (fo=1, routed)           0.853    76.841    cc/m/CJ2/delay2/t[2]
    SLICE_X76Y48         LUT1 (Prop_lut1_I0_O)        0.124    76.965 r  cc/m/CJ2/delay2/delay_loop[2].buf_inst/O
                         net (fo=1, routed)           0.433    77.398    cc/m/CJ2/delay2/t[3]
    SLICE_X76Y48         LUT1 (Prop_lut1_I0_O)        0.124    77.522 r  cc/m/CJ2/delay2/delay_loop[3].buf_inst/O
                         net (fo=1, routed)           0.674    78.196    cc/m/CJ2/delay2/t[4]
    SLICE_X76Y48         LUT1 (Prop_lut1_I0_O)        0.152    78.348 r  cc/m/CJ2/delay2/delay_loop[4].buf_inst/O
                         net (fo=1, routed)           0.851    79.200    cc/m/CJ2/delay2/t[5]
    SLICE_X76Y48         LUT1 (Prop_lut1_I0_O)        0.354    79.554 r  cc/m/CJ2/delay2/delay_loop[5].buf_inst/O
                         net (fo=1, routed)           0.288    79.841    cc/m/CJ2/delay2/t[6]
    SLICE_X76Y48         LUT1 (Prop_lut1_I0_O)        0.328    80.169 r  cc/m/CJ2/delay2/delay_loop[6].buf_inst/O
                         net (fo=1, routed)           0.674    80.843    cc/m/CJ2/delay2/t[7]
    SLICE_X76Y48         LUT1 (Prop_lut1_I0_O)        0.352    81.195 r  cc/m/CJ2/delay2/delay_loop[7].buf_inst/O
                         net (fo=1, routed)           0.568    81.764    cc/m/CJ2/delay2/t[8]
    SLICE_X79Y48         LUT1 (Prop_lut1_I0_O)        0.332    82.096 r  cc/m/CJ2/delay2/buf_inst_end/O
                         net (fo=1, routed)           0.574    82.670    cc/m/CJ2/LB_out
    SLICE_X78Y47         LUT1 (Prop_lut1_I0_O)        0.124    82.794 f  cc/m/CJ2/Ack_out_INST_0/O
                         net (fo=2, routed)           0.679    83.473    cc/m/Ack_out_b
    SLICE_X78Y47         LUT3 (Prop_lut3_I1_O)        0.124    83.597 r  cc/m/nand4_out_inferred_i_1/O
                         net (fo=1, routed)           0.444    84.041    cc/m/nand4_out
    SLICE_X78Y47         LUT3 (Prop_lut3_I0_O)        0.124    84.165 f  cc/m/nand3_out_inferred_i_1/O
                         net (fo=2, routed)           0.679    84.844    cc/m/nand3_out
    SLICE_X78Y47         LUT2 (Prop_lut2_I0_O)        0.124    84.968 r  cc/m/nand6_out_inferred_i_1/O
                         net (fo=2, routed)           0.814    85.782    cc/m/nand6_out
    SLICE_X78Y46         LUT3 (Prop_lut3_I2_O)        0.124    85.906 f  cc/m/nand5_out_inferred_i_1/O
                         net (fo=2, routed)           0.802    86.708    cc/m/nand5_out
    SLICE_X77Y46         LUT2 (Prop_lut2_I0_O)        0.124    86.832 r  cc/m/nand7_out_inferred_i_1/O
                         net (fo=2, routed)           0.306    87.138    cc/m/nand7_out
    SLICE_X78Y46         LUT3 (Prop_lut3_I2_O)        0.124    87.262 f  cc/m/nand8_out_inferred_i_1/O
                         net (fo=2, routed)           0.991    88.253    cc/m/CJ1/g
    SLICE_X76Y46         LUT6 (Prop_lut6_I3_O)        0.124    88.377 r  cc/m/CJ1/nand3_out_inferred_i_1/O
                         net (fo=2, routed)           0.680    89.057    cc/m/CJ1/nand3_out
    SLICE_X76Y46         LUT2 (Prop_lut2_I0_O)        0.124    89.181 f  cc/m/CJ1/nand4_out_inferred_i_1/O
                         net (fo=1, routed)           0.848    90.029    cc/m/CJ1/nand4_out
    SLICE_X76Y46         LUT3 (Prop_lut3_I0_O)        0.124    90.153 r  cc/m/CJ1/nand5_out_inferred_i_1/O
                         net (fo=3, routed)           0.809    90.962    cc/m/CJ1/nand5_out
    SLICE_X76Y49         LUT1 (Prop_lut1_I0_O)        0.124    91.086 f  cc/m/CJ1/cp_INST_0/O
                         net (fo=55, routed)          0.647    91.733    cc/m/cp1
    SLICE_X78Y48         LUT1 (Prop_lut1_I0_O)        0.124    91.857 r  cc/m/z1_inferred_i_1/O
                         net (fo=3, routed)           0.171    92.028    cc/m/z1
    SLICE_X78Y48         LUT2 (Prop_lut2_I0_O)        0.124    92.152 r  cc/m/nor2_out_inferred_i_1/O
                         net (fo=55, routed)          4.305    96.456    m/SEL
    SLICE_X111Y78        LUT3 (Prop_lut3_I2_O)        0.124    96.580 r  m/PACKET_OUT[38]_INST_0/O
                         net (fo=129, routed)         7.515   104.095    mmcam/entry_fd_loop[14].ef/color_gen_dest_LR[3]
    SLICE_X102Y54        LUT6 (Prop_lut6_I3_O)        0.124   104.219 r  mmcam/entry_fd_loop[14].ef/FIRE_INST_0_i_8/O
                         net (fo=1, routed)           0.000   104.219    mmcam/entry_fd_loop[14].ef/FIRE_INST_0_i_8_n_0
    SLICE_X102Y54        CARRY4 (Prop_carry4_S[0]_CO[3])
                                                      0.513   104.732 r  mmcam/entry_fd_loop[14].ef/FIRE_INST_0_i_2/CO[3]
                         net (fo=1, routed)           0.000   104.732    mmcam/entry_fd_loop[14].ef/FIRE_INST_0_i_2_n_0
    SLICE_X102Y55        CARRY4 (Prop_carry4_CI_CO[1])
                                                      0.157   104.889 f  mmcam/entry_fd_loop[14].ef/FIRE_INST_0_i_1/CO[1]
                         net (fo=2, routed)           1.008   105.897    mmcam/entry_fd_loop[14].ef/FIRE1
    SLICE_X101Y62        LUT4 (Prop_lut4_I1_O)        0.332   106.229 f  mmcam/entry_fd_loop[14].ef/FIRE_INST_0/O
                         net (fo=4, routed)           0.578   106.806    mmcam/am_or_ma/FIRE[14]
    SLICE_X99Y61         LUT6 (Prop_lut6_I1_O)        0.124   106.930 f  mmcam/am_or_ma/R_ADDR_inferred_i_30/O
                         net (fo=7, routed)           1.247   108.178    mmcam/am_or_ma/R_ADDR_inferred_i_30_n_0
    SLICE_X105Y62        LUT4 (Prop_lut4_I3_O)        0.124   108.302 f  mmcam/am_or_ma/R_ADDR_inferred_i_41/O
                         net (fo=3, routed)           1.197   109.499    mmcam/am_or_ma/R_ADDR_inferred_i_41_n_0
    SLICE_X108Y62        LUT6 (Prop_lut6_I0_O)        0.124   109.623 f  mmcam/am_or_ma/FIRE_OR_inferred_i_7/O
                         net (fo=3, routed)           0.554   110.176    mmcam/am_or_ma/FIRE_OR_inferred_i_7_n_0
    SLICE_X104Y62        LUT6 (Prop_lut6_I1_O)        0.124   110.300 f  mmcam/am_or_ma/FIRE_OR_inferred_i_5/O
                         net (fo=2, routed)           0.542   110.843    mmcam/am_or_ma/FIRE_OR_inferred_i_5_n_0
    SLICE_X106Y63        LUT4 (Prop_lut4_I3_O)        0.124   110.967 f  mmcam/am_or_ma/FIRE_OR_inferred_i_1/O
                         net (fo=31, routed)          1.953   112.920    mmcam/am_or_ma/FIRE_OR
    SLICE_X93Y63         LUT3 (Prop_lut3_I0_O)        0.124   113.044 r  mmcam/am_or_ma/EN[61]_INST_0_i_2/O
                         net (fo=30, routed)          1.875   114.918    mmcam/am_or_ma/EN[61]_INST_0_i_2_n_0
    SLICE_X102Y68        LUT6 (Prop_lut6_I0_O)        0.124   115.042 f  mmcam/am_or_ma/EN[52]_INST_0_i_1/O
                         net (fo=1, routed)           1.140   116.182    mmcam/am_or_ma/EN[52]_INST_0_i_1_n_0
    SLICE_X100Y65        LUT6 (Prop_lut6_I1_O)        0.124   116.306 r  mmcam/am_or_ma/EN[52]_INST_0/O
                         net (fo=20, routed)          1.547   117.853    mmcam/entry_fd_loop[52].ef/EN
    SLICE_X106Y71        FDRE                                         r  mmcam/entry_fd_loop[52].ef/ENTRY_reg[10]/CE
  -------------------------------------------------------------------    -------------------

Slack:                    inf
  Source:                 Ack_in
                            (input port)
  Destination:            mmcam/entry_fd_loop[52].ef/ENTRY_reg[1]/CE
  Path Group:             (none)
  Path Type:              Max at Slow Process Corner
  Data Path Delay:        117.853ns  (logic 22.338ns (18.954%)  route 95.515ns (81.046%))
  Logic Levels:           134  (CARRY4=2 IBUF=1 LUT1=79 LUT2=16 LUT3=17 LUT4=11 LUT6=8)

    Location             Delay type                Incr(ns)  Path(ns)    Netlist Resource(s)
  -------------------------------------------------------------------    -------------------
    U7                                                0.000     0.000 f  Ack_in (IN)
                         net (fo=0)                   0.000     0.000    Ack_in
    U7                   IBUF (Prop_ibuf_I_O)         0.915     0.915 f  Ack_in_IBUF_inst/O
                         net (fo=2, routed)           4.929     5.843    cc/c/Ack_in
    SLICE_X76Y44         LUT4 (Prop_lut4_I3_O)        0.124     5.967 r  cc/c/nand3_out_inferred_i_1/O
                         net (fo=2, routed)           0.859     6.826    cc/c/nand3_out
    SLICE_X76Y44         LUT3 (Prop_lut3_I2_O)        0.124     6.950 f  cc/c/nand2_out_inferred_i_1/O
                         net (fo=1, routed)           0.158     7.108    cc/c/nand2_out
    SLICE_X76Y44         LUT2 (Prop_lut2_I1_O)        0.124     7.232 r  cc/c/nand1_out_inferred_i_1/O
                         net (fo=3, routed)           0.725     7.957    cc/c/delay2/din
    SLICE_X77Y44         LUT1 (Prop_lut1_I0_O)        0.124     8.081 r  cc/c/delay2/buf_inst_begin/O
                         net (fo=1, routed)           0.264     8.345    cc/c/delay2/t[0]
    SLICE_X77Y44         LUT1 (Prop_lut1_I0_O)        0.124     8.469 r  cc/c/delay2/delay_loop[0].buf_inst/O
                         net (fo=1, routed)           0.707     9.176    cc/c/delay2/t[1]
    SLICE_X76Y44         LUT1 (Prop_lut1_I0_O)        0.124     9.300 r  cc/c/delay2/delay_loop[1].buf_inst/O
                         net (fo=1, routed)           0.640     9.940    cc/c/delay2/t[2]
    SLICE_X78Y45         LUT1 (Prop_lut1_I0_O)        0.124    10.064 r  cc/c/delay2/delay_loop[2].buf_inst/O
                         net (fo=1, routed)           0.279    10.343    cc/c/delay2/t[3]
    SLICE_X78Y45         LUT1 (Prop_lut1_I0_O)        0.124    10.467 r  cc/c/delay2/delay_loop[3].buf_inst/O
                         net (fo=1, routed)           0.158    10.625    cc/c/delay2/t[4]
    SLICE_X78Y45         LUT1 (Prop_lut1_I0_O)        0.124    10.749 r  cc/c/delay2/delay_loop[4].buf_inst/O
                         net (fo=1, routed)           0.433    11.182    cc/c/delay2/t[5]
    SLICE_X78Y45         LUT1 (Prop_lut1_I0_O)        0.124    11.306 r  cc/c/delay2/delay_loop[5].buf_inst/O
                         net (fo=1, routed)           0.873    12.179    cc/c/delay2/t[6]
    SLICE_X79Y45         LUT1 (Prop_lut1_I0_O)        0.124    12.303 r  cc/c/delay2/buf_inst_end/O
                         net (fo=1, routed)           0.640    12.943    cc/c/LB_out
    SLICE_X79Y47         LUT1 (Prop_lut1_I0_O)        0.124    13.067 f  cc/c/Ack_out_INST_0/O
                         net (fo=1, routed)           0.433    13.500    cc/b/Ack_in_a
    SLICE_X79Y47         LUT2 (Prop_lut2_I0_O)        0.124    13.624 f  cc/b/and_out_inferred_i_1/O
                         net (fo=2, routed)           0.800    14.423    cc/b/c0/Ack_in
    SLICE_X81Y48         LUT4 (Prop_lut4_I3_O)        0.124    14.547 r  cc/b/c0/nand3_out_inferred_i_1/O
                         net (fo=2, routed)           0.275    14.822    cc/b/c0/nand3_out
    SLICE_X81Y48         LUT3 (Prop_lut3_I2_O)        0.124    14.946 f  cc/b/c0/nand2_out_inferred_i_1/O
                         net (fo=1, routed)           0.656    15.602    cc/b/c0/nand2_out
    SLICE_X80Y48         LUT2 (Prop_lut2_I1_O)        0.124    15.726 r  cc/b/c0/nand1_out_inferred_i_1/O
                         net (fo=3, routed)           0.701    16.427    cc/b/c0/delay2/din
    SLICE_X82Y49         LUT1 (Prop_lut1_I0_O)        0.124    16.551 r  cc/b/c0/delay2/buf_inst_begin/O
                         net (fo=1, routed)           1.015    17.566    cc/b/c0/delay2/t[0]
    SLICE_X82Y52         LUT1 (Prop_lut1_I0_O)        0.148    17.714 r  cc/b/c0/delay2/delay_loop[0].buf_inst/O
                         net (fo=1, routed)           1.035    18.749    cc/b/c0/delay2/t[1]
    SLICE_X82Y52         LUT1 (Prop_lut1_I0_O)        0.356    19.105 r  cc/b/c0/delay2/delay_loop[1].buf_inst/O
                         net (fo=1, routed)           0.848    19.953    cc/b/c0/delay2/t[2]
    SLICE_X82Y52         LUT1 (Prop_lut1_I0_O)        0.377    20.330 r  cc/b/c0/delay2/delay_loop[2].buf_inst/O
                         net (fo=1, routed)           0.692    21.022    cc/b/c0/delay2/t[3]
    SLICE_X82Y52         LUT1 (Prop_lut1_I0_O)        0.331    21.353 r  cc/b/c0/delay2/buf_inst_end/O
                         net (fo=1, routed)           0.282    21.635    cc/b/c0/LB_out
    SLICE_X82Y52         LUT1 (Prop_lut1_I0_O)        0.124    21.759 f  cc/b/c0/Ack_out_INST_0/O
                         net (fo=4, routed)           0.326    22.085    cc/copy/Ack_in
    SLICE_X84Y51         LUT3 (Prop_lut3_I0_O)        0.124    22.209 f  cc/copy/and2_out_inferred_i_1/O
                         net (fo=2, routed)           0.552    22.761    cc/copy/CF1/Ack_in
    SLICE_X85Y54         LUT4 (Prop_lut4_I3_O)        0.124    22.885 r  cc/copy/CF1/nand3_out_inferred_i_1/O
                         net (fo=2, routed)           0.323    23.208    cc/copy/CF1/nand3_out
    SLICE_X86Y54         LUT3 (Prop_lut3_I2_O)        0.124    23.332 f  cc/copy/CF1/nand2_out_inferred_i_1/O
                         net (fo=1, routed)           0.286    23.619    cc/copy/CF1/nand2_out
    SLICE_X86Y54         LUT2 (Prop_lut2_I1_O)        0.124    23.743 r  cc/copy/CF1/nand1_out_inferred_i_1/O
                         net (fo=3, routed)           0.677    24.420    cc/copy/CF1/delay2/din
    SLICE_X87Y54         LUT1 (Prop_lut1_I0_O)        0.124    24.544 r  cc/copy/CF1/delay2/buf_inst_begin/O
                         net (fo=1, routed)           0.149    24.693    cc/copy/CF1/delay2/t[0]
    SLICE_X87Y54         LUT1 (Prop_lut1_I0_O)        0.124    24.817 r  cc/copy/CF1/delay2/delay_loop[0].buf_inst/O
                         net (fo=1, routed)           0.303    25.120    cc/copy/CF1/delay2/t[1]
    SLICE_X85Y54         LUT1 (Prop_lut1_I0_O)        0.124    25.244 r  cc/copy/CF1/delay2/delay_loop[1].buf_inst/O
                         net (fo=1, routed)           0.575    25.819    cc/copy/CF1/delay2/t[2]
    SLICE_X85Y54         LUT1 (Prop_lut1_I0_O)        0.150    25.969 r  cc/copy/CF1/delay2/delay_loop[2].buf_inst/O
                         net (fo=1, routed)           0.493    26.462    cc/copy/CF1/delay2/t[3]
    SLICE_X86Y50         LUT1 (Prop_lut1_I0_O)        0.326    26.788 r  cc/copy/CF1/delay2/buf_inst_end/O
                         net (fo=1, routed)           0.494    27.282    cc/copy/CF1/LB_out
    SLICE_X86Y50         LUT1 (Prop_lut1_I0_O)        0.124    27.406 f  cc/copy/CF1/Ack_out_INST_0/O
                         net (fo=2, routed)           1.181    28.587    cc/ma/Ack_in
    SLICE_X84Y46         LUT4 (Prop_lut4_I3_O)        0.124    28.711 r  cc/ma/nand3_out_inferred_i_1/O
                         net (fo=2, routed)           0.289    29.000    cc/ma/nand3_out
    SLICE_X84Y46         LUT3 (Prop_lut3_I2_O)        0.124    29.124 f  cc/ma/nand2_out_inferred_i_1/O
                         net (fo=1, routed)           0.656    29.780    cc/ma/nand2_out
    SLICE_X85Y46         LUT2 (Prop_lut2_I1_O)        0.124    29.904 r  cc/ma/nand1_out_inferred_i_1/O
                         net (fo=3, routed)           1.040    30.944    cc/ma/delay2/din
    SLICE_X79Y42         LUT1 (Prop_lut1_I0_O)        0.124    31.068 r  cc/ma/delay2/buf_inst_begin/O
                         net (fo=1, routed)           0.433    31.501    cc/ma/delay2/t[0]
    SLICE_X79Y42         LUT1 (Prop_lut1_I0_O)        0.124    31.625 r  cc/ma/delay2/delay_loop[0].buf_inst/O
                         net (fo=1, routed)           0.665    32.290    cc/ma/delay2/t[1]
    SLICE_X79Y42         LUT1 (Prop_lut1_I0_O)        0.152    32.442 r  cc/ma/delay2/delay_loop[1].buf_inst/O
                         net (fo=1, routed)           0.582    33.024    cc/ma/delay2/t[2]
    SLICE_X78Y41         LUT1 (Prop_lut1_I0_O)        0.326    33.350 r  cc/ma/delay2/delay_loop[2].buf_inst/O
                         net (fo=1, routed)           0.433    33.784    cc/ma/delay2/t[3]
    SLICE_X78Y41         LUT1 (Prop_lut1_I0_O)        0.124    33.908 r  cc/ma/delay2/delay_loop[3].buf_inst/O
                         net (fo=1, routed)           0.873    34.780    cc/ma/delay2/t[4]
    SLICE_X79Y41         LUT1 (Prop_lut1_I0_O)        0.124    34.904 r  cc/ma/delay2/delay_loop[4].buf_inst/O
                         net (fo=1, routed)           0.264    35.169    cc/ma/delay2/t[5]
    SLICE_X79Y41         LUT1 (Prop_lut1_I0_O)        0.124    35.293 r  cc/ma/delay2/delay_loop[5].buf_inst/O
                         net (fo=1, routed)           0.149    35.442    cc/ma/delay2/t[6]
    SLICE_X79Y41         LUT1 (Prop_lut1_I0_O)        0.124    35.566 r  cc/ma/delay2/delay_loop[6].buf_inst/O
                         net (fo=1, routed)           0.433    35.999    cc/ma/delay2/t[7]
    SLICE_X79Y41         LUT1 (Prop_lut1_I0_O)        0.124    36.123 r  cc/ma/delay2/delay_loop[7].buf_inst/O
                         net (fo=1, routed)           0.873    36.996    cc/ma/delay2/t[8]
    SLICE_X78Y41         LUT1 (Prop_lut1_I0_O)        0.124    37.120 r  cc/ma/delay2/buf_inst_end/O
                         net (fo=1, routed)           0.444    37.564    cc/ma/LB_out
    SLICE_X78Y41         LUT1 (Prop_lut1_I0_O)        0.124    37.688 f  cc/ma/Ack_out_INST_0/O
                         net (fo=1, routed)           0.756    38.444    cc/fp/Ack_in
    SLICE_X82Y41         LUT2 (Prop_lut2_I0_O)        0.124    38.568 f  cc/fp/and_out_inferred_i_1/O
                         net (fo=2, routed)           1.127    39.695    cc/fp/c0/Ack_in
    SLICE_X86Y37         LUT4 (Prop_lut4_I3_O)        0.124    39.819 r  cc/fp/c0/nand3_out_inferred_i_1/O
                         net (fo=2, routed)           0.817    40.636    cc/fp/c0/nand3_out
    SLICE_X84Y37         LUT3 (Prop_lut3_I2_O)        0.124    40.760 f  cc/fp/c0/nand2_out_inferred_i_1/O
                         net (fo=1, routed)           0.492    41.252    cc/fp/c0/nand2_out
    SLICE_X85Y37         LUT2 (Prop_lut2_I1_O)        0.124    41.376 r  cc/fp/c0/nand1_out_inferred_i_1/O
                         net (fo=3, routed)           0.831    42.207    cc/fp/c0/delay2/din
    SLICE_X85Y36         LUT1 (Prop_lut1_I0_O)        0.124    42.331 r  cc/fp/c0/delay2/buf_inst_begin/O
                         net (fo=1, routed)           0.873    43.204    cc/fp/c0/delay2/t[0]
    SLICE_X84Y36         LUT1 (Prop_lut1_I0_O)        0.124    43.328 r  cc/fp/c0/delay2/delay_loop[0].buf_inst/O
                         net (fo=1, routed)           0.158    43.486    cc/fp/c0/delay2/t[1]
    SLICE_X84Y36         LUT1 (Prop_lut1_I0_O)        0.124    43.610 r  cc/fp/c0/delay2/delay_loop[1].buf_inst/O
                         net (fo=1, routed)           0.433    44.043    cc/fp/c0/delay2/t[2]
    SLICE_X84Y36         LUT1 (Prop_lut1_I0_O)        0.124    44.167 r  cc/fp/c0/delay2/delay_loop[2].buf_inst/O
                         net (fo=1, routed)           0.674    44.842    cc/fp/c0/delay2/t[3]
    SLICE_X84Y36         LUT1 (Prop_lut1_I0_O)        0.124    44.966 r  cc/fp/c0/delay2/buf_inst_end/O
                         net (fo=1, routed)           0.639    45.605    cc/fp/c0/LB_out
    SLICE_X85Y37         LUT1 (Prop_lut1_I0_O)        0.124    45.729 f  cc/fp/c0/Ack_out_INST_0/O
                         net (fo=2, routed)           0.947    46.676    cc/ps/Ack_in
    SLICE_X82Y39         LUT4 (Prop_lut4_I3_O)        0.124    46.800 r  cc/ps/nand3_out_inferred_i_1/O
                         net (fo=2, routed)           0.299    47.099    cc/ps/nand3_out
    SLICE_X82Y39         LUT3 (Prop_lut3_I2_O)        0.124    47.223 f  cc/ps/nand2_out_inferred_i_1/O
                         net (fo=1, routed)           0.161    47.384    cc/ps/nand2_out
    SLICE_X82Y39         LUT2 (Prop_lut2_I1_O)        0.124    47.508 r  cc/ps/nand1_out_inferred_i_1/O
                         net (fo=3, routed)           0.843    48.351    cc/ps/delay2/din
    SLICE_X81Y40         LUT1 (Prop_lut1_I0_O)        0.124    48.475 r  cc/ps/delay2/buf_inst_begin/O
                         net (fo=1, routed)           0.264    48.739    cc/ps/delay2/t[0]
    SLICE_X81Y40         LUT1 (Prop_lut1_I0_O)        0.124    48.863 r  cc/ps/delay2/delay_loop[0].buf_inst/O
                         net (fo=1, routed)           0.149    49.012    cc/ps/delay2/t[1]
    SLICE_X81Y40         LUT1 (Prop_lut1_I0_O)        0.124    49.136 r  cc/ps/delay2/delay_loop[1].buf_inst/O
                         net (fo=1, routed)           0.433    49.569    cc/ps/delay2/t[2]
    SLICE_X81Y40         LUT1 (Prop_lut1_I0_O)        0.124    49.693 r  cc/ps/delay2/delay_loop[2].buf_inst/O
                         net (fo=1, routed)           0.302    49.996    cc/ps/delay2/t[3]
    SLICE_X80Y41         LUT1 (Prop_lut1_I0_O)        0.124    50.120 r  cc/ps/delay2/delay_loop[3].buf_inst/O
                         net (fo=1, routed)           0.873    50.993    cc/ps/delay2/t[4]
    SLICE_X81Y41         LUT1 (Prop_lut1_I0_O)        0.124    51.117 r  cc/ps/delay2/delay_loop[4].buf_inst/O
                         net (fo=1, routed)           0.264    51.381    cc/ps/delay2/t[5]
    SLICE_X81Y41         LUT1 (Prop_lut1_I0_O)        0.124    51.505 r  cc/ps/delay2/delay_loop[5].buf_inst/O
                         net (fo=1, routed)           0.149    51.654    cc/ps/delay2/t[6]
    SLICE_X81Y41         LUT1 (Prop_lut1_I0_O)        0.124    51.778 r  cc/ps/delay2/delay_loop[6].buf_inst/O
                         net (fo=1, routed)           0.433    52.211    cc/ps/delay2/t[7]
    SLICE_X81Y41         LUT1 (Prop_lut1_I0_O)        0.124    52.335 r  cc/ps/delay2/delay_loop[7].buf_inst/O
                         net (fo=1, routed)           0.502    52.837    cc/ps/delay2/t[8]
    SLICE_X80Y41         LUT1 (Prop_lut1_I0_O)        0.124    52.961 r  cc/ps/delay2/buf_inst_end/O
                         net (fo=1, routed)           0.159    53.120    cc/ps/LB_out
    SLICE_X80Y41         LUT1 (Prop_lut1_I0_O)        0.124    53.244 f  cc/ps/Ack_out_INST_0/O
                         net (fo=1, routed)           0.444    53.688    cc/mmram/Ack_in
    SLICE_X80Y41         LUT2 (Prop_lut2_I0_O)        0.124    53.812 f  cc/mmram/and_out_inferred_i_1/O
                         net (fo=2, routed)           0.938    54.750    cc/mmram/c0/Ack_in
    SLICE_X79Y43         LUT4 (Prop_lut4_I3_O)        0.124    54.874 r  cc/mmram/c0/nand3_out_inferred_i_1/O
                         net (fo=2, routed)           0.517    55.390    cc/mmram/c0/nand3_out
    SLICE_X78Y43         LUT3 (Prop_lut3_I2_O)        0.124    55.514 f  cc/mmram/c0/nand2_out_inferred_i_1/O
                         net (fo=1, routed)           0.279    55.793    cc/mmram/c0/nand2_out
    SLICE_X78Y43         LUT2 (Prop_lut2_I1_O)        0.124    55.917 r  cc/mmram/c0/nand1_out_inferred_i_1/O
                         net (fo=3, routed)           1.119    57.036    cc/mmram/c0/delay2/din
    SLICE_X81Y46         LUT1 (Prop_lut1_I0_O)        0.124    57.160 r  cc/mmram/c0/delay2/buf_inst_begin/O
                         net (fo=1, routed)           0.667    57.827    cc/mmram/c0/delay2/t[0]
    SLICE_X81Y46         LUT1 (Prop_lut1_I0_O)        0.152    57.979 r  cc/mmram/c0/delay2/delay_loop[0].buf_inst/O
                         net (fo=1, routed)           0.267    58.245    cc/mmram/c0/delay2/t[1]
    SLICE_X81Y46         LUT1 (Prop_lut1_I0_O)        0.328    58.573 r  cc/mmram/c0/delay2/delay_loop[1].buf_inst/O
                         net (fo=1, routed)           0.674    59.248    cc/mmram/c0/delay2/t[2]
    SLICE_X81Y46         LUT1 (Prop_lut1_I0_O)        0.352    59.600 r  cc/mmram/c0/delay2/delay_loop[2].buf_inst/O
                         net (fo=1, routed)           0.436    60.036    cc/mmram/c0/delay2/t[3]
    SLICE_X81Y46         LUT1 (Prop_lut1_I0_O)        0.358    60.394 r  cc/mmram/c0/delay2/buf_inst_end/O
                         net (fo=1, routed)           0.433    60.827    cc/mmram/c0/LB_out
    SLICE_X81Y46         LUT1 (Prop_lut1_I0_O)        0.326    61.153 f  cc/mmram/c0/Ack_out_INST_0/O
                         net (fo=2, routed)           0.812    61.965    cc/mmcam/Ack_in
    SLICE_X83Y46         LUT4 (Prop_lut4_I3_O)        0.124    62.089 r  cc/mmcam/nand3_out_inferred_i_1/O
                         net (fo=2, routed)           0.264    62.353    cc/mmcam/nand3_out
    SLICE_X83Y46         LUT3 (Prop_lut3_I2_O)        0.124    62.477 f  cc/mmcam/nand2_out_inferred_i_1/O
                         net (fo=1, routed)           0.154    62.631    cc/mmcam/nand2_out
    SLICE_X83Y46         LUT2 (Prop_lut2_I1_O)        0.124    62.755 r  cc/mmcam/nand1_out_inferred_i_1/O
                         net (fo=3, routed)           1.015    63.771    cc/mmcam/delay2/din
    SLICE_X80Y46         LUT1 (Prop_lut1_I0_O)        0.124    63.895 r  cc/mmcam/delay2/buf_inst_begin/O
                         net (fo=1, routed)           0.279    64.174    cc/mmcam/delay2/t[0]
    SLICE_X80Y46         LUT1 (Prop_lut1_I0_O)        0.124    64.298 r  cc/mmcam/delay2/delay_loop[0].buf_inst/O
                         net (fo=1, routed)           0.853    65.150    cc/mmcam/delay2/t[1]
    SLICE_X80Y46         LUT1 (Prop_lut1_I0_O)        0.124    65.274 r  cc/mmcam/delay2/delay_loop[1].buf_inst/O
                         net (fo=1, routed)           0.433    65.708    cc/mmcam/delay2/t[2]
    SLICE_X80Y46         LUT1 (Prop_lut1_I0_O)        0.124    65.832 r  cc/mmcam/delay2/delay_loop[2].buf_inst/O
                         net (fo=1, routed)           0.674    66.506    cc/mmcam/delay2/t[3]
    SLICE_X80Y46         LUT1 (Prop_lut1_I0_O)        0.152    66.658 r  cc/mmcam/delay2/delay_loop[3].buf_inst/O
                         net (fo=1, routed)           0.851    67.509    cc/mmcam/delay2/t[4]
    SLICE_X80Y46         LUT1 (Prop_lut1_I0_O)        0.354    67.863 r  cc/mmcam/delay2/delay_loop[4].buf_inst/O
                         net (fo=1, routed)           0.288    68.151    cc/mmcam/delay2/t[5]
    SLICE_X80Y46         LUT1 (Prop_lut1_I0_O)        0.328    68.479 r  cc/mmcam/delay2/delay_loop[5].buf_inst/O
                         net (fo=1, routed)           0.674    69.153    cc/mmcam/delay2/t[6]
    SLICE_X80Y46         LUT1 (Prop_lut1_I0_O)        0.352    69.505 r  cc/mmcam/delay2/delay_loop[6].buf_inst/O
                         net (fo=1, routed)           0.737    70.242    cc/mmcam/delay2/t[7]
    SLICE_X76Y46         LUT1 (Prop_lut1_I0_O)        0.361    70.603 r  cc/mmcam/delay2/delay_loop[7].buf_inst/O
                         net (fo=1, routed)           0.283    70.886    cc/mmcam/delay2/t[8]
    SLICE_X76Y46         LUT1 (Prop_lut1_I0_O)        0.322    71.208 r  cc/mmcam/delay2/buf_inst_end/O
                         net (fo=1, routed)           0.283    71.491    cc/mmcam/LB_out
    SLICE_X76Y46         LUT1 (Prop_lut1_I0_O)        0.332    71.823 f  cc/mmcam/Ack_out_INST_0/O
                         net (fo=4, routed)           0.828    72.651    cc/m/CJ2/Ack_in
    SLICE_X77Y47         LUT6 (Prop_lut6_I4_O)        0.124    72.775 r  cc/m/CJ2/nand3_out_inferred_i_1/O
                         net (fo=2, routed)           0.517    73.291    cc/m/CJ2/nand3_out
    SLICE_X76Y47         LUT3 (Prop_lut3_I2_O)        0.124    73.415 f  cc/m/CJ2/nand2_out_inferred_i_1/O
                         net (fo=1, routed)           0.669    74.084    cc/m/CJ2/nand2_out
    SLICE_X76Y47         LUT2 (Prop_lut2_I1_O)        0.124    74.208 r  cc/m/CJ2/nand1_out_inferred_i_1/O
                         net (fo=3, routed)           0.328    74.536    cc/m/CJ2/delay2/din
    SLICE_X74Y47         LUT1 (Prop_lut1_I0_O)        0.124    74.660 r  cc/m/CJ2/delay2/buf_inst_begin/O
                         net (fo=1, routed)           0.433    75.094    cc/m/CJ2/delay2/t[0]
    SLICE_X74Y47         LUT1 (Prop_lut1_I0_O)        0.124    75.218 r  cc/m/CJ2/delay2/delay_loop[0].buf_inst/O
                         net (fo=1, routed)           0.647    75.864    cc/m/CJ2/delay2/t[1]
    SLICE_X76Y48         LUT1 (Prop_lut1_I0_O)        0.124    75.988 r  cc/m/CJ2/delay2/delay_loop[1].buf_inst/O
                         net (fo=1, routed)           0.853    76.841    cc/m/CJ2/delay2/t[2]
    SLICE_X76Y48         LUT1 (Prop_lut1_I0_O)        0.124    76.965 r  cc/m/CJ2/delay2/delay_loop[2].buf_inst/O
                         net (fo=1, routed)           0.433    77.398    cc/m/CJ2/delay2/t[3]
    SLICE_X76Y48         LUT1 (Prop_lut1_I0_O)        0.124    77.522 r  cc/m/CJ2/delay2/delay_loop[3].buf_inst/O
                         net (fo=1, routed)           0.674    78.196    cc/m/CJ2/delay2/t[4]
    SLICE_X76Y48         LUT1 (Prop_lut1_I0_O)        0.152    78.348 r  cc/m/CJ2/delay2/delay_loop[4].buf_inst/O
                         net (fo=1, routed)           0.851    79.200    cc/m/CJ2/delay2/t[5]
    SLICE_X76Y48         LUT1 (Prop_lut1_I0_O)        0.354    79.554 r  cc/m/CJ2/delay2/delay_loop[5].buf_inst/O
                         net (fo=1, routed)           0.288    79.841    cc/m/CJ2/delay2/t[6]
    SLICE_X76Y48         LUT1 (Prop_lut1_I0_O)        0.328    80.169 r  cc/m/CJ2/delay2/delay_loop[6].buf_inst/O
                         net (fo=1, routed)           0.674    80.843    cc/m/CJ2/delay2/t[7]
    SLICE_X76Y48         LUT1 (Prop_lut1_I0_O)        0.352    81.195 r  cc/m/CJ2/delay2/delay_loop[7].buf_inst/O
                         net (fo=1, routed)           0.568    81.764    cc/m/CJ2/delay2/t[8]
    SLICE_X79Y48         LUT1 (Prop_lut1_I0_O)        0.332    82.096 r  cc/m/CJ2/delay2/buf_inst_end/O
                         net (fo=1, routed)           0.574    82.670    cc/m/CJ2/LB_out
    SLICE_X78Y47         LUT1 (Prop_lut1_I0_O)        0.124    82.794 f  cc/m/CJ2/Ack_out_INST_0/O
                         net (fo=2, routed)           0.679    83.473    cc/m/Ack_out_b
    SLICE_X78Y47         LUT3 (Prop_lut3_I1_O)        0.124    83.597 r  cc/m/nand4_out_inferred_i_1/O
                         net (fo=1, routed)           0.444    84.041    cc/m/nand4_out
    SLICE_X78Y47         LUT3 (Prop_lut3_I0_O)        0.124    84.165 f  cc/m/nand3_out_inferred_i_1/O
                         net (fo=2, routed)           0.679    84.844    cc/m/nand3_out
    SLICE_X78Y47         LUT2 (Prop_lut2_I0_O)        0.124    84.968 r  cc/m/nand6_out_inferred_i_1/O
                         net (fo=2, routed)           0.814    85.782    cc/m/nand6_out
    SLICE_X78Y46         LUT3 (Prop_lut3_I2_O)        0.124    85.906 f  cc/m/nand5_out_inferred_i_1/O
                         net (fo=2, routed)           0.802    86.708    cc/m/nand5_out
    SLICE_X77Y46         LUT2 (Prop_lut2_I0_O)        0.124    86.832 r  cc/m/nand7_out_inferred_i_1/O
                         net (fo=2, routed)           0.306    87.138    cc/m/nand7_out
    SLICE_X78Y46         LUT3 (Prop_lut3_I2_O)        0.124    87.262 f  cc/m/nand8_out_inferred_i_1/O
                         net (fo=2, routed)           0.991    88.253    cc/m/CJ1/g
    SLICE_X76Y46         LUT6 (Prop_lut6_I3_O)        0.124    88.377 r  cc/m/CJ1/nand3_out_inferred_i_1/O
                         net (fo=2, routed)           0.680    89.057    cc/m/CJ1/nand3_out
    SLICE_X76Y46         LUT2 (Prop_lut2_I0_O)        0.124    89.181 f  cc/m/CJ1/nand4_out_inferred_i_1/O
                         net (fo=1, routed)           0.848    90.029    cc/m/CJ1/nand4_out
    SLICE_X76Y46         LUT3 (Prop_lut3_I0_O)        0.124    90.153 r  cc/m/CJ1/nand5_out_inferred_i_1/O
                         net (fo=3, routed)           0.809    90.962    cc/m/CJ1/nand5_out
    SLICE_X76Y49         LUT1 (Prop_lut1_I0_O)        0.124    91.086 f  cc/m/CJ1/cp_INST_0/O
                         net (fo=55, routed)          0.647    91.733    cc/m/cp1
    SLICE_X78Y48         LUT1 (Prop_lut1_I0_O)        0.124    91.857 r  cc/m/z1_inferred_i_1/O
                         net (fo=3, routed)           0.171    92.028    cc/m/z1
    SLICE_X78Y48         LUT2 (Prop_lut2_I0_O)        0.124    92.152 r  cc/m/nor2_out_inferred_i_1/O
                         net (fo=55, routed)          4.305    96.456    m/SEL
    SLICE_X111Y78        LUT3 (Prop_lut3_I2_O)        0.124    96.580 r  m/PACKET_OUT[38]_INST_0/O
                         net (fo=129, routed)         7.515   104.095    mmcam/entry_fd_loop[14].ef/color_gen_dest_LR[3]
    SLICE_X102Y54        LUT6 (Prop_lut6_I3_O)        0.124   104.219 r  mmcam/entry_fd_loop[14].ef/FIRE_INST_0_i_8/O
                         net (fo=1, routed)           0.000   104.219    mmcam/entry_fd_loop[14].ef/FIRE_INST_0_i_8_n_0
    SLICE_X102Y54        CARRY4 (Prop_carry4_S[0]_CO[3])
                                                      0.513   104.732 r  mmcam/entry_fd_loop[14].ef/FIRE_INST_0_i_2/CO[3]
                         net (fo=1, routed)           0.000   104.732    mmcam/entry_fd_loop[14].ef/FIRE_INST_0_i_2_n_0
    SLICE_X102Y55        CARRY4 (Prop_carry4_CI_CO[1])
                                                      0.157   104.889 f  mmcam/entry_fd_loop[14].ef/FIRE_INST_0_i_1/CO[1]
                         net (fo=2, routed)           1.008   105.897    mmcam/entry_fd_loop[14].ef/FIRE1
    SLICE_X101Y62        LUT4 (Prop_lut4_I1_O)        0.332   106.229 f  mmcam/entry_fd_loop[14].ef/FIRE_INST_0/O
                         net (fo=4, routed)           0.578   106.806    mmcam/am_or_ma/FIRE[14]
    SLICE_X99Y61         LUT6 (Prop_lut6_I1_O)        0.124   106.930 f  mmcam/am_or_ma/R_ADDR_inferred_i_30/O
                         net (fo=7, routed)           1.247   108.178    mmcam/am_or_ma/R_ADDR_inferred_i_30_n_0
    SLICE_X105Y62        LUT4 (Prop_lut4_I3_O)        0.124   108.302 f  mmcam/am_or_ma/R_ADDR_inferred_i_41/O
                         net (fo=3, routed)           1.197   109.499    mmcam/am_or_ma/R_ADDR_inferred_i_41_n_0
    SLICE_X108Y62        LUT6 (Prop_lut6_I0_O)        0.124   109.623 f  mmcam/am_or_ma/FIRE_OR_inferred_i_7/O
                         net (fo=3, routed)           0.554   110.176    mmcam/am_or_ma/FIRE_OR_inferred_i_7_n_0
    SLICE_X104Y62        LUT6 (Prop_lut6_I1_O)        0.124   110.300 f  mmcam/am_or_ma/FIRE_OR_inferred_i_5/O
                         net (fo=2, routed)           0.542   110.843    mmcam/am_or_ma/FIRE_OR_inferred_i_5_n_0
    SLICE_X106Y63        LUT4 (Prop_lut4_I3_O)        0.124   110.967 f  mmcam/am_or_ma/FIRE_OR_inferred_i_1/O
                         net (fo=31, routed)          1.953   112.920    mmcam/am_or_ma/FIRE_OR
    SLICE_X93Y63         LUT3 (Prop_lut3_I0_O)        0.124   113.044 r  mmcam/am_or_ma/EN[61]_INST_0_i_2/O
                         net (fo=30, routed)          1.875   114.918    mmcam/am_or_ma/EN[61]_INST_0_i_2_n_0
    SLICE_X102Y68        LUT6 (Prop_lut6_I0_O)        0.124   115.042 f  mmcam/am_or_ma/EN[52]_INST_0_i_1/O
                         net (fo=1, routed)           1.140   116.182    mmcam/am_or_ma/EN[52]_INST_0_i_1_n_0
    SLICE_X100Y65        LUT6 (Prop_lut6_I1_O)        0.124   116.306 r  mmcam/am_or_ma/EN[52]_INST_0/O
                         net (fo=20, routed)          1.547   117.853    mmcam/entry_fd_loop[52].ef/EN
    SLICE_X106Y71        FDRE                                         r  mmcam/entry_fd_loop[52].ef/ENTRY_reg[1]/CE
  -------------------------------------------------------------------    -------------------

Slack:                    inf
  Source:                 Ack_in
                            (input port)
  Destination:            mmcam/entry_fd_loop[60].ef/VALID_reg/D
  Path Group:             (none)
  Path Type:              Max at Slow Process Corner
  Data Path Delay:        117.775ns  (logic 22.462ns (19.072%)  route 95.313ns (80.928%))
  Logic Levels:           135  (CARRY4=2 IBUF=1 LUT1=79 LUT2=16 LUT3=17 LUT4=11 LUT5=2 LUT6=7)

    Location             Delay type                Incr(ns)  Path(ns)    Netlist Resource(s)
  -------------------------------------------------------------------    -------------------
    U7                                                0.000     0.000 f  Ack_in (IN)
                         net (fo=0)                   0.000     0.000    Ack_in
    U7                   IBUF (Prop_ibuf_I_O)         0.915     0.915 f  Ack_in_IBUF_inst/O
                         net (fo=2, routed)           4.929     5.843    cc/c/Ack_in
    SLICE_X76Y44         LUT4 (Prop_lut4_I3_O)        0.124     5.967 r  cc/c/nand3_out_inferred_i_1/O
                         net (fo=2, routed)           0.859     6.826    cc/c/nand3_out
    SLICE_X76Y44         LUT3 (Prop_lut3_I2_O)        0.124     6.950 f  cc/c/nand2_out_inferred_i_1/O
                         net (fo=1, routed)           0.158     7.108    cc/c/nand2_out
    SLICE_X76Y44         LUT2 (Prop_lut2_I1_O)        0.124     7.232 r  cc/c/nand1_out_inferred_i_1/O
                         net (fo=3, routed)           0.725     7.957    cc/c/delay2/din
    SLICE_X77Y44         LUT1 (Prop_lut1_I0_O)        0.124     8.081 r  cc/c/delay2/buf_inst_begin/O
                         net (fo=1, routed)           0.264     8.345    cc/c/delay2/t[0]
    SLICE_X77Y44         LUT1 (Prop_lut1_I0_O)        0.124     8.469 r  cc/c/delay2/delay_loop[0].buf_inst/O
                         net (fo=1, routed)           0.707     9.176    cc/c/delay2/t[1]
    SLICE_X76Y44         LUT1 (Prop_lut1_I0_O)        0.124     9.300 r  cc/c/delay2/delay_loop[1].buf_inst/O
                         net (fo=1, routed)           0.640     9.940    cc/c/delay2/t[2]
    SLICE_X78Y45         LUT1 (Prop_lut1_I0_O)        0.124    10.064 r  cc/c/delay2/delay_loop[2].buf_inst/O
                         net (fo=1, routed)           0.279    10.343    cc/c/delay2/t[3]
    SLICE_X78Y45         LUT1 (Prop_lut1_I0_O)        0.124    10.467 r  cc/c/delay2/delay_loop[3].buf_inst/O
                         net (fo=1, routed)           0.158    10.625    cc/c/delay2/t[4]
    SLICE_X78Y45         LUT1 (Prop_lut1_I0_O)        0.124    10.749 r  cc/c/delay2/delay_loop[4].buf_inst/O
                         net (fo=1, routed)           0.433    11.182    cc/c/delay2/t[5]
    SLICE_X78Y45         LUT1 (Prop_lut1_I0_O)        0.124    11.306 r  cc/c/delay2/delay_loop[5].buf_inst/O
                         net (fo=1, routed)           0.873    12.179    cc/c/delay2/t[6]
    SLICE_X79Y45         LUT1 (Prop_lut1_I0_O)        0.124    12.303 r  cc/c/delay2/buf_inst_end/O
                         net (fo=1, routed)           0.640    12.943    cc/c/LB_out
    SLICE_X79Y47         LUT1 (Prop_lut1_I0_O)        0.124    13.067 f  cc/c/Ack_out_INST_0/O
                         net (fo=1, routed)           0.433    13.500    cc/b/Ack_in_a
    SLICE_X79Y47         LUT2 (Prop_lut2_I0_O)        0.124    13.624 f  cc/b/and_out_inferred_i_1/O
                         net (fo=2, routed)           0.800    14.423    cc/b/c0/Ack_in
    SLICE_X81Y48         LUT4 (Prop_lut4_I3_O)        0.124    14.547 r  cc/b/c0/nand3_out_inferred_i_1/O
                         net (fo=2, routed)           0.275    14.822    cc/b/c0/nand3_out
    SLICE_X81Y48         LUT3 (Prop_lut3_I2_O)        0.124    14.946 f  cc/b/c0/nand2_out_inferred_i_1/O
                         net (fo=1, routed)           0.656    15.602    cc/b/c0/nand2_out
    SLICE_X80Y48         LUT2 (Prop_lut2_I1_O)        0.124    15.726 r  cc/b/c0/nand1_out_inferred_i_1/O
                         net (fo=3, routed)           0.701    16.427    cc/b/c0/delay2/din
    SLICE_X82Y49         LUT1 (Prop_lut1_I0_O)        0.124    16.551 r  cc/b/c0/delay2/buf_inst_begin/O
                         net (fo=1, routed)           1.015    17.566    cc/b/c0/delay2/t[0]
    SLICE_X82Y52         LUT1 (Prop_lut1_I0_O)        0.148    17.714 r  cc/b/c0/delay2/delay_loop[0].buf_inst/O
                         net (fo=1, routed)           1.035    18.749    cc/b/c0/delay2/t[1]
    SLICE_X82Y52         LUT1 (Prop_lut1_I0_O)        0.356    19.105 r  cc/b/c0/delay2/delay_loop[1].buf_inst/O
                         net (fo=1, routed)           0.848    19.953    cc/b/c0/delay2/t[2]
    SLICE_X82Y52         LUT1 (Prop_lut1_I0_O)        0.377    20.330 r  cc/b/c0/delay2/delay_loop[2].buf_inst/O
                         net (fo=1, routed)           0.692    21.022    cc/b/c0/delay2/t[3]
    SLICE_X82Y52         LUT1 (Prop_lut1_I0_O)        0.331    21.353 r  cc/b/c0/delay2/buf_inst_end/O
                         net (fo=1, routed)           0.282    21.635    cc/b/c0/LB_out
    SLICE_X82Y52         LUT1 (Prop_lut1_I0_O)        0.124    21.759 f  cc/b/c0/Ack_out_INST_0/O
                         net (fo=4, routed)           0.326    22.085    cc/copy/Ack_in
    SLICE_X84Y51         LUT3 (Prop_lut3_I0_O)        0.124    22.209 f  cc/copy/and2_out_inferred_i_1/O
                         net (fo=2, routed)           0.552    22.761    cc/copy/CF1/Ack_in
    SLICE_X85Y54         LUT4 (Prop_lut4_I3_O)        0.124    22.885 r  cc/copy/CF1/nand3_out_inferred_i_1/O
                         net (fo=2, routed)           0.323    23.208    cc/copy/CF1/nand3_out
    SLICE_X86Y54         LUT3 (Prop_lut3_I2_O)        0.124    23.332 f  cc/copy/CF1/nand2_out_inferred_i_1/O
                         net (fo=1, routed)           0.286    23.619    cc/copy/CF1/nand2_out
    SLICE_X86Y54         LUT2 (Prop_lut2_I1_O)        0.124    23.743 r  cc/copy/CF1/nand1_out_inferred_i_1/O
                         net (fo=3, routed)           0.677    24.420    cc/copy/CF1/delay2/din
    SLICE_X87Y54         LUT1 (Prop_lut1_I0_O)        0.124    24.544 r  cc/copy/CF1/delay2/buf_inst_begin/O
                         net (fo=1, routed)           0.149    24.693    cc/copy/CF1/delay2/t[0]
    SLICE_X87Y54         LUT1 (Prop_lut1_I0_O)        0.124    24.817 r  cc/copy/CF1/delay2/delay_loop[0].buf_inst/O
                         net (fo=1, routed)           0.303    25.120    cc/copy/CF1/delay2/t[1]
    SLICE_X85Y54         LUT1 (Prop_lut1_I0_O)        0.124    25.244 r  cc/copy/CF1/delay2/delay_loop[1].buf_inst/O
                         net (fo=1, routed)           0.575    25.819    cc/copy/CF1/delay2/t[2]
    SLICE_X85Y54         LUT1 (Prop_lut1_I0_O)        0.150    25.969 r  cc/copy/CF1/delay2/delay_loop[2].buf_inst/O
                         net (fo=1, routed)           0.493    26.462    cc/copy/CF1/delay2/t[3]
    SLICE_X86Y50         LUT1 (Prop_lut1_I0_O)        0.326    26.788 r  cc/copy/CF1/delay2/buf_inst_end/O
                         net (fo=1, routed)           0.494    27.282    cc/copy/CF1/LB_out
    SLICE_X86Y50         LUT1 (Prop_lut1_I0_O)        0.124    27.406 f  cc/copy/CF1/Ack_out_INST_0/O
                         net (fo=2, routed)           1.181    28.587    cc/ma/Ack_in
    SLICE_X84Y46         LUT4 (Prop_lut4_I3_O)        0.124    28.711 r  cc/ma/nand3_out_inferred_i_1/O
                         net (fo=2, routed)           0.289    29.000    cc/ma/nand3_out
    SLICE_X84Y46         LUT3 (Prop_lut3_I2_O)        0.124    29.124 f  cc/ma/nand2_out_inferred_i_1/O
                         net (fo=1, routed)           0.656    29.780    cc/ma/nand2_out
    SLICE_X85Y46         LUT2 (Prop_lut2_I1_O)        0.124    29.904 r  cc/ma/nand1_out_inferred_i_1/O
                         net (fo=3, routed)           1.040    30.944    cc/ma/delay2/din
    SLICE_X79Y42         LUT1 (Prop_lut1_I0_O)        0.124    31.068 r  cc/ma/delay2/buf_inst_begin/O
                         net (fo=1, routed)           0.433    31.501    cc/ma/delay2/t[0]
    SLICE_X79Y42         LUT1 (Prop_lut1_I0_O)        0.124    31.625 r  cc/ma/delay2/delay_loop[0].buf_inst/O
                         net (fo=1, routed)           0.665    32.290    cc/ma/delay2/t[1]
    SLICE_X79Y42         LUT1 (Prop_lut1_I0_O)        0.152    32.442 r  cc/ma/delay2/delay_loop[1].buf_inst/O
                         net (fo=1, routed)           0.582    33.024    cc/ma/delay2/t[2]
    SLICE_X78Y41         LUT1 (Prop_lut1_I0_O)        0.326    33.350 r  cc/ma/delay2/delay_loop[2].buf_inst/O
                         net (fo=1, routed)           0.433    33.784    cc/ma/delay2/t[3]
    SLICE_X78Y41         LUT1 (Prop_lut1_I0_O)        0.124    33.908 r  cc/ma/delay2/delay_loop[3].buf_inst/O
                         net (fo=1, routed)           0.873    34.780    cc/ma/delay2/t[4]
    SLICE_X79Y41         LUT1 (Prop_lut1_I0_O)        0.124    34.904 r  cc/ma/delay2/delay_loop[4].buf_inst/O
                         net (fo=1, routed)           0.264    35.169    cc/ma/delay2/t[5]
    SLICE_X79Y41         LUT1 (Prop_lut1_I0_O)        0.124    35.293 r  cc/ma/delay2/delay_loop[5].buf_inst/O
                         net (fo=1, routed)           0.149    35.442    cc/ma/delay2/t[6]
    SLICE_X79Y41         LUT1 (Prop_lut1_I0_O)        0.124    35.566 r  cc/ma/delay2/delay_loop[6].buf_inst/O
                         net (fo=1, routed)           0.433    35.999    cc/ma/delay2/t[7]
    SLICE_X79Y41         LUT1 (Prop_lut1_I0_O)        0.124    36.123 r  cc/ma/delay2/delay_loop[7].buf_inst/O
                         net (fo=1, routed)           0.873    36.996    cc/ma/delay2/t[8]
    SLICE_X78Y41         LUT1 (Prop_lut1_I0_O)        0.124    37.120 r  cc/ma/delay2/buf_inst_end/O
                         net (fo=1, routed)           0.444    37.564    cc/ma/LB_out
    SLICE_X78Y41         LUT1 (Prop_lut1_I0_O)        0.124    37.688 f  cc/ma/Ack_out_INST_0/O
                         net (fo=1, routed)           0.756    38.444    cc/fp/Ack_in
    SLICE_X82Y41         LUT2 (Prop_lut2_I0_O)        0.124    38.568 f  cc/fp/and_out_inferred_i_1/O
                         net (fo=2, routed)           1.127    39.695    cc/fp/c0/Ack_in
    SLICE_X86Y37         LUT4 (Prop_lut4_I3_O)        0.124    39.819 r  cc/fp/c0/nand3_out_inferred_i_1/O
                         net (fo=2, routed)           0.817    40.636    cc/fp/c0/nand3_out
    SLICE_X84Y37         LUT3 (Prop_lut3_I2_O)        0.124    40.760 f  cc/fp/c0/nand2_out_inferred_i_1/O
                         net (fo=1, routed)           0.492    41.252    cc/fp/c0/nand2_out
    SLICE_X85Y37         LUT2 (Prop_lut2_I1_O)        0.124    41.376 r  cc/fp/c0/nand1_out_inferred_i_1/O
                         net (fo=3, routed)           0.831    42.207    cc/fp/c0/delay2/din
    SLICE_X85Y36         LUT1 (Prop_lut1_I0_O)        0.124    42.331 r  cc/fp/c0/delay2/buf_inst_begin/O
                         net (fo=1, routed)           0.873    43.204    cc/fp/c0/delay2/t[0]
    SLICE_X84Y36         LUT1 (Prop_lut1_I0_O)        0.124    43.328 r  cc/fp/c0/delay2/delay_loop[0].buf_inst/O
                         net (fo=1, routed)           0.158    43.486    cc/fp/c0/delay2/t[1]
    SLICE_X84Y36         LUT1 (Prop_lut1_I0_O)        0.124    43.610 r  cc/fp/c0/delay2/delay_loop[1].buf_inst/O
                         net (fo=1, routed)           0.433    44.043    cc/fp/c0/delay2/t[2]
    SLICE_X84Y36         LUT1 (Prop_lut1_I0_O)        0.124    44.167 r  cc/fp/c0/delay2/delay_loop[2].buf_inst/O
                         net (fo=1, routed)           0.674    44.842    cc/fp/c0/delay2/t[3]
    SLICE_X84Y36         LUT1 (Prop_lut1_I0_O)        0.124    44.966 r  cc/fp/c0/delay2/buf_inst_end/O
                         net (fo=1, routed)           0.639    45.605    cc/fp/c0/LB_out
    SLICE_X85Y37         LUT1 (Prop_lut1_I0_O)        0.124    45.729 f  cc/fp/c0/Ack_out_INST_0/O
                         net (fo=2, routed)           0.947    46.676    cc/ps/Ack_in
    SLICE_X82Y39         LUT4 (Prop_lut4_I3_O)        0.124    46.800 r  cc/ps/nand3_out_inferred_i_1/O
                         net (fo=2, routed)           0.299    47.099    cc/ps/nand3_out
    SLICE_X82Y39         LUT3 (Prop_lut3_I2_O)        0.124    47.223 f  cc/ps/nand2_out_inferred_i_1/O
                         net (fo=1, routed)           0.161    47.384    cc/ps/nand2_out
    SLICE_X82Y39         LUT2 (Prop_lut2_I1_O)        0.124    47.508 r  cc/ps/nand1_out_inferred_i_1/O
                         net (fo=3, routed)           0.843    48.351    cc/ps/delay2/din
    SLICE_X81Y40         LUT1 (Prop_lut1_I0_O)        0.124    48.475 r  cc/ps/delay2/buf_inst_begin/O
                         net (fo=1, routed)           0.264    48.739    cc/ps/delay2/t[0]
    SLICE_X81Y40         LUT1 (Prop_lut1_I0_O)        0.124    48.863 r  cc/ps/delay2/delay_loop[0].buf_inst/O
                         net (fo=1, routed)           0.149    49.012    cc/ps/delay2/t[1]
    SLICE_X81Y40         LUT1 (Prop_lut1_I0_O)        0.124    49.136 r  cc/ps/delay2/delay_loop[1].buf_inst/O
                         net (fo=1, routed)           0.433    49.569    cc/ps/delay2/t[2]
    SLICE_X81Y40         LUT1 (Prop_lut1_I0_O)        0.124    49.693 r  cc/ps/delay2/delay_loop[2].buf_inst/O
                         net (fo=1, routed)           0.302    49.996    cc/ps/delay2/t[3]
    SLICE_X80Y41         LUT1 (Prop_lut1_I0_O)        0.124    50.120 r  cc/ps/delay2/delay_loop[3].buf_inst/O
                         net (fo=1, routed)           0.873    50.993    cc/ps/delay2/t[4]
    SLICE_X81Y41         LUT1 (Prop_lut1_I0_O)        0.124    51.117 r  cc/ps/delay2/delay_loop[4].buf_inst/O
                         net (fo=1, routed)           0.264    51.381    cc/ps/delay2/t[5]
    SLICE_X81Y41         LUT1 (Prop_lut1_I0_O)        0.124    51.505 r  cc/ps/delay2/delay_loop[5].buf_inst/O
                         net (fo=1, routed)           0.149    51.654    cc/ps/delay2/t[6]
    SLICE_X81Y41         LUT1 (Prop_lut1_I0_O)        0.124    51.778 r  cc/ps/delay2/delay_loop[6].buf_inst/O
                         net (fo=1, routed)           0.433    52.211    cc/ps/delay2/t[7]
    SLICE_X81Y41         LUT1 (Prop_lut1_I0_O)        0.124    52.335 r  cc/ps/delay2/delay_loop[7].buf_inst/O
                         net (fo=1, routed)           0.502    52.837    cc/ps/delay2/t[8]
    SLICE_X80Y41         LUT1 (Prop_lut1_I0_O)        0.124    52.961 r  cc/ps/delay2/buf_inst_end/O
                         net (fo=1, routed)           0.159    53.120    cc/ps/LB_out
    SLICE_X80Y41         LUT1 (Prop_lut1_I0_O)        0.124    53.244 f  cc/ps/Ack_out_INST_0/O
                         net (fo=1, routed)           0.444    53.688    cc/mmram/Ack_in
    SLICE_X80Y41         LUT2 (Prop_lut2_I0_O)        0.124    53.812 f  cc/mmram/and_out_inferred_i_1/O
                         net (fo=2, routed)           0.938    54.750    cc/mmram/c0/Ack_in
    SLICE_X79Y43         LUT4 (Prop_lut4_I3_O)        0.124    54.874 r  cc/mmram/c0/nand3_out_inferred_i_1/O
                         net (fo=2, routed)           0.517    55.390    cc/mmram/c0/nand3_out
    SLICE_X78Y43         LUT3 (Prop_lut3_I2_O)        0.124    55.514 f  cc/mmram/c0/nand2_out_inferred_i_1/O
                         net (fo=1, routed)           0.279    55.793    cc/mmram/c0/nand2_out
    SLICE_X78Y43         LUT2 (Prop_lut2_I1_O)        0.124    55.917 r  cc/mmram/c0/nand1_out_inferred_i_1/O
                         net (fo=3, routed)           1.119    57.036    cc/mmram/c0/delay2/din
    SLICE_X81Y46         LUT1 (Prop_lut1_I0_O)        0.124    57.160 r  cc/mmram/c0/delay2/buf_inst_begin/O
                         net (fo=1, routed)           0.667    57.827    cc/mmram/c0/delay2/t[0]
    SLICE_X81Y46         LUT1 (Prop_lut1_I0_O)        0.152    57.979 r  cc/mmram/c0/delay2/delay_loop[0].buf_inst/O
                         net (fo=1, routed)           0.267    58.245    cc/mmram/c0/delay2/t[1]
    SLICE_X81Y46         LUT1 (Prop_lut1_I0_O)        0.328    58.573 r  cc/mmram/c0/delay2/delay_loop[1].buf_inst/O
                         net (fo=1, routed)           0.674    59.248    cc/mmram/c0/delay2/t[2]
    SLICE_X81Y46         LUT1 (Prop_lut1_I0_O)        0.352    59.600 r  cc/mmram/c0/delay2/delay_loop[2].buf_inst/O
                         net (fo=1, routed)           0.436    60.036    cc/mmram/c0/delay2/t[3]
    SLICE_X81Y46         LUT1 (Prop_lut1_I0_O)        0.358    60.394 r  cc/mmram/c0/delay2/buf_inst_end/O
                         net (fo=1, routed)           0.433    60.827    cc/mmram/c0/LB_out
    SLICE_X81Y46         LUT1 (Prop_lut1_I0_O)        0.326    61.153 f  cc/mmram/c0/Ack_out_INST_0/O
                         net (fo=2, routed)           0.812    61.965    cc/mmcam/Ack_in
    SLICE_X83Y46         LUT4 (Prop_lut4_I3_O)        0.124    62.089 r  cc/mmcam/nand3_out_inferred_i_1/O
                         net (fo=2, routed)           0.264    62.353    cc/mmcam/nand3_out
    SLICE_X83Y46         LUT3 (Prop_lut3_I2_O)        0.124    62.477 f  cc/mmcam/nand2_out_inferred_i_1/O
                         net (fo=1, routed)           0.154    62.631    cc/mmcam/nand2_out
    SLICE_X83Y46         LUT2 (Prop_lut2_I1_O)        0.124    62.755 r  cc/mmcam/nand1_out_inferred_i_1/O
                         net (fo=3, routed)           1.015    63.771    cc/mmcam/delay2/din
    SLICE_X80Y46         LUT1 (Prop_lut1_I0_O)        0.124    63.895 r  cc/mmcam/delay2/buf_inst_begin/O
                         net (fo=1, routed)           0.279    64.174    cc/mmcam/delay2/t[0]
    SLICE_X80Y46         LUT1 (Prop_lut1_I0_O)        0.124    64.298 r  cc/mmcam/delay2/delay_loop[0].buf_inst/O
                         net (fo=1, routed)           0.853    65.150    cc/mmcam/delay2/t[1]
    SLICE_X80Y46         LUT1 (Prop_lut1_I0_O)        0.124    65.274 r  cc/mmcam/delay2/delay_loop[1].buf_inst/O
                         net (fo=1, routed)           0.433    65.708    cc/mmcam/delay2/t[2]
    SLICE_X80Y46         LUT1 (Prop_lut1_I0_O)        0.124    65.832 r  cc/mmcam/delay2/delay_loop[2].buf_inst/O
                         net (fo=1, routed)           0.674    66.506    cc/mmcam/delay2/t[3]
    SLICE_X80Y46         LUT1 (Prop_lut1_I0_O)        0.152    66.658 r  cc/mmcam/delay2/delay_loop[3].buf_inst/O
                         net (fo=1, routed)           0.851    67.509    cc/mmcam/delay2/t[4]
    SLICE_X80Y46         LUT1 (Prop_lut1_I0_O)        0.354    67.863 r  cc/mmcam/delay2/delay_loop[4].buf_inst/O
                         net (fo=1, routed)           0.288    68.151    cc/mmcam/delay2/t[5]
    SLICE_X80Y46         LUT1 (Prop_lut1_I0_O)        0.328    68.479 r  cc/mmcam/delay2/delay_loop[5].buf_inst/O
                         net (fo=1, routed)           0.674    69.153    cc/mmcam/delay2/t[6]
    SLICE_X80Y46         LUT1 (Prop_lut1_I0_O)        0.352    69.505 r  cc/mmcam/delay2/delay_loop[6].buf_inst/O
                         net (fo=1, routed)           0.737    70.242    cc/mmcam/delay2/t[7]
    SLICE_X76Y46         LUT1 (Prop_lut1_I0_O)        0.361    70.603 r  cc/mmcam/delay2/delay_loop[7].buf_inst/O
                         net (fo=1, routed)           0.283    70.886    cc/mmcam/delay2/t[8]
    SLICE_X76Y46         LUT1 (Prop_lut1_I0_O)        0.322    71.208 r  cc/mmcam/delay2/buf_inst_end/O
                         net (fo=1, routed)           0.283    71.491    cc/mmcam/LB_out
    SLICE_X76Y46         LUT1 (Prop_lut1_I0_O)        0.332    71.823 f  cc/mmcam/Ack_out_INST_0/O
                         net (fo=4, routed)           0.828    72.651    cc/m/CJ2/Ack_in
    SLICE_X77Y47         LUT6 (Prop_lut6_I4_O)        0.124    72.775 r  cc/m/CJ2/nand3_out_inferred_i_1/O
                         net (fo=2, routed)           0.517    73.291    cc/m/CJ2/nand3_out
    SLICE_X76Y47         LUT3 (Prop_lut3_I2_O)        0.124    73.415 f  cc/m/CJ2/nand2_out_inferred_i_1/O
                         net (fo=1, routed)           0.669    74.084    cc/m/CJ2/nand2_out
    SLICE_X76Y47         LUT2 (Prop_lut2_I1_O)        0.124    74.208 r  cc/m/CJ2/nand1_out_inferred_i_1/O
                         net (fo=3, routed)           0.328    74.536    cc/m/CJ2/delay2/din
    SLICE_X74Y47         LUT1 (Prop_lut1_I0_O)        0.124    74.660 r  cc/m/CJ2/delay2/buf_inst_begin/O
                         net (fo=1, routed)           0.433    75.094    cc/m/CJ2/delay2/t[0]
    SLICE_X74Y47         LUT1 (Prop_lut1_I0_O)        0.124    75.218 r  cc/m/CJ2/delay2/delay_loop[0].buf_inst/O
                         net (fo=1, routed)           0.647    75.864    cc/m/CJ2/delay2/t[1]
    SLICE_X76Y48         LUT1 (Prop_lut1_I0_O)        0.124    75.988 r  cc/m/CJ2/delay2/delay_loop[1].buf_inst/O
                         net (fo=1, routed)           0.853    76.841    cc/m/CJ2/delay2/t[2]
    SLICE_X76Y48         LUT1 (Prop_lut1_I0_O)        0.124    76.965 r  cc/m/CJ2/delay2/delay_loop[2].buf_inst/O
                         net (fo=1, routed)           0.433    77.398    cc/m/CJ2/delay2/t[3]
    SLICE_X76Y48         LUT1 (Prop_lut1_I0_O)        0.124    77.522 r  cc/m/CJ2/delay2/delay_loop[3].buf_inst/O
                         net (fo=1, routed)           0.674    78.196    cc/m/CJ2/delay2/t[4]
    SLICE_X76Y48         LUT1 (Prop_lut1_I0_O)        0.152    78.348 r  cc/m/CJ2/delay2/delay_loop[4].buf_inst/O
                         net (fo=1, routed)           0.851    79.200    cc/m/CJ2/delay2/t[5]
    SLICE_X76Y48         LUT1 (Prop_lut1_I0_O)        0.354    79.554 r  cc/m/CJ2/delay2/delay_loop[5].buf_inst/O
                         net (fo=1, routed)           0.288    79.841    cc/m/CJ2/delay2/t[6]
    SLICE_X76Y48         LUT1 (Prop_lut1_I0_O)        0.328    80.169 r  cc/m/CJ2/delay2/delay_loop[6].buf_inst/O
                         net (fo=1, routed)           0.674    80.843    cc/m/CJ2/delay2/t[7]
    SLICE_X76Y48         LUT1 (Prop_lut1_I0_O)        0.352    81.195 r  cc/m/CJ2/delay2/delay_loop[7].buf_inst/O
                         net (fo=1, routed)           0.568    81.764    cc/m/CJ2/delay2/t[8]
    SLICE_X79Y48         LUT1 (Prop_lut1_I0_O)        0.332    82.096 r  cc/m/CJ2/delay2/buf_inst_end/O
                         net (fo=1, routed)           0.574    82.670    cc/m/CJ2/LB_out
    SLICE_X78Y47         LUT1 (Prop_lut1_I0_O)        0.124    82.794 f  cc/m/CJ2/Ack_out_INST_0/O
                         net (fo=2, routed)           0.679    83.473    cc/m/Ack_out_b
    SLICE_X78Y47         LUT3 (Prop_lut3_I1_O)        0.124    83.597 r  cc/m/nand4_out_inferred_i_1/O
                         net (fo=1, routed)           0.444    84.041    cc/m/nand4_out
    SLICE_X78Y47         LUT3 (Prop_lut3_I0_O)        0.124    84.165 f  cc/m/nand3_out_inferred_i_1/O
                         net (fo=2, routed)           0.679    84.844    cc/m/nand3_out
    SLICE_X78Y47         LUT2 (Prop_lut2_I0_O)        0.124    84.968 r  cc/m/nand6_out_inferred_i_1/O
                         net (fo=2, routed)           0.814    85.782    cc/m/nand6_out
    SLICE_X78Y46         LUT3 (Prop_lut3_I2_O)        0.124    85.906 f  cc/m/nand5_out_inferred_i_1/O
                         net (fo=2, routed)           0.802    86.708    cc/m/nand5_out
    SLICE_X77Y46         LUT2 (Prop_lut2_I0_O)        0.124    86.832 r  cc/m/nand7_out_inferred_i_1/O
                         net (fo=2, routed)           0.306    87.138    cc/m/nand7_out
    SLICE_X78Y46         LUT3 (Prop_lut3_I2_O)        0.124    87.262 f  cc/m/nand8_out_inferred_i_1/O
                         net (fo=2, routed)           0.991    88.253    cc/m/CJ1/g
    SLICE_X76Y46         LUT6 (Prop_lut6_I3_O)        0.124    88.377 r  cc/m/CJ1/nand3_out_inferred_i_1/O
                         net (fo=2, routed)           0.680    89.057    cc/m/CJ1/nand3_out
    SLICE_X76Y46         LUT2 (Prop_lut2_I0_O)        0.124    89.181 f  cc/m/CJ1/nand4_out_inferred_i_1/O
                         net (fo=1, routed)           0.848    90.029    cc/m/CJ1/nand4_out
    SLICE_X76Y46         LUT3 (Prop_lut3_I0_O)        0.124    90.153 r  cc/m/CJ1/nand5_out_inferred_i_1/O
                         net (fo=3, routed)           0.809    90.962    cc/m/CJ1/nand5_out
    SLICE_X76Y49         LUT1 (Prop_lut1_I0_O)        0.124    91.086 f  cc/m/CJ1/cp_INST_0/O
                         net (fo=55, routed)          0.647    91.733    cc/m/cp1
    SLICE_X78Y48         LUT1 (Prop_lut1_I0_O)        0.124    91.857 r  cc/m/z1_inferred_i_1/O
                         net (fo=3, routed)           0.171    92.028    cc/m/z1
    SLICE_X78Y48         LUT2 (Prop_lut2_I0_O)        0.124    92.152 r  cc/m/nor2_out_inferred_i_1/O
                         net (fo=55, routed)          4.305    96.456    m/SEL
    SLICE_X111Y78        LUT3 (Prop_lut3_I2_O)        0.124    96.580 r  m/PACKET_OUT[38]_INST_0/O
                         net (fo=129, routed)         7.515   104.095    mmcam/entry_fd_loop[14].ef/color_gen_dest_LR[3]
    SLICE_X102Y54        LUT6 (Prop_lut6_I3_O)        0.124   104.219 r  mmcam/entry_fd_loop[14].ef/FIRE_INST_0_i_8/O
                         net (fo=1, routed)           0.000   104.219    mmcam/entry_fd_loop[14].ef/FIRE_INST_0_i_8_n_0
    SLICE_X102Y54        CARRY4 (Prop_carry4_S[0]_CO[3])
                                                      0.513   104.732 r  mmcam/entry_fd_loop[14].ef/FIRE_INST_0_i_2/CO[3]
                         net (fo=1, routed)           0.000   104.732    mmcam/entry_fd_loop[14].ef/FIRE_INST_0_i_2_n_0
    SLICE_X102Y55        CARRY4 (Prop_carry4_CI_CO[1])
                                                      0.157   104.889 f  mmcam/entry_fd_loop[14].ef/FIRE_INST_0_i_1/CO[1]
                         net (fo=2, routed)           1.008   105.897    mmcam/entry_fd_loop[14].ef/FIRE1
    SLICE_X101Y62        LUT4 (Prop_lut4_I1_O)        0.332   106.229 f  mmcam/entry_fd_loop[14].ef/FIRE_INST_0/O
                         net (fo=4, routed)           0.578   106.806    mmcam/am_or_ma/FIRE[14]
    SLICE_X99Y61         LUT6 (Prop_lut6_I1_O)        0.124   106.930 f  mmcam/am_or_ma/R_ADDR_inferred_i_30/O
                         net (fo=7, routed)           1.247   108.178    mmcam/am_or_ma/R_ADDR_inferred_i_30_n_0
    SLICE_X105Y62        LUT4 (Prop_lut4_I3_O)        0.124   108.302 f  mmcam/am_or_ma/R_ADDR_inferred_i_41/O
                         net (fo=3, routed)           1.197   109.499    mmcam/am_or_ma/R_ADDR_inferred_i_41_n_0
    SLICE_X108Y62        LUT6 (Prop_lut6_I0_O)        0.124   109.623 f  mmcam/am_or_ma/FIRE_OR_inferred_i_7/O
                         net (fo=3, routed)           0.554   110.176    mmcam/am_or_ma/FIRE_OR_inferred_i_7_n_0
    SLICE_X104Y62        LUT6 (Prop_lut6_I1_O)        0.124   110.300 f  mmcam/am_or_ma/FIRE_OR_inferred_i_5/O
                         net (fo=2, routed)           0.542   110.843    mmcam/am_or_ma/FIRE_OR_inferred_i_5_n_0
    SLICE_X106Y63        LUT4 (Prop_lut4_I3_O)        0.124   110.967 f  mmcam/am_or_ma/FIRE_OR_inferred_i_1/O
                         net (fo=31, routed)          1.953   112.920    mmcam/am_or_ma/FIRE_OR
    SLICE_X93Y63         LUT3 (Prop_lut3_I0_O)        0.124   113.044 r  mmcam/am_or_ma/EN[61]_INST_0_i_2/O
                         net (fo=30, routed)          2.291   115.335    mmcam/am_or_ma/EN[61]_INST_0_i_2_n_0
    SLICE_X102Y69        LUT6 (Prop_lut6_I5_O)        0.124   115.459 f  mmcam/am_or_ma/EN[60]_INST_0_i_4/O
                         net (fo=1, routed)           0.568   116.027    mmcam/am_or_ma/EN[60]_INST_0_i_4_n_0
    SLICE_X102Y66        LUT5 (Prop_lut5_I3_O)        0.124   116.151 r  mmcam/am_or_ma/EN[60]_INST_0/O
                         net (fo=20, routed)          1.500   117.651    mmcam/entry_fd_loop[60].ef/EN
    SLICE_X108Y65        LUT5 (Prop_lut5_I0_O)        0.124   117.775 r  mmcam/entry_fd_loop[60].ef/VALID_i_1/O
                         net (fo=1, routed)           0.000   117.775    mmcam/entry_fd_loop[60].ef/VALID1_out
    SLICE_X108Y65        FDCE                                         r  mmcam/entry_fd_loop[60].ef/VALID_reg/D
  -------------------------------------------------------------------    -------------------

Slack:                    inf
  Source:                 Ack_in
                            (input port)
  Destination:            mmcam/entry_fd_loop[52].ef/ENTRY_reg[18]/CE
  Path Group:             (none)
  Path Type:              Max at Slow Process Corner
  Data Path Delay:        117.712ns  (logic 22.338ns (18.977%)  route 95.374ns (81.023%))
  Logic Levels:           134  (CARRY4=2 IBUF=1 LUT1=79 LUT2=16 LUT3=17 LUT4=11 LUT6=8)

    Location             Delay type                Incr(ns)  Path(ns)    Netlist Resource(s)
  -------------------------------------------------------------------    -------------------
    U7                                                0.000     0.000 f  Ack_in (IN)
                         net (fo=0)                   0.000     0.000    Ack_in
    U7                   IBUF (Prop_ibuf_I_O)         0.915     0.915 f  Ack_in_IBUF_inst/O
                         net (fo=2, routed)           4.929     5.843    cc/c/Ack_in
    SLICE_X76Y44         LUT4 (Prop_lut4_I3_O)        0.124     5.967 r  cc/c/nand3_out_inferred_i_1/O
                         net (fo=2, routed)           0.859     6.826    cc/c/nand3_out
    SLICE_X76Y44         LUT3 (Prop_lut3_I2_O)        0.124     6.950 f  cc/c/nand2_out_inferred_i_1/O
                         net (fo=1, routed)           0.158     7.108    cc/c/nand2_out
    SLICE_X76Y44         LUT2 (Prop_lut2_I1_O)        0.124     7.232 r  cc/c/nand1_out_inferred_i_1/O
                         net (fo=3, routed)           0.725     7.957    cc/c/delay2/din
    SLICE_X77Y44         LUT1 (Prop_lut1_I0_O)        0.124     8.081 r  cc/c/delay2/buf_inst_begin/O
                         net (fo=1, routed)           0.264     8.345    cc/c/delay2/t[0]
    SLICE_X77Y44         LUT1 (Prop_lut1_I0_O)        0.124     8.469 r  cc/c/delay2/delay_loop[0].buf_inst/O
                         net (fo=1, routed)           0.707     9.176    cc/c/delay2/t[1]
    SLICE_X76Y44         LUT1 (Prop_lut1_I0_O)        0.124     9.300 r  cc/c/delay2/delay_loop[1].buf_inst/O
                         net (fo=1, routed)           0.640     9.940    cc/c/delay2/t[2]
    SLICE_X78Y45         LUT1 (Prop_lut1_I0_O)        0.124    10.064 r  cc/c/delay2/delay_loop[2].buf_inst/O
                         net (fo=1, routed)           0.279    10.343    cc/c/delay2/t[3]
    SLICE_X78Y45         LUT1 (Prop_lut1_I0_O)        0.124    10.467 r  cc/c/delay2/delay_loop[3].buf_inst/O
                         net (fo=1, routed)           0.158    10.625    cc/c/delay2/t[4]
    SLICE_X78Y45         LUT1 (Prop_lut1_I0_O)        0.124    10.749 r  cc/c/delay2/delay_loop[4].buf_inst/O
                         net (fo=1, routed)           0.433    11.182    cc/c/delay2/t[5]
    SLICE_X78Y45         LUT1 (Prop_lut1_I0_O)        0.124    11.306 r  cc/c/delay2/delay_loop[5].buf_inst/O
                         net (fo=1, routed)           0.873    12.179    cc/c/delay2/t[6]
    SLICE_X79Y45         LUT1 (Prop_lut1_I0_O)        0.124    12.303 r  cc/c/delay2/buf_inst_end/O
                         net (fo=1, routed)           0.640    12.943    cc/c/LB_out
    SLICE_X79Y47         LUT1 (Prop_lut1_I0_O)        0.124    13.067 f  cc/c/Ack_out_INST_0/O
                         net (fo=1, routed)           0.433    13.500    cc/b/Ack_in_a
    SLICE_X79Y47         LUT2 (Prop_lut2_I0_O)        0.124    13.624 f  cc/b/and_out_inferred_i_1/O
                         net (fo=2, routed)           0.800    14.423    cc/b/c0/Ack_in
    SLICE_X81Y48         LUT4 (Prop_lut4_I3_O)        0.124    14.547 r  cc/b/c0/nand3_out_inferred_i_1/O
                         net (fo=2, routed)           0.275    14.822    cc/b/c0/nand3_out
    SLICE_X81Y48         LUT3 (Prop_lut3_I2_O)        0.124    14.946 f  cc/b/c0/nand2_out_inferred_i_1/O
                         net (fo=1, routed)           0.656    15.602    cc/b/c0/nand2_out
    SLICE_X80Y48         LUT2 (Prop_lut2_I1_O)        0.124    15.726 r  cc/b/c0/nand1_out_inferred_i_1/O
                         net (fo=3, routed)           0.701    16.427    cc/b/c0/delay2/din
    SLICE_X82Y49         LUT1 (Prop_lut1_I0_O)        0.124    16.551 r  cc/b/c0/delay2/buf_inst_begin/O
                         net (fo=1, routed)           1.015    17.566    cc/b/c0/delay2/t[0]
    SLICE_X82Y52         LUT1 (Prop_lut1_I0_O)        0.148    17.714 r  cc/b/c0/delay2/delay_loop[0].buf_inst/O
                         net (fo=1, routed)           1.035    18.749    cc/b/c0/delay2/t[1]
    SLICE_X82Y52         LUT1 (Prop_lut1_I0_O)        0.356    19.105 r  cc/b/c0/delay2/delay_loop[1].buf_inst/O
                         net (fo=1, routed)           0.848    19.953    cc/b/c0/delay2/t[2]
    SLICE_X82Y52         LUT1 (Prop_lut1_I0_O)        0.377    20.330 r  cc/b/c0/delay2/delay_loop[2].buf_inst/O
                         net (fo=1, routed)           0.692    21.022    cc/b/c0/delay2/t[3]
    SLICE_X82Y52         LUT1 (Prop_lut1_I0_O)        0.331    21.353 r  cc/b/c0/delay2/buf_inst_end/O
                         net (fo=1, routed)           0.282    21.635    cc/b/c0/LB_out
    SLICE_X82Y52         LUT1 (Prop_lut1_I0_O)        0.124    21.759 f  cc/b/c0/Ack_out_INST_0/O
                         net (fo=4, routed)           0.326    22.085    cc/copy/Ack_in
    SLICE_X84Y51         LUT3 (Prop_lut3_I0_O)        0.124    22.209 f  cc/copy/and2_out_inferred_i_1/O
                         net (fo=2, routed)           0.552    22.761    cc/copy/CF1/Ack_in
    SLICE_X85Y54         LUT4 (Prop_lut4_I3_O)        0.124    22.885 r  cc/copy/CF1/nand3_out_inferred_i_1/O
                         net (fo=2, routed)           0.323    23.208    cc/copy/CF1/nand3_out
    SLICE_X86Y54         LUT3 (Prop_lut3_I2_O)        0.124    23.332 f  cc/copy/CF1/nand2_out_inferred_i_1/O
                         net (fo=1, routed)           0.286    23.619    cc/copy/CF1/nand2_out
    SLICE_X86Y54         LUT2 (Prop_lut2_I1_O)        0.124    23.743 r  cc/copy/CF1/nand1_out_inferred_i_1/O
                         net (fo=3, routed)           0.677    24.420    cc/copy/CF1/delay2/din
    SLICE_X87Y54         LUT1 (Prop_lut1_I0_O)        0.124    24.544 r  cc/copy/CF1/delay2/buf_inst_begin/O
                         net (fo=1, routed)           0.149    24.693    cc/copy/CF1/delay2/t[0]
    SLICE_X87Y54         LUT1 (Prop_lut1_I0_O)        0.124    24.817 r  cc/copy/CF1/delay2/delay_loop[0].buf_inst/O
                         net (fo=1, routed)           0.303    25.120    cc/copy/CF1/delay2/t[1]
    SLICE_X85Y54         LUT1 (Prop_lut1_I0_O)        0.124    25.244 r  cc/copy/CF1/delay2/delay_loop[1].buf_inst/O
                         net (fo=1, routed)           0.575    25.819    cc/copy/CF1/delay2/t[2]
    SLICE_X85Y54         LUT1 (Prop_lut1_I0_O)        0.150    25.969 r  cc/copy/CF1/delay2/delay_loop[2].buf_inst/O
                         net (fo=1, routed)           0.493    26.462    cc/copy/CF1/delay2/t[3]
    SLICE_X86Y50         LUT1 (Prop_lut1_I0_O)        0.326    26.788 r  cc/copy/CF1/delay2/buf_inst_end/O
                         net (fo=1, routed)           0.494    27.282    cc/copy/CF1/LB_out
    SLICE_X86Y50         LUT1 (Prop_lut1_I0_O)        0.124    27.406 f  cc/copy/CF1/Ack_out_INST_0/O
                         net (fo=2, routed)           1.181    28.587    cc/ma/Ack_in
    SLICE_X84Y46         LUT4 (Prop_lut4_I3_O)        0.124    28.711 r  cc/ma/nand3_out_inferred_i_1/O
                         net (fo=2, routed)           0.289    29.000    cc/ma/nand3_out
    SLICE_X84Y46         LUT3 (Prop_lut3_I2_O)        0.124    29.124 f  cc/ma/nand2_out_inferred_i_1/O
                         net (fo=1, routed)           0.656    29.780    cc/ma/nand2_out
    SLICE_X85Y46         LUT2 (Prop_lut2_I1_O)        0.124    29.904 r  cc/ma/nand1_out_inferred_i_1/O
                         net (fo=3, routed)           1.040    30.944    cc/ma/delay2/din
    SLICE_X79Y42         LUT1 (Prop_lut1_I0_O)        0.124    31.068 r  cc/ma/delay2/buf_inst_begin/O
                         net (fo=1, routed)           0.433    31.501    cc/ma/delay2/t[0]
    SLICE_X79Y42         LUT1 (Prop_lut1_I0_O)        0.124    31.625 r  cc/ma/delay2/delay_loop[0].buf_inst/O
                         net (fo=1, routed)           0.665    32.290    cc/ma/delay2/t[1]
    SLICE_X79Y42         LUT1 (Prop_lut1_I0_O)        0.152    32.442 r  cc/ma/delay2/delay_loop[1].buf_inst/O
                         net (fo=1, routed)           0.582    33.024    cc/ma/delay2/t[2]
    SLICE_X78Y41         LUT1 (Prop_lut1_I0_O)        0.326    33.350 r  cc/ma/delay2/delay_loop[2].buf_inst/O
                         net (fo=1, routed)           0.433    33.784    cc/ma/delay2/t[3]
    SLICE_X78Y41         LUT1 (Prop_lut1_I0_O)        0.124    33.908 r  cc/ma/delay2/delay_loop[3].buf_inst/O
                         net (fo=1, routed)           0.873    34.780    cc/ma/delay2/t[4]
    SLICE_X79Y41         LUT1 (Prop_lut1_I0_O)        0.124    34.904 r  cc/ma/delay2/delay_loop[4].buf_inst/O
                         net (fo=1, routed)           0.264    35.169    cc/ma/delay2/t[5]
    SLICE_X79Y41         LUT1 (Prop_lut1_I0_O)        0.124    35.293 r  cc/ma/delay2/delay_loop[5].buf_inst/O
                         net (fo=1, routed)           0.149    35.442    cc/ma/delay2/t[6]
    SLICE_X79Y41         LUT1 (Prop_lut1_I0_O)        0.124    35.566 r  cc/ma/delay2/delay_loop[6].buf_inst/O
                         net (fo=1, routed)           0.433    35.999    cc/ma/delay2/t[7]
    SLICE_X79Y41         LUT1 (Prop_lut1_I0_O)        0.124    36.123 r  cc/ma/delay2/delay_loop[7].buf_inst/O
                         net (fo=1, routed)           0.873    36.996    cc/ma/delay2/t[8]
    SLICE_X78Y41         LUT1 (Prop_lut1_I0_O)        0.124    37.120 r  cc/ma/delay2/buf_inst_end/O
                         net (fo=1, routed)           0.444    37.564    cc/ma/LB_out
    SLICE_X78Y41         LUT1 (Prop_lut1_I0_O)        0.124    37.688 f  cc/ma/Ack_out_INST_0/O
                         net (fo=1, routed)           0.756    38.444    cc/fp/Ack_in
    SLICE_X82Y41         LUT2 (Prop_lut2_I0_O)        0.124    38.568 f  cc/fp/and_out_inferred_i_1/O
                         net (fo=2, routed)           1.127    39.695    cc/fp/c0/Ack_in
    SLICE_X86Y37         LUT4 (Prop_lut4_I3_O)        0.124    39.819 r  cc/fp/c0/nand3_out_inferred_i_1/O
                         net (fo=2, routed)           0.817    40.636    cc/fp/c0/nand3_out
    SLICE_X84Y37         LUT3 (Prop_lut3_I2_O)        0.124    40.760 f  cc/fp/c0/nand2_out_inferred_i_1/O
                         net (fo=1, routed)           0.492    41.252    cc/fp/c0/nand2_out
    SLICE_X85Y37         LUT2 (Prop_lut2_I1_O)        0.124    41.376 r  cc/fp/c0/nand1_out_inferred_i_1/O
                         net (fo=3, routed)           0.831    42.207    cc/fp/c0/delay2/din
    SLICE_X85Y36         LUT1 (Prop_lut1_I0_O)        0.124    42.331 r  cc/fp/c0/delay2/buf_inst_begin/O
                         net (fo=1, routed)           0.873    43.204    cc/fp/c0/delay2/t[0]
    SLICE_X84Y36         LUT1 (Prop_lut1_I0_O)        0.124    43.328 r  cc/fp/c0/delay2/delay_loop[0].buf_inst/O
                         net (fo=1, routed)           0.158    43.486    cc/fp/c0/delay2/t[1]
    SLICE_X84Y36         LUT1 (Prop_lut1_I0_O)        0.124    43.610 r  cc/fp/c0/delay2/delay_loop[1].buf_inst/O
                         net (fo=1, routed)           0.433    44.043    cc/fp/c0/delay2/t[2]
    SLICE_X84Y36         LUT1 (Prop_lut1_I0_O)        0.124    44.167 r  cc/fp/c0/delay2/delay_loop[2].buf_inst/O
                         net (fo=1, routed)           0.674    44.842    cc/fp/c0/delay2/t[3]
    SLICE_X84Y36         LUT1 (Prop_lut1_I0_O)        0.124    44.966 r  cc/fp/c0/delay2/buf_inst_end/O
                         net (fo=1, routed)           0.639    45.605    cc/fp/c0/LB_out
    SLICE_X85Y37         LUT1 (Prop_lut1_I0_O)        0.124    45.729 f  cc/fp/c0/Ack_out_INST_0/O
                         net (fo=2, routed)           0.947    46.676    cc/ps/Ack_in
    SLICE_X82Y39         LUT4 (Prop_lut4_I3_O)        0.124    46.800 r  cc/ps/nand3_out_inferred_i_1/O
                         net (fo=2, routed)           0.299    47.099    cc/ps/nand3_out
    SLICE_X82Y39         LUT3 (Prop_lut3_I2_O)        0.124    47.223 f  cc/ps/nand2_out_inferred_i_1/O
                         net (fo=1, routed)           0.161    47.384    cc/ps/nand2_out
    SLICE_X82Y39         LUT2 (Prop_lut2_I1_O)        0.124    47.508 r  cc/ps/nand1_out_inferred_i_1/O
                         net (fo=3, routed)           0.843    48.351    cc/ps/delay2/din
    SLICE_X81Y40         LUT1 (Prop_lut1_I0_O)        0.124    48.475 r  cc/ps/delay2/buf_inst_begin/O
                         net (fo=1, routed)           0.264    48.739    cc/ps/delay2/t[0]
    SLICE_X81Y40         LUT1 (Prop_lut1_I0_O)        0.124    48.863 r  cc/ps/delay2/delay_loop[0].buf_inst/O
                         net (fo=1, routed)           0.149    49.012    cc/ps/delay2/t[1]
    SLICE_X81Y40         LUT1 (Prop_lut1_I0_O)        0.124    49.136 r  cc/ps/delay2/delay_loop[1].buf_inst/O
                         net (fo=1, routed)           0.433    49.569    cc/ps/delay2/t[2]
    SLICE_X81Y40         LUT1 (Prop_lut1_I0_O)        0.124    49.693 r  cc/ps/delay2/delay_loop[2].buf_inst/O
                         net (fo=1, routed)           0.302    49.996    cc/ps/delay2/t[3]
    SLICE_X80Y41         LUT1 (Prop_lut1_I0_O)        0.124    50.120 r  cc/ps/delay2/delay_loop[3].buf_inst/O
                         net (fo=1, routed)           0.873    50.993    cc/ps/delay2/t[4]
    SLICE_X81Y41         LUT1 (Prop_lut1_I0_O)        0.124    51.117 r  cc/ps/delay2/delay_loop[4].buf_inst/O
                         net (fo=1, routed)           0.264    51.381    cc/ps/delay2/t[5]
    SLICE_X81Y41         LUT1 (Prop_lut1_I0_O)        0.124    51.505 r  cc/ps/delay2/delay_loop[5].buf_inst/O
                         net (fo=1, routed)           0.149    51.654    cc/ps/delay2/t[6]
    SLICE_X81Y41         LUT1 (Prop_lut1_I0_O)        0.124    51.778 r  cc/ps/delay2/delay_loop[6].buf_inst/O
                         net (fo=1, routed)           0.433    52.211    cc/ps/delay2/t[7]
    SLICE_X81Y41         LUT1 (Prop_lut1_I0_O)        0.124    52.335 r  cc/ps/delay2/delay_loop[7].buf_inst/O
                         net (fo=1, routed)           0.502    52.837    cc/ps/delay2/t[8]
    SLICE_X80Y41         LUT1 (Prop_lut1_I0_O)        0.124    52.961 r  cc/ps/delay2/buf_inst_end/O
                         net (fo=1, routed)           0.159    53.120    cc/ps/LB_out
    SLICE_X80Y41         LUT1 (Prop_lut1_I0_O)        0.124    53.244 f  cc/ps/Ack_out_INST_0/O
                         net (fo=1, routed)           0.444    53.688    cc/mmram/Ack_in
    SLICE_X80Y41         LUT2 (Prop_lut2_I0_O)        0.124    53.812 f  cc/mmram/and_out_inferred_i_1/O
                         net (fo=2, routed)           0.938    54.750    cc/mmram/c0/Ack_in
    SLICE_X79Y43         LUT4 (Prop_lut4_I3_O)        0.124    54.874 r  cc/mmram/c0/nand3_out_inferred_i_1/O
                         net (fo=2, routed)           0.517    55.390    cc/mmram/c0/nand3_out
    SLICE_X78Y43         LUT3 (Prop_lut3_I2_O)        0.124    55.514 f  cc/mmram/c0/nand2_out_inferred_i_1/O
                         net (fo=1, routed)           0.279    55.793    cc/mmram/c0/nand2_out
    SLICE_X78Y43         LUT2 (Prop_lut2_I1_O)        0.124    55.917 r  cc/mmram/c0/nand1_out_inferred_i_1/O
                         net (fo=3, routed)           1.119    57.036    cc/mmram/c0/delay2/din
    SLICE_X81Y46         LUT1 (Prop_lut1_I0_O)        0.124    57.160 r  cc/mmram/c0/delay2/buf_inst_begin/O
                         net (fo=1, routed)           0.667    57.827    cc/mmram/c0/delay2/t[0]
    SLICE_X81Y46         LUT1 (Prop_lut1_I0_O)        0.152    57.979 r  cc/mmram/c0/delay2/delay_loop[0].buf_inst/O
                         net (fo=1, routed)           0.267    58.245    cc/mmram/c0/delay2/t[1]
    SLICE_X81Y46         LUT1 (Prop_lut1_I0_O)        0.328    58.573 r  cc/mmram/c0/delay2/delay_loop[1].buf_inst/O
                         net (fo=1, routed)           0.674    59.248    cc/mmram/c0/delay2/t[2]
    SLICE_X81Y46         LUT1 (Prop_lut1_I0_O)        0.352    59.600 r  cc/mmram/c0/delay2/delay_loop[2].buf_inst/O
                         net (fo=1, routed)           0.436    60.036    cc/mmram/c0/delay2/t[3]
    SLICE_X81Y46         LUT1 (Prop_lut1_I0_O)        0.358    60.394 r  cc/mmram/c0/delay2/buf_inst_end/O
                         net (fo=1, routed)           0.433    60.827    cc/mmram/c0/LB_out
    SLICE_X81Y46         LUT1 (Prop_lut1_I0_O)        0.326    61.153 f  cc/mmram/c0/Ack_out_INST_0/O
                         net (fo=2, routed)           0.812    61.965    cc/mmcam/Ack_in
    SLICE_X83Y46         LUT4 (Prop_lut4_I3_O)        0.124    62.089 r  cc/mmcam/nand3_out_inferred_i_1/O
                         net (fo=2, routed)           0.264    62.353    cc/mmcam/nand3_out
    SLICE_X83Y46         LUT3 (Prop_lut3_I2_O)        0.124    62.477 f  cc/mmcam/nand2_out_inferred_i_1/O
                         net (fo=1, routed)           0.154    62.631    cc/mmcam/nand2_out
    SLICE_X83Y46         LUT2 (Prop_lut2_I1_O)        0.124    62.755 r  cc/mmcam/nand1_out_inferred_i_1/O
                         net (fo=3, routed)           1.015    63.771    cc/mmcam/delay2/din
    SLICE_X80Y46         LUT1 (Prop_lut1_I0_O)        0.124    63.895 r  cc/mmcam/delay2/buf_inst_begin/O
                         net (fo=1, routed)           0.279    64.174    cc/mmcam/delay2/t[0]
    SLICE_X80Y46         LUT1 (Prop_lut1_I0_O)        0.124    64.298 r  cc/mmcam/delay2/delay_loop[0].buf_inst/O
                         net (fo=1, routed)           0.853    65.150    cc/mmcam/delay2/t[1]
    SLICE_X80Y46         LUT1 (Prop_lut1_I0_O)        0.124    65.274 r  cc/mmcam/delay2/delay_loop[1].buf_inst/O
                         net (fo=1, routed)           0.433    65.708    cc/mmcam/delay2/t[2]
    SLICE_X80Y46         LUT1 (Prop_lut1_I0_O)        0.124    65.832 r  cc/mmcam/delay2/delay_loop[2].buf_inst/O
                         net (fo=1, routed)           0.674    66.506    cc/mmcam/delay2/t[3]
    SLICE_X80Y46         LUT1 (Prop_lut1_I0_O)        0.152    66.658 r  cc/mmcam/delay2/delay_loop[3].buf_inst/O
                         net (fo=1, routed)           0.851    67.509    cc/mmcam/delay2/t[4]
    SLICE_X80Y46         LUT1 (Prop_lut1_I0_O)        0.354    67.863 r  cc/mmcam/delay2/delay_loop[4].buf_inst/O
                         net (fo=1, routed)           0.288    68.151    cc/mmcam/delay2/t[5]
    SLICE_X80Y46         LUT1 (Prop_lut1_I0_O)        0.328    68.479 r  cc/mmcam/delay2/delay_loop[5].buf_inst/O
                         net (fo=1, routed)           0.674    69.153    cc/mmcam/delay2/t[6]
    SLICE_X80Y46         LUT1 (Prop_lut1_I0_O)        0.352    69.505 r  cc/mmcam/delay2/delay_loop[6].buf_inst/O
                         net (fo=1, routed)           0.737    70.242    cc/mmcam/delay2/t[7]
    SLICE_X76Y46         LUT1 (Prop_lut1_I0_O)        0.361    70.603 r  cc/mmcam/delay2/delay_loop[7].buf_inst/O
                         net (fo=1, routed)           0.283    70.886    cc/mmcam/delay2/t[8]
    SLICE_X76Y46         LUT1 (Prop_lut1_I0_O)        0.322    71.208 r  cc/mmcam/delay2/buf_inst_end/O
                         net (fo=1, routed)           0.283    71.491    cc/mmcam/LB_out
    SLICE_X76Y46         LUT1 (Prop_lut1_I0_O)        0.332    71.823 f  cc/mmcam/Ack_out_INST_0/O
                         net (fo=4, routed)           0.828    72.651    cc/m/CJ2/Ack_in
    SLICE_X77Y47         LUT6 (Prop_lut6_I4_O)        0.124    72.775 r  cc/m/CJ2/nand3_out_inferred_i_1/O
                         net (fo=2, routed)           0.517    73.291    cc/m/CJ2/nand3_out
    SLICE_X76Y47         LUT3 (Prop_lut3_I2_O)        0.124    73.415 f  cc/m/CJ2/nand2_out_inferred_i_1/O
                         net (fo=1, routed)           0.669    74.084    cc/m/CJ2/nand2_out
    SLICE_X76Y47         LUT2 (Prop_lut2_I1_O)        0.124    74.208 r  cc/m/CJ2/nand1_out_inferred_i_1/O
                         net (fo=3, routed)           0.328    74.536    cc/m/CJ2/delay2/din
    SLICE_X74Y47         LUT1 (Prop_lut1_I0_O)        0.124    74.660 r  cc/m/CJ2/delay2/buf_inst_begin/O
                         net (fo=1, routed)           0.433    75.094    cc/m/CJ2/delay2/t[0]
    SLICE_X74Y47         LUT1 (Prop_lut1_I0_O)        0.124    75.218 r  cc/m/CJ2/delay2/delay_loop[0].buf_inst/O
                         net (fo=1, routed)           0.647    75.864    cc/m/CJ2/delay2/t[1]
    SLICE_X76Y48         LUT1 (Prop_lut1_I0_O)        0.124    75.988 r  cc/m/CJ2/delay2/delay_loop[1].buf_inst/O
                         net (fo=1, routed)           0.853    76.841    cc/m/CJ2/delay2/t[2]
    SLICE_X76Y48         LUT1 (Prop_lut1_I0_O)        0.124    76.965 r  cc/m/CJ2/delay2/delay_loop[2].buf_inst/O
                         net (fo=1, routed)           0.433    77.398    cc/m/CJ2/delay2/t[3]
    SLICE_X76Y48         LUT1 (Prop_lut1_I0_O)        0.124    77.522 r  cc/m/CJ2/delay2/delay_loop[3].buf_inst/O
                         net (fo=1, routed)           0.674    78.196    cc/m/CJ2/delay2/t[4]
    SLICE_X76Y48         LUT1 (Prop_lut1_I0_O)        0.152    78.348 r  cc/m/CJ2/delay2/delay_loop[4].buf_inst/O
                         net (fo=1, routed)           0.851    79.200    cc/m/CJ2/delay2/t[5]
    SLICE_X76Y48         LUT1 (Prop_lut1_I0_O)        0.354    79.554 r  cc/m/CJ2/delay2/delay_loop[5].buf_inst/O
                         net (fo=1, routed)           0.288    79.841    cc/m/CJ2/delay2/t[6]
    SLICE_X76Y48         LUT1 (Prop_lut1_I0_O)        0.328    80.169 r  cc/m/CJ2/delay2/delay_loop[6].buf_inst/O
                         net (fo=1, routed)           0.674    80.843    cc/m/CJ2/delay2/t[7]
    SLICE_X76Y48         LUT1 (Prop_lut1_I0_O)        0.352    81.195 r  cc/m/CJ2/delay2/delay_loop[7].buf_inst/O
                         net (fo=1, routed)           0.568    81.764    cc/m/CJ2/delay2/t[8]
    SLICE_X79Y48         LUT1 (Prop_lut1_I0_O)        0.332    82.096 r  cc/m/CJ2/delay2/buf_inst_end/O
                         net (fo=1, routed)           0.574    82.670    cc/m/CJ2/LB_out
    SLICE_X78Y47         LUT1 (Prop_lut1_I0_O)        0.124    82.794 f  cc/m/CJ2/Ack_out_INST_0/O
                         net (fo=2, routed)           0.679    83.473    cc/m/Ack_out_b
    SLICE_X78Y47         LUT3 (Prop_lut3_I1_O)        0.124    83.597 r  cc/m/nand4_out_inferred_i_1/O
                         net (fo=1, routed)           0.444    84.041    cc/m/nand4_out
    SLICE_X78Y47         LUT3 (Prop_lut3_I0_O)        0.124    84.165 f  cc/m/nand3_out_inferred_i_1/O
                         net (fo=2, routed)           0.679    84.844    cc/m/nand3_out
    SLICE_X78Y47         LUT2 (Prop_lut2_I0_O)        0.124    84.968 r  cc/m/nand6_out_inferred_i_1/O
                         net (fo=2, routed)           0.814    85.782    cc/m/nand6_out
    SLICE_X78Y46         LUT3 (Prop_lut3_I2_O)        0.124    85.906 f  cc/m/nand5_out_inferred_i_1/O
                         net (fo=2, routed)           0.802    86.708    cc/m/nand5_out
    SLICE_X77Y46         LUT2 (Prop_lut2_I0_O)        0.124    86.832 r  cc/m/nand7_out_inferred_i_1/O
                         net (fo=2, routed)           0.306    87.138    cc/m/nand7_out
    SLICE_X78Y46         LUT3 (Prop_lut3_I2_O)        0.124    87.262 f  cc/m/nand8_out_inferred_i_1/O
                         net (fo=2, routed)           0.991    88.253    cc/m/CJ1/g
    SLICE_X76Y46         LUT6 (Prop_lut6_I3_O)        0.124    88.377 r  cc/m/CJ1/nand3_out_inferred_i_1/O
                         net (fo=2, routed)           0.680    89.057    cc/m/CJ1/nand3_out
    SLICE_X76Y46         LUT2 (Prop_lut2_I0_O)        0.124    89.181 f  cc/m/CJ1/nand4_out_inferred_i_1/O
                         net (fo=1, routed)           0.848    90.029    cc/m/CJ1/nand4_out
    SLICE_X76Y46         LUT3 (Prop_lut3_I0_O)        0.124    90.153 r  cc/m/CJ1/nand5_out_inferred_i_1/O
                         net (fo=3, routed)           0.809    90.962    cc/m/CJ1/nand5_out
    SLICE_X76Y49         LUT1 (Prop_lut1_I0_O)        0.124    91.086 f  cc/m/CJ1/cp_INST_0/O
                         net (fo=55, routed)          0.647    91.733    cc/m/cp1
    SLICE_X78Y48         LUT1 (Prop_lut1_I0_O)        0.124    91.857 r  cc/m/z1_inferred_i_1/O
                         net (fo=3, routed)           0.171    92.028    cc/m/z1
    SLICE_X78Y48         LUT2 (Prop_lut2_I0_O)        0.124    92.152 r  cc/m/nor2_out_inferred_i_1/O
                         net (fo=55, routed)          4.305    96.456    m/SEL
    SLICE_X111Y78        LUT3 (Prop_lut3_I2_O)        0.124    96.580 r  m/PACKET_OUT[38]_INST_0/O
                         net (fo=129, routed)         7.515   104.095    mmcam/entry_fd_loop[14].ef/color_gen_dest_LR[3]
    SLICE_X102Y54        LUT6 (Prop_lut6_I3_O)        0.124   104.219 r  mmcam/entry_fd_loop[14].ef/FIRE_INST_0_i_8/O
                         net (fo=1, routed)           0.000   104.219    mmcam/entry_fd_loop[14].ef/FIRE_INST_0_i_8_n_0
    SLICE_X102Y54        CARRY4 (Prop_carry4_S[0]_CO[3])
                                                      0.513   104.732 r  mmcam/entry_fd_loop[14].ef/FIRE_INST_0_i_2/CO[3]
                         net (fo=1, routed)           0.000   104.732    mmcam/entry_fd_loop[14].ef/FIRE_INST_0_i_2_n_0
    SLICE_X102Y55        CARRY4 (Prop_carry4_CI_CO[1])
                                                      0.157   104.889 f  mmcam/entry_fd_loop[14].ef/FIRE_INST_0_i_1/CO[1]
                         net (fo=2, routed)           1.008   105.897    mmcam/entry_fd_loop[14].ef/FIRE1
    SLICE_X101Y62        LUT4 (Prop_lut4_I1_O)        0.332   106.229 f  mmcam/entry_fd_loop[14].ef/FIRE_INST_0/O
                         net (fo=4, routed)           0.578   106.806    mmcam/am_or_ma/FIRE[14]
    SLICE_X99Y61         LUT6 (Prop_lut6_I1_O)        0.124   106.930 f  mmcam/am_or_ma/R_ADDR_inferred_i_30/O
                         net (fo=7, routed)           1.247   108.178    mmcam/am_or_ma/R_ADDR_inferred_i_30_n_0
    SLICE_X105Y62        LUT4 (Prop_lut4_I3_O)        0.124   108.302 f  mmcam/am_or_ma/R_ADDR_inferred_i_41/O
                         net (fo=3, routed)           1.197   109.499    mmcam/am_or_ma/R_ADDR_inferred_i_41_n_0
    SLICE_X108Y62        LUT6 (Prop_lut6_I0_O)        0.124   109.623 f  mmcam/am_or_ma/FIRE_OR_inferred_i_7/O
                         net (fo=3, routed)           0.554   110.176    mmcam/am_or_ma/FIRE_OR_inferred_i_7_n_0
    SLICE_X104Y62        LUT6 (Prop_lut6_I1_O)        0.124   110.300 f  mmcam/am_or_ma/FIRE_OR_inferred_i_5/O
                         net (fo=2, routed)           0.542   110.843    mmcam/am_or_ma/FIRE_OR_inferred_i_5_n_0
    SLICE_X106Y63        LUT4 (Prop_lut4_I3_O)        0.124   110.967 f  mmcam/am_or_ma/FIRE_OR_inferred_i_1/O
                         net (fo=31, routed)          1.953   112.920    mmcam/am_or_ma/FIRE_OR
    SLICE_X93Y63         LUT3 (Prop_lut3_I0_O)        0.124   113.044 r  mmcam/am_or_ma/EN[61]_INST_0_i_2/O
                         net (fo=30, routed)          1.875   114.918    mmcam/am_or_ma/EN[61]_INST_0_i_2_n_0
    SLICE_X102Y68        LUT6 (Prop_lut6_I0_O)        0.124   115.042 f  mmcam/am_or_ma/EN[52]_INST_0_i_1/O
                         net (fo=1, routed)           1.140   116.182    mmcam/am_or_ma/EN[52]_INST_0_i_1_n_0
    SLICE_X100Y65        LUT6 (Prop_lut6_I1_O)        0.124   116.306 r  mmcam/am_or_ma/EN[52]_INST_0/O
                         net (fo=20, routed)          1.406   117.712    mmcam/entry_fd_loop[52].ef/EN
    SLICE_X108Y72        FDRE                                         r  mmcam/entry_fd_loop[52].ef/ENTRY_reg[18]/CE
  -------------------------------------------------------------------    -------------------

Slack:                    inf
  Source:                 Ack_in
                            (input port)
  Destination:            mmcam/entry_fd_loop[52].ef/VALID_reg/D
  Path Group:             (none)
  Path Type:              Max at Slow Process Corner
  Data Path Delay:        117.700ns  (logic 22.462ns (19.084%)  route 95.239ns (80.916%))
  Logic Levels:           135  (CARRY4=2 IBUF=1 LUT1=79 LUT2=16 LUT3=17 LUT4=11 LUT5=1 LUT6=8)

    Location             Delay type                Incr(ns)  Path(ns)    Netlist Resource(s)
  -------------------------------------------------------------------    -------------------
    U7                                                0.000     0.000 f  Ack_in (IN)
                         net (fo=0)                   0.000     0.000    Ack_in
    U7                   IBUF (Prop_ibuf_I_O)         0.915     0.915 f  Ack_in_IBUF_inst/O
                         net (fo=2, routed)           4.929     5.843    cc/c/Ack_in
    SLICE_X76Y44         LUT4 (Prop_lut4_I3_O)        0.124     5.967 r  cc/c/nand3_out_inferred_i_1/O
                         net (fo=2, routed)           0.859     6.826    cc/c/nand3_out
    SLICE_X76Y44         LUT3 (Prop_lut3_I2_O)        0.124     6.950 f  cc/c/nand2_out_inferred_i_1/O
                         net (fo=1, routed)           0.158     7.108    cc/c/nand2_out
    SLICE_X76Y44         LUT2 (Prop_lut2_I1_O)        0.124     7.232 r  cc/c/nand1_out_inferred_i_1/O
                         net (fo=3, routed)           0.725     7.957    cc/c/delay2/din
    SLICE_X77Y44         LUT1 (Prop_lut1_I0_O)        0.124     8.081 r  cc/c/delay2/buf_inst_begin/O
                         net (fo=1, routed)           0.264     8.345    cc/c/delay2/t[0]
    SLICE_X77Y44         LUT1 (Prop_lut1_I0_O)        0.124     8.469 r  cc/c/delay2/delay_loop[0].buf_inst/O
                         net (fo=1, routed)           0.707     9.176    cc/c/delay2/t[1]
    SLICE_X76Y44         LUT1 (Prop_lut1_I0_O)        0.124     9.300 r  cc/c/delay2/delay_loop[1].buf_inst/O
                         net (fo=1, routed)           0.640     9.940    cc/c/delay2/t[2]
    SLICE_X78Y45         LUT1 (Prop_lut1_I0_O)        0.124    10.064 r  cc/c/delay2/delay_loop[2].buf_inst/O
                         net (fo=1, routed)           0.279    10.343    cc/c/delay2/t[3]
    SLICE_X78Y45         LUT1 (Prop_lut1_I0_O)        0.124    10.467 r  cc/c/delay2/delay_loop[3].buf_inst/O
                         net (fo=1, routed)           0.158    10.625    cc/c/delay2/t[4]
    SLICE_X78Y45         LUT1 (Prop_lut1_I0_O)        0.124    10.749 r  cc/c/delay2/delay_loop[4].buf_inst/O
                         net (fo=1, routed)           0.433    11.182    cc/c/delay2/t[5]
    SLICE_X78Y45         LUT1 (Prop_lut1_I0_O)        0.124    11.306 r  cc/c/delay2/delay_loop[5].buf_inst/O
                         net (fo=1, routed)           0.873    12.179    cc/c/delay2/t[6]
    SLICE_X79Y45         LUT1 (Prop_lut1_I0_O)        0.124    12.303 r  cc/c/delay2/buf_inst_end/O
                         net (fo=1, routed)           0.640    12.943    cc/c/LB_out
    SLICE_X79Y47         LUT1 (Prop_lut1_I0_O)        0.124    13.067 f  cc/c/Ack_out_INST_0/O
                         net (fo=1, routed)           0.433    13.500    cc/b/Ack_in_a
    SLICE_X79Y47         LUT2 (Prop_lut2_I0_O)        0.124    13.624 f  cc/b/and_out_inferred_i_1/O
                         net (fo=2, routed)           0.800    14.423    cc/b/c0/Ack_in
    SLICE_X81Y48         LUT4 (Prop_lut4_I3_O)        0.124    14.547 r  cc/b/c0/nand3_out_inferred_i_1/O
                         net (fo=2, routed)           0.275    14.822    cc/b/c0/nand3_out
    SLICE_X81Y48         LUT3 (Prop_lut3_I2_O)        0.124    14.946 f  cc/b/c0/nand2_out_inferred_i_1/O
                         net (fo=1, routed)           0.656    15.602    cc/b/c0/nand2_out
    SLICE_X80Y48         LUT2 (Prop_lut2_I1_O)        0.124    15.726 r  cc/b/c0/nand1_out_inferred_i_1/O
                         net (fo=3, routed)           0.701    16.427    cc/b/c0/delay2/din
    SLICE_X82Y49         LUT1 (Prop_lut1_I0_O)        0.124    16.551 r  cc/b/c0/delay2/buf_inst_begin/O
                         net (fo=1, routed)           1.015    17.566    cc/b/c0/delay2/t[0]
    SLICE_X82Y52         LUT1 (Prop_lut1_I0_O)        0.148    17.714 r  cc/b/c0/delay2/delay_loop[0].buf_inst/O
                         net (fo=1, routed)           1.035    18.749    cc/b/c0/delay2/t[1]
    SLICE_X82Y52         LUT1 (Prop_lut1_I0_O)        0.356    19.105 r  cc/b/c0/delay2/delay_loop[1].buf_inst/O
                         net (fo=1, routed)           0.848    19.953    cc/b/c0/delay2/t[2]
    SLICE_X82Y52         LUT1 (Prop_lut1_I0_O)        0.377    20.330 r  cc/b/c0/delay2/delay_loop[2].buf_inst/O
                         net (fo=1, routed)           0.692    21.022    cc/b/c0/delay2/t[3]
    SLICE_X82Y52         LUT1 (Prop_lut1_I0_O)        0.331    21.353 r  cc/b/c0/delay2/buf_inst_end/O
                         net (fo=1, routed)           0.282    21.635    cc/b/c0/LB_out
    SLICE_X82Y52         LUT1 (Prop_lut1_I0_O)        0.124    21.759 f  cc/b/c0/Ack_out_INST_0/O
                         net (fo=4, routed)           0.326    22.085    cc/copy/Ack_in
    SLICE_X84Y51         LUT3 (Prop_lut3_I0_O)        0.124    22.209 f  cc/copy/and2_out_inferred_i_1/O
                         net (fo=2, routed)           0.552    22.761    cc/copy/CF1/Ack_in
    SLICE_X85Y54         LUT4 (Prop_lut4_I3_O)        0.124    22.885 r  cc/copy/CF1/nand3_out_inferred_i_1/O
                         net (fo=2, routed)           0.323    23.208    cc/copy/CF1/nand3_out
    SLICE_X86Y54         LUT3 (Prop_lut3_I2_O)        0.124    23.332 f  cc/copy/CF1/nand2_out_inferred_i_1/O
                         net (fo=1, routed)           0.286    23.619    cc/copy/CF1/nand2_out
    SLICE_X86Y54         LUT2 (Prop_lut2_I1_O)        0.124    23.743 r  cc/copy/CF1/nand1_out_inferred_i_1/O
                         net (fo=3, routed)           0.677    24.420    cc/copy/CF1/delay2/din
    SLICE_X87Y54         LUT1 (Prop_lut1_I0_O)        0.124    24.544 r  cc/copy/CF1/delay2/buf_inst_begin/O
                         net (fo=1, routed)           0.149    24.693    cc/copy/CF1/delay2/t[0]
    SLICE_X87Y54         LUT1 (Prop_lut1_I0_O)        0.124    24.817 r  cc/copy/CF1/delay2/delay_loop[0].buf_inst/O
                         net (fo=1, routed)           0.303    25.120    cc/copy/CF1/delay2/t[1]
    SLICE_X85Y54         LUT1 (Prop_lut1_I0_O)        0.124    25.244 r  cc/copy/CF1/delay2/delay_loop[1].buf_inst/O
                         net (fo=1, routed)           0.575    25.819    cc/copy/CF1/delay2/t[2]
    SLICE_X85Y54         LUT1 (Prop_lut1_I0_O)        0.150    25.969 r  cc/copy/CF1/delay2/delay_loop[2].buf_inst/O
                         net (fo=1, routed)           0.493    26.462    cc/copy/CF1/delay2/t[3]
    SLICE_X86Y50         LUT1 (Prop_lut1_I0_O)        0.326    26.788 r  cc/copy/CF1/delay2/buf_inst_end/O
                         net (fo=1, routed)           0.494    27.282    cc/copy/CF1/LB_out
    SLICE_X86Y50         LUT1 (Prop_lut1_I0_O)        0.124    27.406 f  cc/copy/CF1/Ack_out_INST_0/O
                         net (fo=2, routed)           1.181    28.587    cc/ma/Ack_in
    SLICE_X84Y46         LUT4 (Prop_lut4_I3_O)        0.124    28.711 r  cc/ma/nand3_out_inferred_i_1/O
                         net (fo=2, routed)           0.289    29.000    cc/ma/nand3_out
    SLICE_X84Y46         LUT3 (Prop_lut3_I2_O)        0.124    29.124 f  cc/ma/nand2_out_inferred_i_1/O
                         net (fo=1, routed)           0.656    29.780    cc/ma/nand2_out
    SLICE_X85Y46         LUT2 (Prop_lut2_I1_O)        0.124    29.904 r  cc/ma/nand1_out_inferred_i_1/O
                         net (fo=3, routed)           1.040    30.944    cc/ma/delay2/din
    SLICE_X79Y42         LUT1 (Prop_lut1_I0_O)        0.124    31.068 r  cc/ma/delay2/buf_inst_begin/O
                         net (fo=1, routed)           0.433    31.501    cc/ma/delay2/t[0]
    SLICE_X79Y42         LUT1 (Prop_lut1_I0_O)        0.124    31.625 r  cc/ma/delay2/delay_loop[0].buf_inst/O
                         net (fo=1, routed)           0.665    32.290    cc/ma/delay2/t[1]
    SLICE_X79Y42         LUT1 (Prop_lut1_I0_O)        0.152    32.442 r  cc/ma/delay2/delay_loop[1].buf_inst/O
                         net (fo=1, routed)           0.582    33.024    cc/ma/delay2/t[2]
    SLICE_X78Y41         LUT1 (Prop_lut1_I0_O)        0.326    33.350 r  cc/ma/delay2/delay_loop[2].buf_inst/O
                         net (fo=1, routed)           0.433    33.784    cc/ma/delay2/t[3]
    SLICE_X78Y41         LUT1 (Prop_lut1_I0_O)        0.124    33.908 r  cc/ma/delay2/delay_loop[3].buf_inst/O
                         net (fo=1, routed)           0.873    34.780    cc/ma/delay2/t[4]
    SLICE_X79Y41         LUT1 (Prop_lut1_I0_O)        0.124    34.904 r  cc/ma/delay2/delay_loop[4].buf_inst/O
                         net (fo=1, routed)           0.264    35.169    cc/ma/delay2/t[5]
    SLICE_X79Y41         LUT1 (Prop_lut1_I0_O)        0.124    35.293 r  cc/ma/delay2/delay_loop[5].buf_inst/O
                         net (fo=1, routed)           0.149    35.442    cc/ma/delay2/t[6]
    SLICE_X79Y41         LUT1 (Prop_lut1_I0_O)        0.124    35.566 r  cc/ma/delay2/delay_loop[6].buf_inst/O
                         net (fo=1, routed)           0.433    35.999    cc/ma/delay2/t[7]
    SLICE_X79Y41         LUT1 (Prop_lut1_I0_O)        0.124    36.123 r  cc/ma/delay2/delay_loop[7].buf_inst/O
                         net (fo=1, routed)           0.873    36.996    cc/ma/delay2/t[8]
    SLICE_X78Y41         LUT1 (Prop_lut1_I0_O)        0.124    37.120 r  cc/ma/delay2/buf_inst_end/O
                         net (fo=1, routed)           0.444    37.564    cc/ma/LB_out
    SLICE_X78Y41         LUT1 (Prop_lut1_I0_O)        0.124    37.688 f  cc/ma/Ack_out_INST_0/O
                         net (fo=1, routed)           0.756    38.444    cc/fp/Ack_in
    SLICE_X82Y41         LUT2 (Prop_lut2_I0_O)        0.124    38.568 f  cc/fp/and_out_inferred_i_1/O
                         net (fo=2, routed)           1.127    39.695    cc/fp/c0/Ack_in
    SLICE_X86Y37         LUT4 (Prop_lut4_I3_O)        0.124    39.819 r  cc/fp/c0/nand3_out_inferred_i_1/O
                         net (fo=2, routed)           0.817    40.636    cc/fp/c0/nand3_out
    SLICE_X84Y37         LUT3 (Prop_lut3_I2_O)        0.124    40.760 f  cc/fp/c0/nand2_out_inferred_i_1/O
                         net (fo=1, routed)           0.492    41.252    cc/fp/c0/nand2_out
    SLICE_X85Y37         LUT2 (Prop_lut2_I1_O)        0.124    41.376 r  cc/fp/c0/nand1_out_inferred_i_1/O
                         net (fo=3, routed)           0.831    42.207    cc/fp/c0/delay2/din
    SLICE_X85Y36         LUT1 (Prop_lut1_I0_O)        0.124    42.331 r  cc/fp/c0/delay2/buf_inst_begin/O
                         net (fo=1, routed)           0.873    43.204    cc/fp/c0/delay2/t[0]
    SLICE_X84Y36         LUT1 (Prop_lut1_I0_O)        0.124    43.328 r  cc/fp/c0/delay2/delay_loop[0].buf_inst/O
                         net (fo=1, routed)           0.158    43.486    cc/fp/c0/delay2/t[1]
    SLICE_X84Y36         LUT1 (Prop_lut1_I0_O)        0.124    43.610 r  cc/fp/c0/delay2/delay_loop[1].buf_inst/O
                         net (fo=1, routed)           0.433    44.043    cc/fp/c0/delay2/t[2]
    SLICE_X84Y36         LUT1 (Prop_lut1_I0_O)        0.124    44.167 r  cc/fp/c0/delay2/delay_loop[2].buf_inst/O
                         net (fo=1, routed)           0.674    44.842    cc/fp/c0/delay2/t[3]
    SLICE_X84Y36         LUT1 (Prop_lut1_I0_O)        0.124    44.966 r  cc/fp/c0/delay2/buf_inst_end/O
                         net (fo=1, routed)           0.639    45.605    cc/fp/c0/LB_out
    SLICE_X85Y37         LUT1 (Prop_lut1_I0_O)        0.124    45.729 f  cc/fp/c0/Ack_out_INST_0/O
                         net (fo=2, routed)           0.947    46.676    cc/ps/Ack_in
    SLICE_X82Y39         LUT4 (Prop_lut4_I3_O)        0.124    46.800 r  cc/ps/nand3_out_inferred_i_1/O
                         net (fo=2, routed)           0.299    47.099    cc/ps/nand3_out
    SLICE_X82Y39         LUT3 (Prop_lut3_I2_O)        0.124    47.223 f  cc/ps/nand2_out_inferred_i_1/O
                         net (fo=1, routed)           0.161    47.384    cc/ps/nand2_out
    SLICE_X82Y39         LUT2 (Prop_lut2_I1_O)        0.124    47.508 r  cc/ps/nand1_out_inferred_i_1/O
                         net (fo=3, routed)           0.843    48.351    cc/ps/delay2/din
    SLICE_X81Y40         LUT1 (Prop_lut1_I0_O)        0.124    48.475 r  cc/ps/delay2/buf_inst_begin/O
                         net (fo=1, routed)           0.264    48.739    cc/ps/delay2/t[0]
    SLICE_X81Y40         LUT1 (Prop_lut1_I0_O)        0.124    48.863 r  cc/ps/delay2/delay_loop[0].buf_inst/O
                         net (fo=1, routed)           0.149    49.012    cc/ps/delay2/t[1]
    SLICE_X81Y40         LUT1 (Prop_lut1_I0_O)        0.124    49.136 r  cc/ps/delay2/delay_loop[1].buf_inst/O
                         net (fo=1, routed)           0.433    49.569    cc/ps/delay2/t[2]
    SLICE_X81Y40         LUT1 (Prop_lut1_I0_O)        0.124    49.693 r  cc/ps/delay2/delay_loop[2].buf_inst/O
                         net (fo=1, routed)           0.302    49.996    cc/ps/delay2/t[3]
    SLICE_X80Y41         LUT1 (Prop_lut1_I0_O)        0.124    50.120 r  cc/ps/delay2/delay_loop[3].buf_inst/O
                         net (fo=1, routed)           0.873    50.993    cc/ps/delay2/t[4]
    SLICE_X81Y41         LUT1 (Prop_lut1_I0_O)        0.124    51.117 r  cc/ps/delay2/delay_loop[4].buf_inst/O
                         net (fo=1, routed)           0.264    51.381    cc/ps/delay2/t[5]
    SLICE_X81Y41         LUT1 (Prop_lut1_I0_O)        0.124    51.505 r  cc/ps/delay2/delay_loop[5].buf_inst/O
                         net (fo=1, routed)           0.149    51.654    cc/ps/delay2/t[6]
    SLICE_X81Y41         LUT1 (Prop_lut1_I0_O)        0.124    51.778 r  cc/ps/delay2/delay_loop[6].buf_inst/O
                         net (fo=1, routed)           0.433    52.211    cc/ps/delay2/t[7]
    SLICE_X81Y41         LUT1 (Prop_lut1_I0_O)        0.124    52.335 r  cc/ps/delay2/delay_loop[7].buf_inst/O
                         net (fo=1, routed)           0.502    52.837    cc/ps/delay2/t[8]
    SLICE_X80Y41         LUT1 (Prop_lut1_I0_O)        0.124    52.961 r  cc/ps/delay2/buf_inst_end/O
                         net (fo=1, routed)           0.159    53.120    cc/ps/LB_out
    SLICE_X80Y41         LUT1 (Prop_lut1_I0_O)        0.124    53.244 f  cc/ps/Ack_out_INST_0/O
                         net (fo=1, routed)           0.444    53.688    cc/mmram/Ack_in
    SLICE_X80Y41         LUT2 (Prop_lut2_I0_O)        0.124    53.812 f  cc/mmram/and_out_inferred_i_1/O
                         net (fo=2, routed)           0.938    54.750    cc/mmram/c0/Ack_in
    SLICE_X79Y43         LUT4 (Prop_lut4_I3_O)        0.124    54.874 r  cc/mmram/c0/nand3_out_inferred_i_1/O
                         net (fo=2, routed)           0.517    55.390    cc/mmram/c0/nand3_out
    SLICE_X78Y43         LUT3 (Prop_lut3_I2_O)        0.124    55.514 f  cc/mmram/c0/nand2_out_inferred_i_1/O
                         net (fo=1, routed)           0.279    55.793    cc/mmram/c0/nand2_out
    SLICE_X78Y43         LUT2 (Prop_lut2_I1_O)        0.124    55.917 r  cc/mmram/c0/nand1_out_inferred_i_1/O
                         net (fo=3, routed)           1.119    57.036    cc/mmram/c0/delay2/din
    SLICE_X81Y46         LUT1 (Prop_lut1_I0_O)        0.124    57.160 r  cc/mmram/c0/delay2/buf_inst_begin/O
                         net (fo=1, routed)           0.667    57.827    cc/mmram/c0/delay2/t[0]
    SLICE_X81Y46         LUT1 (Prop_lut1_I0_O)        0.152    57.979 r  cc/mmram/c0/delay2/delay_loop[0].buf_inst/O
                         net (fo=1, routed)           0.267    58.245    cc/mmram/c0/delay2/t[1]
    SLICE_X81Y46         LUT1 (Prop_lut1_I0_O)        0.328    58.573 r  cc/mmram/c0/delay2/delay_loop[1].buf_inst/O
                         net (fo=1, routed)           0.674    59.248    cc/mmram/c0/delay2/t[2]
    SLICE_X81Y46         LUT1 (Prop_lut1_I0_O)        0.352    59.600 r  cc/mmram/c0/delay2/delay_loop[2].buf_inst/O
                         net (fo=1, routed)           0.436    60.036    cc/mmram/c0/delay2/t[3]
    SLICE_X81Y46         LUT1 (Prop_lut1_I0_O)        0.358    60.394 r  cc/mmram/c0/delay2/buf_inst_end/O
                         net (fo=1, routed)           0.433    60.827    cc/mmram/c0/LB_out
    SLICE_X81Y46         LUT1 (Prop_lut1_I0_O)        0.326    61.153 f  cc/mmram/c0/Ack_out_INST_0/O
                         net (fo=2, routed)           0.812    61.965    cc/mmcam/Ack_in
    SLICE_X83Y46         LUT4 (Prop_lut4_I3_O)        0.124    62.089 r  cc/mmcam/nand3_out_inferred_i_1/O
                         net (fo=2, routed)           0.264    62.353    cc/mmcam/nand3_out
    SLICE_X83Y46         LUT3 (Prop_lut3_I2_O)        0.124    62.477 f  cc/mmcam/nand2_out_inferred_i_1/O
                         net (fo=1, routed)           0.154    62.631    cc/mmcam/nand2_out
    SLICE_X83Y46         LUT2 (Prop_lut2_I1_O)        0.124    62.755 r  cc/mmcam/nand1_out_inferred_i_1/O
                         net (fo=3, routed)           1.015    63.771    cc/mmcam/delay2/din
    SLICE_X80Y46         LUT1 (Prop_lut1_I0_O)        0.124    63.895 r  cc/mmcam/delay2/buf_inst_begin/O
                         net (fo=1, routed)           0.279    64.174    cc/mmcam/delay2/t[0]
    SLICE_X80Y46         LUT1 (Prop_lut1_I0_O)        0.124    64.298 r  cc/mmcam/delay2/delay_loop[0].buf_inst/O
                         net (fo=1, routed)           0.853    65.150    cc/mmcam/delay2/t[1]
    SLICE_X80Y46         LUT1 (Prop_lut1_I0_O)        0.124    65.274 r  cc/mmcam/delay2/delay_loop[1].buf_inst/O
                         net (fo=1, routed)           0.433    65.708    cc/mmcam/delay2/t[2]
    SLICE_X80Y46         LUT1 (Prop_lut1_I0_O)        0.124    65.832 r  cc/mmcam/delay2/delay_loop[2].buf_inst/O
                         net (fo=1, routed)           0.674    66.506    cc/mmcam/delay2/t[3]
    SLICE_X80Y46         LUT1 (Prop_lut1_I0_O)        0.152    66.658 r  cc/mmcam/delay2/delay_loop[3].buf_inst/O
                         net (fo=1, routed)           0.851    67.509    cc/mmcam/delay2/t[4]
    SLICE_X80Y46         LUT1 (Prop_lut1_I0_O)        0.354    67.863 r  cc/mmcam/delay2/delay_loop[4].buf_inst/O
                         net (fo=1, routed)           0.288    68.151    cc/mmcam/delay2/t[5]
    SLICE_X80Y46         LUT1 (Prop_lut1_I0_O)        0.328    68.479 r  cc/mmcam/delay2/delay_loop[5].buf_inst/O
                         net (fo=1, routed)           0.674    69.153    cc/mmcam/delay2/t[6]
    SLICE_X80Y46         LUT1 (Prop_lut1_I0_O)        0.352    69.505 r  cc/mmcam/delay2/delay_loop[6].buf_inst/O
                         net (fo=1, routed)           0.737    70.242    cc/mmcam/delay2/t[7]
    SLICE_X76Y46         LUT1 (Prop_lut1_I0_O)        0.361    70.603 r  cc/mmcam/delay2/delay_loop[7].buf_inst/O
                         net (fo=1, routed)           0.283    70.886    cc/mmcam/delay2/t[8]
    SLICE_X76Y46         LUT1 (Prop_lut1_I0_O)        0.322    71.208 r  cc/mmcam/delay2/buf_inst_end/O
                         net (fo=1, routed)           0.283    71.491    cc/mmcam/LB_out
    SLICE_X76Y46         LUT1 (Prop_lut1_I0_O)        0.332    71.823 f  cc/mmcam/Ack_out_INST_0/O
                         net (fo=4, routed)           0.828    72.651    cc/m/CJ2/Ack_in
    SLICE_X77Y47         LUT6 (Prop_lut6_I4_O)        0.124    72.775 r  cc/m/CJ2/nand3_out_inferred_i_1/O
                         net (fo=2, routed)           0.517    73.291    cc/m/CJ2/nand3_out
    SLICE_X76Y47         LUT3 (Prop_lut3_I2_O)        0.124    73.415 f  cc/m/CJ2/nand2_out_inferred_i_1/O
                         net (fo=1, routed)           0.669    74.084    cc/m/CJ2/nand2_out
    SLICE_X76Y47         LUT2 (Prop_lut2_I1_O)        0.124    74.208 r  cc/m/CJ2/nand1_out_inferred_i_1/O
                         net (fo=3, routed)           0.328    74.536    cc/m/CJ2/delay2/din
    SLICE_X74Y47         LUT1 (Prop_lut1_I0_O)        0.124    74.660 r  cc/m/CJ2/delay2/buf_inst_begin/O
                         net (fo=1, routed)           0.433    75.094    cc/m/CJ2/delay2/t[0]
    SLICE_X74Y47         LUT1 (Prop_lut1_I0_O)        0.124    75.218 r  cc/m/CJ2/delay2/delay_loop[0].buf_inst/O
                         net (fo=1, routed)           0.647    75.864    cc/m/CJ2/delay2/t[1]
    SLICE_X76Y48         LUT1 (Prop_lut1_I0_O)        0.124    75.988 r  cc/m/CJ2/delay2/delay_loop[1].buf_inst/O
                         net (fo=1, routed)           0.853    76.841    cc/m/CJ2/delay2/t[2]
    SLICE_X76Y48         LUT1 (Prop_lut1_I0_O)        0.124    76.965 r  cc/m/CJ2/delay2/delay_loop[2].buf_inst/O
                         net (fo=1, routed)           0.433    77.398    cc/m/CJ2/delay2/t[3]
    SLICE_X76Y48         LUT1 (Prop_lut1_I0_O)        0.124    77.522 r  cc/m/CJ2/delay2/delay_loop[3].buf_inst/O
                         net (fo=1, routed)           0.674    78.196    cc/m/CJ2/delay2/t[4]
    SLICE_X76Y48         LUT1 (Prop_lut1_I0_O)        0.152    78.348 r  cc/m/CJ2/delay2/delay_loop[4].buf_inst/O
                         net (fo=1, routed)           0.851    79.200    cc/m/CJ2/delay2/t[5]
    SLICE_X76Y48         LUT1 (Prop_lut1_I0_O)        0.354    79.554 r  cc/m/CJ2/delay2/delay_loop[5].buf_inst/O
                         net (fo=1, routed)           0.288    79.841    cc/m/CJ2/delay2/t[6]
    SLICE_X76Y48         LUT1 (Prop_lut1_I0_O)        0.328    80.169 r  cc/m/CJ2/delay2/delay_loop[6].buf_inst/O
                         net (fo=1, routed)           0.674    80.843    cc/m/CJ2/delay2/t[7]
    SLICE_X76Y48         LUT1 (Prop_lut1_I0_O)        0.352    81.195 r  cc/m/CJ2/delay2/delay_loop[7].buf_inst/O
                         net (fo=1, routed)           0.568    81.764    cc/m/CJ2/delay2/t[8]
    SLICE_X79Y48         LUT1 (Prop_lut1_I0_O)        0.332    82.096 r  cc/m/CJ2/delay2/buf_inst_end/O
                         net (fo=1, routed)           0.574    82.670    cc/m/CJ2/LB_out
    SLICE_X78Y47         LUT1 (Prop_lut1_I0_O)        0.124    82.794 f  cc/m/CJ2/Ack_out_INST_0/O
                         net (fo=2, routed)           0.679    83.473    cc/m/Ack_out_b
    SLICE_X78Y47         LUT3 (Prop_lut3_I1_O)        0.124    83.597 r  cc/m/nand4_out_inferred_i_1/O
                         net (fo=1, routed)           0.444    84.041    cc/m/nand4_out
    SLICE_X78Y47         LUT3 (Prop_lut3_I0_O)        0.124    84.165 f  cc/m/nand3_out_inferred_i_1/O
                         net (fo=2, routed)           0.679    84.844    cc/m/nand3_out
    SLICE_X78Y47         LUT2 (Prop_lut2_I0_O)        0.124    84.968 r  cc/m/nand6_out_inferred_i_1/O
                         net (fo=2, routed)           0.814    85.782    cc/m/nand6_out
    SLICE_X78Y46         LUT3 (Prop_lut3_I2_O)        0.124    85.906 f  cc/m/nand5_out_inferred_i_1/O
                         net (fo=2, routed)           0.802    86.708    cc/m/nand5_out
    SLICE_X77Y46         LUT2 (Prop_lut2_I0_O)        0.124    86.832 r  cc/m/nand7_out_inferred_i_1/O
                         net (fo=2, routed)           0.306    87.138    cc/m/nand7_out
    SLICE_X78Y46         LUT3 (Prop_lut3_I2_O)        0.124    87.262 f  cc/m/nand8_out_inferred_i_1/O
                         net (fo=2, routed)           0.991    88.253    cc/m/CJ1/g
    SLICE_X76Y46         LUT6 (Prop_lut6_I3_O)        0.124    88.377 r  cc/m/CJ1/nand3_out_inferred_i_1/O
                         net (fo=2, routed)           0.680    89.057    cc/m/CJ1/nand3_out
    SLICE_X76Y46         LUT2 (Prop_lut2_I0_O)        0.124    89.181 f  cc/m/CJ1/nand4_out_inferred_i_1/O
                         net (fo=1, routed)           0.848    90.029    cc/m/CJ1/nand4_out
    SLICE_X76Y46         LUT3 (Prop_lut3_I0_O)        0.124    90.153 r  cc/m/CJ1/nand5_out_inferred_i_1/O
                         net (fo=3, routed)           0.809    90.962    cc/m/CJ1/nand5_out
    SLICE_X76Y49         LUT1 (Prop_lut1_I0_O)        0.124    91.086 f  cc/m/CJ1/cp_INST_0/O
                         net (fo=55, routed)          0.647    91.733    cc/m/cp1
    SLICE_X78Y48         LUT1 (Prop_lut1_I0_O)        0.124    91.857 r  cc/m/z1_inferred_i_1/O
                         net (fo=3, routed)           0.171    92.028    cc/m/z1
    SLICE_X78Y48         LUT2 (Prop_lut2_I0_O)        0.124    92.152 r  cc/m/nor2_out_inferred_i_1/O
                         net (fo=55, routed)          4.305    96.456    m/SEL
    SLICE_X111Y78        LUT3 (Prop_lut3_I2_O)        0.124    96.580 r  m/PACKET_OUT[38]_INST_0/O
                         net (fo=129, routed)         7.515   104.095    mmcam/entry_fd_loop[14].ef/color_gen_dest_LR[3]
    SLICE_X102Y54        LUT6 (Prop_lut6_I3_O)        0.124   104.219 r  mmcam/entry_fd_loop[14].ef/FIRE_INST_0_i_8/O
                         net (fo=1, routed)           0.000   104.219    mmcam/entry_fd_loop[14].ef/FIRE_INST_0_i_8_n_0
    SLICE_X102Y54        CARRY4 (Prop_carry4_S[0]_CO[3])
                                                      0.513   104.732 r  mmcam/entry_fd_loop[14].ef/FIRE_INST_0_i_2/CO[3]
                         net (fo=1, routed)           0.000   104.732    mmcam/entry_fd_loop[14].ef/FIRE_INST_0_i_2_n_0
    SLICE_X102Y55        CARRY4 (Prop_carry4_CI_CO[1])
                                                      0.157   104.889 f  mmcam/entry_fd_loop[14].ef/FIRE_INST_0_i_1/CO[1]
                         net (fo=2, routed)           1.008   105.897    mmcam/entry_fd_loop[14].ef/FIRE1
    SLICE_X101Y62        LUT4 (Prop_lut4_I1_O)        0.332   106.229 f  mmcam/entry_fd_loop[14].ef/FIRE_INST_0/O
                         net (fo=4, routed)           0.578   106.806    mmcam/am_or_ma/FIRE[14]
    SLICE_X99Y61         LUT6 (Prop_lut6_I1_O)        0.124   106.930 f  mmcam/am_or_ma/R_ADDR_inferred_i_30/O
                         net (fo=7, routed)           1.247   108.178    mmcam/am_or_ma/R_ADDR_inferred_i_30_n_0
    SLICE_X105Y62        LUT4 (Prop_lut4_I3_O)        0.124   108.302 f  mmcam/am_or_ma/R_ADDR_inferred_i_41/O
                         net (fo=3, routed)           1.197   109.499    mmcam/am_or_ma/R_ADDR_inferred_i_41_n_0
    SLICE_X108Y62        LUT6 (Prop_lut6_I0_O)        0.124   109.623 f  mmcam/am_or_ma/FIRE_OR_inferred_i_7/O
                         net (fo=3, routed)           0.554   110.176    mmcam/am_or_ma/FIRE_OR_inferred_i_7_n_0
    SLICE_X104Y62        LUT6 (Prop_lut6_I1_O)        0.124   110.300 f  mmcam/am_or_ma/FIRE_OR_inferred_i_5/O
                         net (fo=2, routed)           0.542   110.843    mmcam/am_or_ma/FIRE_OR_inferred_i_5_n_0
    SLICE_X106Y63        LUT4 (Prop_lut4_I3_O)        0.124   110.967 f  mmcam/am_or_ma/FIRE_OR_inferred_i_1/O
                         net (fo=31, routed)          1.953   112.920    mmcam/am_or_ma/FIRE_OR
    SLICE_X93Y63         LUT3 (Prop_lut3_I0_O)        0.124   113.044 r  mmcam/am_or_ma/EN[61]_INST_0_i_2/O
                         net (fo=30, routed)          1.875   114.918    mmcam/am_or_ma/EN[61]_INST_0_i_2_n_0
    SLICE_X102Y68        LUT6 (Prop_lut6_I0_O)        0.124   115.042 f  mmcam/am_or_ma/EN[52]_INST_0_i_1/O
                         net (fo=1, routed)           1.140   116.182    mmcam/am_or_ma/EN[52]_INST_0_i_1_n_0
    SLICE_X100Y65        LUT6 (Prop_lut6_I1_O)        0.124   116.306 r  mmcam/am_or_ma/EN[52]_INST_0/O
                         net (fo=20, routed)          1.270   117.577    mmcam/entry_fd_loop[52].ef/EN
    SLICE_X107Y69        LUT5 (Prop_lut5_I0_O)        0.124   117.701 r  mmcam/entry_fd_loop[52].ef/VALID_i_1/O
                         net (fo=1, routed)           0.000   117.701    mmcam/entry_fd_loop[52].ef/VALID1_out
    SLICE_X107Y69        FDCE                                         r  mmcam/entry_fd_loop[52].ef/VALID_reg/D
  -------------------------------------------------------------------    -------------------

Slack:                    inf
  Source:                 Ack_in
                            (input port)
  Destination:            mmcam/entry_fd_loop[52].ef/ENTRY_reg[11]/CE
  Path Group:             (none)
  Path Type:              Max at Slow Process Corner
  Data Path Delay:        117.524ns  (logic 22.338ns (19.007%)  route 95.186ns (80.993%))
  Logic Levels:           134  (CARRY4=2 IBUF=1 LUT1=79 LUT2=16 LUT3=17 LUT4=11 LUT6=8)

    Location             Delay type                Incr(ns)  Path(ns)    Netlist Resource(s)
  -------------------------------------------------------------------    -------------------
    U7                                                0.000     0.000 f  Ack_in (IN)
                         net (fo=0)                   0.000     0.000    Ack_in
    U7                   IBUF (Prop_ibuf_I_O)         0.915     0.915 f  Ack_in_IBUF_inst/O
                         net (fo=2, routed)           4.929     5.843    cc/c/Ack_in
    SLICE_X76Y44         LUT4 (Prop_lut4_I3_O)        0.124     5.967 r  cc/c/nand3_out_inferred_i_1/O
                         net (fo=2, routed)           0.859     6.826    cc/c/nand3_out
    SLICE_X76Y44         LUT3 (Prop_lut3_I2_O)        0.124     6.950 f  cc/c/nand2_out_inferred_i_1/O
                         net (fo=1, routed)           0.158     7.108    cc/c/nand2_out
    SLICE_X76Y44         LUT2 (Prop_lut2_I1_O)        0.124     7.232 r  cc/c/nand1_out_inferred_i_1/O
                         net (fo=3, routed)           0.725     7.957    cc/c/delay2/din
    SLICE_X77Y44         LUT1 (Prop_lut1_I0_O)        0.124     8.081 r  cc/c/delay2/buf_inst_begin/O
                         net (fo=1, routed)           0.264     8.345    cc/c/delay2/t[0]
    SLICE_X77Y44         LUT1 (Prop_lut1_I0_O)        0.124     8.469 r  cc/c/delay2/delay_loop[0].buf_inst/O
                         net (fo=1, routed)           0.707     9.176    cc/c/delay2/t[1]
    SLICE_X76Y44         LUT1 (Prop_lut1_I0_O)        0.124     9.300 r  cc/c/delay2/delay_loop[1].buf_inst/O
                         net (fo=1, routed)           0.640     9.940    cc/c/delay2/t[2]
    SLICE_X78Y45         LUT1 (Prop_lut1_I0_O)        0.124    10.064 r  cc/c/delay2/delay_loop[2].buf_inst/O
                         net (fo=1, routed)           0.279    10.343    cc/c/delay2/t[3]
    SLICE_X78Y45         LUT1 (Prop_lut1_I0_O)        0.124    10.467 r  cc/c/delay2/delay_loop[3].buf_inst/O
                         net (fo=1, routed)           0.158    10.625    cc/c/delay2/t[4]
    SLICE_X78Y45         LUT1 (Prop_lut1_I0_O)        0.124    10.749 r  cc/c/delay2/delay_loop[4].buf_inst/O
                         net (fo=1, routed)           0.433    11.182    cc/c/delay2/t[5]
    SLICE_X78Y45         LUT1 (Prop_lut1_I0_O)        0.124    11.306 r  cc/c/delay2/delay_loop[5].buf_inst/O
                         net (fo=1, routed)           0.873    12.179    cc/c/delay2/t[6]
    SLICE_X79Y45         LUT1 (Prop_lut1_I0_O)        0.124    12.303 r  cc/c/delay2/buf_inst_end/O
                         net (fo=1, routed)           0.640    12.943    cc/c/LB_out
    SLICE_X79Y47         LUT1 (Prop_lut1_I0_O)        0.124    13.067 f  cc/c/Ack_out_INST_0/O
                         net (fo=1, routed)           0.433    13.500    cc/b/Ack_in_a
    SLICE_X79Y47         LUT2 (Prop_lut2_I0_O)        0.124    13.624 f  cc/b/and_out_inferred_i_1/O
                         net (fo=2, routed)           0.800    14.423    cc/b/c0/Ack_in
    SLICE_X81Y48         LUT4 (Prop_lut4_I3_O)        0.124    14.547 r  cc/b/c0/nand3_out_inferred_i_1/O
                         net (fo=2, routed)           0.275    14.822    cc/b/c0/nand3_out
    SLICE_X81Y48         LUT3 (Prop_lut3_I2_O)        0.124    14.946 f  cc/b/c0/nand2_out_inferred_i_1/O
                         net (fo=1, routed)           0.656    15.602    cc/b/c0/nand2_out
    SLICE_X80Y48         LUT2 (Prop_lut2_I1_O)        0.124    15.726 r  cc/b/c0/nand1_out_inferred_i_1/O
                         net (fo=3, routed)           0.701    16.427    cc/b/c0/delay2/din
    SLICE_X82Y49         LUT1 (Prop_lut1_I0_O)        0.124    16.551 r  cc/b/c0/delay2/buf_inst_begin/O
                         net (fo=1, routed)           1.015    17.566    cc/b/c0/delay2/t[0]
    SLICE_X82Y52         LUT1 (Prop_lut1_I0_O)        0.148    17.714 r  cc/b/c0/delay2/delay_loop[0].buf_inst/O
                         net (fo=1, routed)           1.035    18.749    cc/b/c0/delay2/t[1]
    SLICE_X82Y52         LUT1 (Prop_lut1_I0_O)        0.356    19.105 r  cc/b/c0/delay2/delay_loop[1].buf_inst/O
                         net (fo=1, routed)           0.848    19.953    cc/b/c0/delay2/t[2]
    SLICE_X82Y52         LUT1 (Prop_lut1_I0_O)        0.377    20.330 r  cc/b/c0/delay2/delay_loop[2].buf_inst/O
                         net (fo=1, routed)           0.692    21.022    cc/b/c0/delay2/t[3]
    SLICE_X82Y52         LUT1 (Prop_lut1_I0_O)        0.331    21.353 r  cc/b/c0/delay2/buf_inst_end/O
                         net (fo=1, routed)           0.282    21.635    cc/b/c0/LB_out
    SLICE_X82Y52         LUT1 (Prop_lut1_I0_O)        0.124    21.759 f  cc/b/c0/Ack_out_INST_0/O
                         net (fo=4, routed)           0.326    22.085    cc/copy/Ack_in
    SLICE_X84Y51         LUT3 (Prop_lut3_I0_O)        0.124    22.209 f  cc/copy/and2_out_inferred_i_1/O
                         net (fo=2, routed)           0.552    22.761    cc/copy/CF1/Ack_in
    SLICE_X85Y54         LUT4 (Prop_lut4_I3_O)        0.124    22.885 r  cc/copy/CF1/nand3_out_inferred_i_1/O
                         net (fo=2, routed)           0.323    23.208    cc/copy/CF1/nand3_out
    SLICE_X86Y54         LUT3 (Prop_lut3_I2_O)        0.124    23.332 f  cc/copy/CF1/nand2_out_inferred_i_1/O
                         net (fo=1, routed)           0.286    23.619    cc/copy/CF1/nand2_out
    SLICE_X86Y54         LUT2 (Prop_lut2_I1_O)        0.124    23.743 r  cc/copy/CF1/nand1_out_inferred_i_1/O
                         net (fo=3, routed)           0.677    24.420    cc/copy/CF1/delay2/din
    SLICE_X87Y54         LUT1 (Prop_lut1_I0_O)        0.124    24.544 r  cc/copy/CF1/delay2/buf_inst_begin/O
                         net (fo=1, routed)           0.149    24.693    cc/copy/CF1/delay2/t[0]
    SLICE_X87Y54         LUT1 (Prop_lut1_I0_O)        0.124    24.817 r  cc/copy/CF1/delay2/delay_loop[0].buf_inst/O
                         net (fo=1, routed)           0.303    25.120    cc/copy/CF1/delay2/t[1]
    SLICE_X85Y54         LUT1 (Prop_lut1_I0_O)        0.124    25.244 r  cc/copy/CF1/delay2/delay_loop[1].buf_inst/O
                         net (fo=1, routed)           0.575    25.819    cc/copy/CF1/delay2/t[2]
    SLICE_X85Y54         LUT1 (Prop_lut1_I0_O)        0.150    25.969 r  cc/copy/CF1/delay2/delay_loop[2].buf_inst/O
                         net (fo=1, routed)           0.493    26.462    cc/copy/CF1/delay2/t[3]
    SLICE_X86Y50         LUT1 (Prop_lut1_I0_O)        0.326    26.788 r  cc/copy/CF1/delay2/buf_inst_end/O
                         net (fo=1, routed)           0.494    27.282    cc/copy/CF1/LB_out
    SLICE_X86Y50         LUT1 (Prop_lut1_I0_O)        0.124    27.406 f  cc/copy/CF1/Ack_out_INST_0/O
                         net (fo=2, routed)           1.181    28.587    cc/ma/Ack_in
    SLICE_X84Y46         LUT4 (Prop_lut4_I3_O)        0.124    28.711 r  cc/ma/nand3_out_inferred_i_1/O
                         net (fo=2, routed)           0.289    29.000    cc/ma/nand3_out
    SLICE_X84Y46         LUT3 (Prop_lut3_I2_O)        0.124    29.124 f  cc/ma/nand2_out_inferred_i_1/O
                         net (fo=1, routed)           0.656    29.780    cc/ma/nand2_out
    SLICE_X85Y46         LUT2 (Prop_lut2_I1_O)        0.124    29.904 r  cc/ma/nand1_out_inferred_i_1/O
                         net (fo=3, routed)           1.040    30.944    cc/ma/delay2/din
    SLICE_X79Y42         LUT1 (Prop_lut1_I0_O)        0.124    31.068 r  cc/ma/delay2/buf_inst_begin/O
                         net (fo=1, routed)           0.433    31.501    cc/ma/delay2/t[0]
    SLICE_X79Y42         LUT1 (Prop_lut1_I0_O)        0.124    31.625 r  cc/ma/delay2/delay_loop[0].buf_inst/O
                         net (fo=1, routed)           0.665    32.290    cc/ma/delay2/t[1]
    SLICE_X79Y42         LUT1 (Prop_lut1_I0_O)        0.152    32.442 r  cc/ma/delay2/delay_loop[1].buf_inst/O
                         net (fo=1, routed)           0.582    33.024    cc/ma/delay2/t[2]
    SLICE_X78Y41         LUT1 (Prop_lut1_I0_O)        0.326    33.350 r  cc/ma/delay2/delay_loop[2].buf_inst/O
                         net (fo=1, routed)           0.433    33.784    cc/ma/delay2/t[3]
    SLICE_X78Y41         LUT1 (Prop_lut1_I0_O)        0.124    33.908 r  cc/ma/delay2/delay_loop[3].buf_inst/O
                         net (fo=1, routed)           0.873    34.780    cc/ma/delay2/t[4]
    SLICE_X79Y41         LUT1 (Prop_lut1_I0_O)        0.124    34.904 r  cc/ma/delay2/delay_loop[4].buf_inst/O
                         net (fo=1, routed)           0.264    35.169    cc/ma/delay2/t[5]
    SLICE_X79Y41         LUT1 (Prop_lut1_I0_O)        0.124    35.293 r  cc/ma/delay2/delay_loop[5].buf_inst/O
                         net (fo=1, routed)           0.149    35.442    cc/ma/delay2/t[6]
    SLICE_X79Y41         LUT1 (Prop_lut1_I0_O)        0.124    35.566 r  cc/ma/delay2/delay_loop[6].buf_inst/O
                         net (fo=1, routed)           0.433    35.999    cc/ma/delay2/t[7]
    SLICE_X79Y41         LUT1 (Prop_lut1_I0_O)        0.124    36.123 r  cc/ma/delay2/delay_loop[7].buf_inst/O
                         net (fo=1, routed)           0.873    36.996    cc/ma/delay2/t[8]
    SLICE_X78Y41         LUT1 (Prop_lut1_I0_O)        0.124    37.120 r  cc/ma/delay2/buf_inst_end/O
                         net (fo=1, routed)           0.444    37.564    cc/ma/LB_out
    SLICE_X78Y41         LUT1 (Prop_lut1_I0_O)        0.124    37.688 f  cc/ma/Ack_out_INST_0/O
                         net (fo=1, routed)           0.756    38.444    cc/fp/Ack_in
    SLICE_X82Y41         LUT2 (Prop_lut2_I0_O)        0.124    38.568 f  cc/fp/and_out_inferred_i_1/O
                         net (fo=2, routed)           1.127    39.695    cc/fp/c0/Ack_in
    SLICE_X86Y37         LUT4 (Prop_lut4_I3_O)        0.124    39.819 r  cc/fp/c0/nand3_out_inferred_i_1/O
                         net (fo=2, routed)           0.817    40.636    cc/fp/c0/nand3_out
    SLICE_X84Y37         LUT3 (Prop_lut3_I2_O)        0.124    40.760 f  cc/fp/c0/nand2_out_inferred_i_1/O
                         net (fo=1, routed)           0.492    41.252    cc/fp/c0/nand2_out
    SLICE_X85Y37         LUT2 (Prop_lut2_I1_O)        0.124    41.376 r  cc/fp/c0/nand1_out_inferred_i_1/O
                         net (fo=3, routed)           0.831    42.207    cc/fp/c0/delay2/din
    SLICE_X85Y36         LUT1 (Prop_lut1_I0_O)        0.124    42.331 r  cc/fp/c0/delay2/buf_inst_begin/O
                         net (fo=1, routed)           0.873    43.204    cc/fp/c0/delay2/t[0]
    SLICE_X84Y36         LUT1 (Prop_lut1_I0_O)        0.124    43.328 r  cc/fp/c0/delay2/delay_loop[0].buf_inst/O
                         net (fo=1, routed)           0.158    43.486    cc/fp/c0/delay2/t[1]
    SLICE_X84Y36         LUT1 (Prop_lut1_I0_O)        0.124    43.610 r  cc/fp/c0/delay2/delay_loop[1].buf_inst/O
                         net (fo=1, routed)           0.433    44.043    cc/fp/c0/delay2/t[2]
    SLICE_X84Y36         LUT1 (Prop_lut1_I0_O)        0.124    44.167 r  cc/fp/c0/delay2/delay_loop[2].buf_inst/O
                         net (fo=1, routed)           0.674    44.842    cc/fp/c0/delay2/t[3]
    SLICE_X84Y36         LUT1 (Prop_lut1_I0_O)        0.124    44.966 r  cc/fp/c0/delay2/buf_inst_end/O
                         net (fo=1, routed)           0.639    45.605    cc/fp/c0/LB_out
    SLICE_X85Y37         LUT1 (Prop_lut1_I0_O)        0.124    45.729 f  cc/fp/c0/Ack_out_INST_0/O
                         net (fo=2, routed)           0.947    46.676    cc/ps/Ack_in
    SLICE_X82Y39         LUT4 (Prop_lut4_I3_O)        0.124    46.800 r  cc/ps/nand3_out_inferred_i_1/O
                         net (fo=2, routed)           0.299    47.099    cc/ps/nand3_out
    SLICE_X82Y39         LUT3 (Prop_lut3_I2_O)        0.124    47.223 f  cc/ps/nand2_out_inferred_i_1/O
                         net (fo=1, routed)           0.161    47.384    cc/ps/nand2_out
    SLICE_X82Y39         LUT2 (Prop_lut2_I1_O)        0.124    47.508 r  cc/ps/nand1_out_inferred_i_1/O
                         net (fo=3, routed)           0.843    48.351    cc/ps/delay2/din
    SLICE_X81Y40         LUT1 (Prop_lut1_I0_O)        0.124    48.475 r  cc/ps/delay2/buf_inst_begin/O
                         net (fo=1, routed)           0.264    48.739    cc/ps/delay2/t[0]
    SLICE_X81Y40         LUT1 (Prop_lut1_I0_O)        0.124    48.863 r  cc/ps/delay2/delay_loop[0].buf_inst/O
                         net (fo=1, routed)           0.149    49.012    cc/ps/delay2/t[1]
    SLICE_X81Y40         LUT1 (Prop_lut1_I0_O)        0.124    49.136 r  cc/ps/delay2/delay_loop[1].buf_inst/O
                         net (fo=1, routed)           0.433    49.569    cc/ps/delay2/t[2]
    SLICE_X81Y40         LUT1 (Prop_lut1_I0_O)        0.124    49.693 r  cc/ps/delay2/delay_loop[2].buf_inst/O
                         net (fo=1, routed)           0.302    49.996    cc/ps/delay2/t[3]
    SLICE_X80Y41         LUT1 (Prop_lut1_I0_O)        0.124    50.120 r  cc/ps/delay2/delay_loop[3].buf_inst/O
                         net (fo=1, routed)           0.873    50.993    cc/ps/delay2/t[4]
    SLICE_X81Y41         LUT1 (Prop_lut1_I0_O)        0.124    51.117 r  cc/ps/delay2/delay_loop[4].buf_inst/O
                         net (fo=1, routed)           0.264    51.381    cc/ps/delay2/t[5]
    SLICE_X81Y41         LUT1 (Prop_lut1_I0_O)        0.124    51.505 r  cc/ps/delay2/delay_loop[5].buf_inst/O
                         net (fo=1, routed)           0.149    51.654    cc/ps/delay2/t[6]
    SLICE_X81Y41         LUT1 (Prop_lut1_I0_O)        0.124    51.778 r  cc/ps/delay2/delay_loop[6].buf_inst/O
                         net (fo=1, routed)           0.433    52.211    cc/ps/delay2/t[7]
    SLICE_X81Y41         LUT1 (Prop_lut1_I0_O)        0.124    52.335 r  cc/ps/delay2/delay_loop[7].buf_inst/O
                         net (fo=1, routed)           0.502    52.837    cc/ps/delay2/t[8]
    SLICE_X80Y41         LUT1 (Prop_lut1_I0_O)        0.124    52.961 r  cc/ps/delay2/buf_inst_end/O
                         net (fo=1, routed)           0.159    53.120    cc/ps/LB_out
    SLICE_X80Y41         LUT1 (Prop_lut1_I0_O)        0.124    53.244 f  cc/ps/Ack_out_INST_0/O
                         net (fo=1, routed)           0.444    53.688    cc/mmram/Ack_in
    SLICE_X80Y41         LUT2 (Prop_lut2_I0_O)        0.124    53.812 f  cc/mmram/and_out_inferred_i_1/O
                         net (fo=2, routed)           0.938    54.750    cc/mmram/c0/Ack_in
    SLICE_X79Y43         LUT4 (Prop_lut4_I3_O)        0.124    54.874 r  cc/mmram/c0/nand3_out_inferred_i_1/O
                         net (fo=2, routed)           0.517    55.390    cc/mmram/c0/nand3_out
    SLICE_X78Y43         LUT3 (Prop_lut3_I2_O)        0.124    55.514 f  cc/mmram/c0/nand2_out_inferred_i_1/O
                         net (fo=1, routed)           0.279    55.793    cc/mmram/c0/nand2_out
    SLICE_X78Y43         LUT2 (Prop_lut2_I1_O)        0.124    55.917 r  cc/mmram/c0/nand1_out_inferred_i_1/O
                         net (fo=3, routed)           1.119    57.036    cc/mmram/c0/delay2/din
    SLICE_X81Y46         LUT1 (Prop_lut1_I0_O)        0.124    57.160 r  cc/mmram/c0/delay2/buf_inst_begin/O
                         net (fo=1, routed)           0.667    57.827    cc/mmram/c0/delay2/t[0]
    SLICE_X81Y46         LUT1 (Prop_lut1_I0_O)        0.152    57.979 r  cc/mmram/c0/delay2/delay_loop[0].buf_inst/O
                         net (fo=1, routed)           0.267    58.245    cc/mmram/c0/delay2/t[1]
    SLICE_X81Y46         LUT1 (Prop_lut1_I0_O)        0.328    58.573 r  cc/mmram/c0/delay2/delay_loop[1].buf_inst/O
                         net (fo=1, routed)           0.674    59.248    cc/mmram/c0/delay2/t[2]
    SLICE_X81Y46         LUT1 (Prop_lut1_I0_O)        0.352    59.600 r  cc/mmram/c0/delay2/delay_loop[2].buf_inst/O
                         net (fo=1, routed)           0.436    60.036    cc/mmram/c0/delay2/t[3]
    SLICE_X81Y46         LUT1 (Prop_lut1_I0_O)        0.358    60.394 r  cc/mmram/c0/delay2/buf_inst_end/O
                         net (fo=1, routed)           0.433    60.827    cc/mmram/c0/LB_out
    SLICE_X81Y46         LUT1 (Prop_lut1_I0_O)        0.326    61.153 f  cc/mmram/c0/Ack_out_INST_0/O
                         net (fo=2, routed)           0.812    61.965    cc/mmcam/Ack_in
    SLICE_X83Y46         LUT4 (Prop_lut4_I3_O)        0.124    62.089 r  cc/mmcam/nand3_out_inferred_i_1/O
                         net (fo=2, routed)           0.264    62.353    cc/mmcam/nand3_out
    SLICE_X83Y46         LUT3 (Prop_lut3_I2_O)        0.124    62.477 f  cc/mmcam/nand2_out_inferred_i_1/O
                         net (fo=1, routed)           0.154    62.631    cc/mmcam/nand2_out
    SLICE_X83Y46         LUT2 (Prop_lut2_I1_O)        0.124    62.755 r  cc/mmcam/nand1_out_inferred_i_1/O
                         net (fo=3, routed)           1.015    63.771    cc/mmcam/delay2/din
    SLICE_X80Y46         LUT1 (Prop_lut1_I0_O)        0.124    63.895 r  cc/mmcam/delay2/buf_inst_begin/O
                         net (fo=1, routed)           0.279    64.174    cc/mmcam/delay2/t[0]
    SLICE_X80Y46         LUT1 (Prop_lut1_I0_O)        0.124    64.298 r  cc/mmcam/delay2/delay_loop[0].buf_inst/O
                         net (fo=1, routed)           0.853    65.150    cc/mmcam/delay2/t[1]
    SLICE_X80Y46         LUT1 (Prop_lut1_I0_O)        0.124    65.274 r  cc/mmcam/delay2/delay_loop[1].buf_inst/O
                         net (fo=1, routed)           0.433    65.708    cc/mmcam/delay2/t[2]
    SLICE_X80Y46         LUT1 (Prop_lut1_I0_O)        0.124    65.832 r  cc/mmcam/delay2/delay_loop[2].buf_inst/O
                         net (fo=1, routed)           0.674    66.506    cc/mmcam/delay2/t[3]
    SLICE_X80Y46         LUT1 (Prop_lut1_I0_O)        0.152    66.658 r  cc/mmcam/delay2/delay_loop[3].buf_inst/O
                         net (fo=1, routed)           0.851    67.509    cc/mmcam/delay2/t[4]
    SLICE_X80Y46         LUT1 (Prop_lut1_I0_O)        0.354    67.863 r  cc/mmcam/delay2/delay_loop[4].buf_inst/O
                         net (fo=1, routed)           0.288    68.151    cc/mmcam/delay2/t[5]
    SLICE_X80Y46         LUT1 (Prop_lut1_I0_O)        0.328    68.479 r  cc/mmcam/delay2/delay_loop[5].buf_inst/O
                         net (fo=1, routed)           0.674    69.153    cc/mmcam/delay2/t[6]
    SLICE_X80Y46         LUT1 (Prop_lut1_I0_O)        0.352    69.505 r  cc/mmcam/delay2/delay_loop[6].buf_inst/O
                         net (fo=1, routed)           0.737    70.242    cc/mmcam/delay2/t[7]
    SLICE_X76Y46         LUT1 (Prop_lut1_I0_O)        0.361    70.603 r  cc/mmcam/delay2/delay_loop[7].buf_inst/O
                         net (fo=1, routed)           0.283    70.886    cc/mmcam/delay2/t[8]
    SLICE_X76Y46         LUT1 (Prop_lut1_I0_O)        0.322    71.208 r  cc/mmcam/delay2/buf_inst_end/O
                         net (fo=1, routed)           0.283    71.491    cc/mmcam/LB_out
    SLICE_X76Y46         LUT1 (Prop_lut1_I0_O)        0.332    71.823 f  cc/mmcam/Ack_out_INST_0/O
                         net (fo=4, routed)           0.828    72.651    cc/m/CJ2/Ack_in
    SLICE_X77Y47         LUT6 (Prop_lut6_I4_O)        0.124    72.775 r  cc/m/CJ2/nand3_out_inferred_i_1/O
                         net (fo=2, routed)           0.517    73.291    cc/m/CJ2/nand3_out
    SLICE_X76Y47         LUT3 (Prop_lut3_I2_O)        0.124    73.415 f  cc/m/CJ2/nand2_out_inferred_i_1/O
                         net (fo=1, routed)           0.669    74.084    cc/m/CJ2/nand2_out
    SLICE_X76Y47         LUT2 (Prop_lut2_I1_O)        0.124    74.208 r  cc/m/CJ2/nand1_out_inferred_i_1/O
                         net (fo=3, routed)           0.328    74.536    cc/m/CJ2/delay2/din
    SLICE_X74Y47         LUT1 (Prop_lut1_I0_O)        0.124    74.660 r  cc/m/CJ2/delay2/buf_inst_begin/O
                         net (fo=1, routed)           0.433    75.094    cc/m/CJ2/delay2/t[0]
    SLICE_X74Y47         LUT1 (Prop_lut1_I0_O)        0.124    75.218 r  cc/m/CJ2/delay2/delay_loop[0].buf_inst/O
                         net (fo=1, routed)           0.647    75.864    cc/m/CJ2/delay2/t[1]
    SLICE_X76Y48         LUT1 (Prop_lut1_I0_O)        0.124    75.988 r  cc/m/CJ2/delay2/delay_loop[1].buf_inst/O
                         net (fo=1, routed)           0.853    76.841    cc/m/CJ2/delay2/t[2]
    SLICE_X76Y48         LUT1 (Prop_lut1_I0_O)        0.124    76.965 r  cc/m/CJ2/delay2/delay_loop[2].buf_inst/O
                         net (fo=1, routed)           0.433    77.398    cc/m/CJ2/delay2/t[3]
    SLICE_X76Y48         LUT1 (Prop_lut1_I0_O)        0.124    77.522 r  cc/m/CJ2/delay2/delay_loop[3].buf_inst/O
                         net (fo=1, routed)           0.674    78.196    cc/m/CJ2/delay2/t[4]
    SLICE_X76Y48         LUT1 (Prop_lut1_I0_O)        0.152    78.348 r  cc/m/CJ2/delay2/delay_loop[4].buf_inst/O
                         net (fo=1, routed)           0.851    79.200    cc/m/CJ2/delay2/t[5]
    SLICE_X76Y48         LUT1 (Prop_lut1_I0_O)        0.354    79.554 r  cc/m/CJ2/delay2/delay_loop[5].buf_inst/O
                         net (fo=1, routed)           0.288    79.841    cc/m/CJ2/delay2/t[6]
    SLICE_X76Y48         LUT1 (Prop_lut1_I0_O)        0.328    80.169 r  cc/m/CJ2/delay2/delay_loop[6].buf_inst/O
                         net (fo=1, routed)           0.674    80.843    cc/m/CJ2/delay2/t[7]
    SLICE_X76Y48         LUT1 (Prop_lut1_I0_O)        0.352    81.195 r  cc/m/CJ2/delay2/delay_loop[7].buf_inst/O
                         net (fo=1, routed)           0.568    81.764    cc/m/CJ2/delay2/t[8]
    SLICE_X79Y48         LUT1 (Prop_lut1_I0_O)        0.332    82.096 r  cc/m/CJ2/delay2/buf_inst_end/O
                         net (fo=1, routed)           0.574    82.670    cc/m/CJ2/LB_out
    SLICE_X78Y47         LUT1 (Prop_lut1_I0_O)        0.124    82.794 f  cc/m/CJ2/Ack_out_INST_0/O
                         net (fo=2, routed)           0.679    83.473    cc/m/Ack_out_b
    SLICE_X78Y47         LUT3 (Prop_lut3_I1_O)        0.124    83.597 r  cc/m/nand4_out_inferred_i_1/O
                         net (fo=1, routed)           0.444    84.041    cc/m/nand4_out
    SLICE_X78Y47         LUT3 (Prop_lut3_I0_O)        0.124    84.165 f  cc/m/nand3_out_inferred_i_1/O
                         net (fo=2, routed)           0.679    84.844    cc/m/nand3_out
    SLICE_X78Y47         LUT2 (Prop_lut2_I0_O)        0.124    84.968 r  cc/m/nand6_out_inferred_i_1/O
                         net (fo=2, routed)           0.814    85.782    cc/m/nand6_out
    SLICE_X78Y46         LUT3 (Prop_lut3_I2_O)        0.124    85.906 f  cc/m/nand5_out_inferred_i_1/O
                         net (fo=2, routed)           0.802    86.708    cc/m/nand5_out
    SLICE_X77Y46         LUT2 (Prop_lut2_I0_O)        0.124    86.832 r  cc/m/nand7_out_inferred_i_1/O
                         net (fo=2, routed)           0.306    87.138    cc/m/nand7_out
    SLICE_X78Y46         LUT3 (Prop_lut3_I2_O)        0.124    87.262 f  cc/m/nand8_out_inferred_i_1/O
                         net (fo=2, routed)           0.991    88.253    cc/m/CJ1/g
    SLICE_X76Y46         LUT6 (Prop_lut6_I3_O)        0.124    88.377 r  cc/m/CJ1/nand3_out_inferred_i_1/O
                         net (fo=2, routed)           0.680    89.057    cc/m/CJ1/nand3_out
    SLICE_X76Y46         LUT2 (Prop_lut2_I0_O)        0.124    89.181 f  cc/m/CJ1/nand4_out_inferred_i_1/O
                         net (fo=1, routed)           0.848    90.029    cc/m/CJ1/nand4_out
    SLICE_X76Y46         LUT3 (Prop_lut3_I0_O)        0.124    90.153 r  cc/m/CJ1/nand5_out_inferred_i_1/O
                         net (fo=3, routed)           0.809    90.962    cc/m/CJ1/nand5_out
    SLICE_X76Y49         LUT1 (Prop_lut1_I0_O)        0.124    91.086 f  cc/m/CJ1/cp_INST_0/O
                         net (fo=55, routed)          0.647    91.733    cc/m/cp1
    SLICE_X78Y48         LUT1 (Prop_lut1_I0_O)        0.124    91.857 r  cc/m/z1_inferred_i_1/O
                         net (fo=3, routed)           0.171    92.028    cc/m/z1
    SLICE_X78Y48         LUT2 (Prop_lut2_I0_O)        0.124    92.152 r  cc/m/nor2_out_inferred_i_1/O
                         net (fo=55, routed)          4.305    96.456    m/SEL
    SLICE_X111Y78        LUT3 (Prop_lut3_I2_O)        0.124    96.580 r  m/PACKET_OUT[38]_INST_0/O
                         net (fo=129, routed)         7.515   104.095    mmcam/entry_fd_loop[14].ef/color_gen_dest_LR[3]
    SLICE_X102Y54        LUT6 (Prop_lut6_I3_O)        0.124   104.219 r  mmcam/entry_fd_loop[14].ef/FIRE_INST_0_i_8/O
                         net (fo=1, routed)           0.000   104.219    mmcam/entry_fd_loop[14].ef/FIRE_INST_0_i_8_n_0
    SLICE_X102Y54        CARRY4 (Prop_carry4_S[0]_CO[3])
                                                      0.513   104.732 r  mmcam/entry_fd_loop[14].ef/FIRE_INST_0_i_2/CO[3]
                         net (fo=1, routed)           0.000   104.732    mmcam/entry_fd_loop[14].ef/FIRE_INST_0_i_2_n_0
    SLICE_X102Y55        CARRY4 (Prop_carry4_CI_CO[1])
                                                      0.157   104.889 f  mmcam/entry_fd_loop[14].ef/FIRE_INST_0_i_1/CO[1]
                         net (fo=2, routed)           1.008   105.897    mmcam/entry_fd_loop[14].ef/FIRE1
    SLICE_X101Y62        LUT4 (Prop_lut4_I1_O)        0.332   106.229 f  mmcam/entry_fd_loop[14].ef/FIRE_INST_0/O
                         net (fo=4, routed)           0.578   106.806    mmcam/am_or_ma/FIRE[14]
    SLICE_X99Y61         LUT6 (Prop_lut6_I1_O)        0.124   106.930 f  mmcam/am_or_ma/R_ADDR_inferred_i_30/O
                         net (fo=7, routed)           1.247   108.178    mmcam/am_or_ma/R_ADDR_inferred_i_30_n_0
    SLICE_X105Y62        LUT4 (Prop_lut4_I3_O)        0.124   108.302 f  mmcam/am_or_ma/R_ADDR_inferred_i_41/O
                         net (fo=3, routed)           1.197   109.499    mmcam/am_or_ma/R_ADDR_inferred_i_41_n_0
    SLICE_X108Y62        LUT6 (Prop_lut6_I0_O)        0.124   109.623 f  mmcam/am_or_ma/FIRE_OR_inferred_i_7/O
                         net (fo=3, routed)           0.554   110.176    mmcam/am_or_ma/FIRE_OR_inferred_i_7_n_0
    SLICE_X104Y62        LUT6 (Prop_lut6_I1_O)        0.124   110.300 f  mmcam/am_or_ma/FIRE_OR_inferred_i_5/O
                         net (fo=2, routed)           0.542   110.843    mmcam/am_or_ma/FIRE_OR_inferred_i_5_n_0
    SLICE_X106Y63        LUT4 (Prop_lut4_I3_O)        0.124   110.967 f  mmcam/am_or_ma/FIRE_OR_inferred_i_1/O
                         net (fo=31, routed)          1.953   112.920    mmcam/am_or_ma/FIRE_OR
    SLICE_X93Y63         LUT3 (Prop_lut3_I0_O)        0.124   113.044 r  mmcam/am_or_ma/EN[61]_INST_0_i_2/O
                         net (fo=30, routed)          1.875   114.918    mmcam/am_or_ma/EN[61]_INST_0_i_2_n_0
    SLICE_X102Y68        LUT6 (Prop_lut6_I0_O)        0.124   115.042 f  mmcam/am_or_ma/EN[52]_INST_0_i_1/O
                         net (fo=1, routed)           1.140   116.182    mmcam/am_or_ma/EN[52]_INST_0_i_1_n_0
    SLICE_X100Y65        LUT6 (Prop_lut6_I1_O)        0.124   116.306 r  mmcam/am_or_ma/EN[52]_INST_0/O
                         net (fo=20, routed)          1.218   117.524    mmcam/entry_fd_loop[52].ef/EN
    SLICE_X108Y71        FDRE                                         r  mmcam/entry_fd_loop[52].ef/ENTRY_reg[11]/CE
  -------------------------------------------------------------------    -------------------

Slack:                    inf
  Source:                 Ack_in
                            (input port)
  Destination:            mmcam/entry_fd_loop[52].ef/ENTRY_reg[12]/CE
  Path Group:             (none)
  Path Type:              Max at Slow Process Corner
  Data Path Delay:        117.524ns  (logic 22.338ns (19.007%)  route 95.186ns (80.993%))
  Logic Levels:           134  (CARRY4=2 IBUF=1 LUT1=79 LUT2=16 LUT3=17 LUT4=11 LUT6=8)

    Location             Delay type                Incr(ns)  Path(ns)    Netlist Resource(s)
  -------------------------------------------------------------------    -------------------
    U7                                                0.000     0.000 f  Ack_in (IN)
                         net (fo=0)                   0.000     0.000    Ack_in
    U7                   IBUF (Prop_ibuf_I_O)         0.915     0.915 f  Ack_in_IBUF_inst/O
                         net (fo=2, routed)           4.929     5.843    cc/c/Ack_in
    SLICE_X76Y44         LUT4 (Prop_lut4_I3_O)        0.124     5.967 r  cc/c/nand3_out_inferred_i_1/O
                         net (fo=2, routed)           0.859     6.826    cc/c/nand3_out
    SLICE_X76Y44         LUT3 (Prop_lut3_I2_O)        0.124     6.950 f  cc/c/nand2_out_inferred_i_1/O
                         net (fo=1, routed)           0.158     7.108    cc/c/nand2_out
    SLICE_X76Y44         LUT2 (Prop_lut2_I1_O)        0.124     7.232 r  cc/c/nand1_out_inferred_i_1/O
                         net (fo=3, routed)           0.725     7.957    cc/c/delay2/din
    SLICE_X77Y44         LUT1 (Prop_lut1_I0_O)        0.124     8.081 r  cc/c/delay2/buf_inst_begin/O
                         net (fo=1, routed)           0.264     8.345    cc/c/delay2/t[0]
    SLICE_X77Y44         LUT1 (Prop_lut1_I0_O)        0.124     8.469 r  cc/c/delay2/delay_loop[0].buf_inst/O
                         net (fo=1, routed)           0.707     9.176    cc/c/delay2/t[1]
    SLICE_X76Y44         LUT1 (Prop_lut1_I0_O)        0.124     9.300 r  cc/c/delay2/delay_loop[1].buf_inst/O
                         net (fo=1, routed)           0.640     9.940    cc/c/delay2/t[2]
    SLICE_X78Y45         LUT1 (Prop_lut1_I0_O)        0.124    10.064 r  cc/c/delay2/delay_loop[2].buf_inst/O
                         net (fo=1, routed)           0.279    10.343    cc/c/delay2/t[3]
    SLICE_X78Y45         LUT1 (Prop_lut1_I0_O)        0.124    10.467 r  cc/c/delay2/delay_loop[3].buf_inst/O
                         net (fo=1, routed)           0.158    10.625    cc/c/delay2/t[4]
    SLICE_X78Y45         LUT1 (Prop_lut1_I0_O)        0.124    10.749 r  cc/c/delay2/delay_loop[4].buf_inst/O
                         net (fo=1, routed)           0.433    11.182    cc/c/delay2/t[5]
    SLICE_X78Y45         LUT1 (Prop_lut1_I0_O)        0.124    11.306 r  cc/c/delay2/delay_loop[5].buf_inst/O
                         net (fo=1, routed)           0.873    12.179    cc/c/delay2/t[6]
    SLICE_X79Y45         LUT1 (Prop_lut1_I0_O)        0.124    12.303 r  cc/c/delay2/buf_inst_end/O
                         net (fo=1, routed)           0.640    12.943    cc/c/LB_out
    SLICE_X79Y47         LUT1 (Prop_lut1_I0_O)        0.124    13.067 f  cc/c/Ack_out_INST_0/O
                         net (fo=1, routed)           0.433    13.500    cc/b/Ack_in_a
    SLICE_X79Y47         LUT2 (Prop_lut2_I0_O)        0.124    13.624 f  cc/b/and_out_inferred_i_1/O
                         net (fo=2, routed)           0.800    14.423    cc/b/c0/Ack_in
    SLICE_X81Y48         LUT4 (Prop_lut4_I3_O)        0.124    14.547 r  cc/b/c0/nand3_out_inferred_i_1/O
                         net (fo=2, routed)           0.275    14.822    cc/b/c0/nand3_out
    SLICE_X81Y48         LUT3 (Prop_lut3_I2_O)        0.124    14.946 f  cc/b/c0/nand2_out_inferred_i_1/O
                         net (fo=1, routed)           0.656    15.602    cc/b/c0/nand2_out
    SLICE_X80Y48         LUT2 (Prop_lut2_I1_O)        0.124    15.726 r  cc/b/c0/nand1_out_inferred_i_1/O
                         net (fo=3, routed)           0.701    16.427    cc/b/c0/delay2/din
    SLICE_X82Y49         LUT1 (Prop_lut1_I0_O)        0.124    16.551 r  cc/b/c0/delay2/buf_inst_begin/O
                         net (fo=1, routed)           1.015    17.566    cc/b/c0/delay2/t[0]
    SLICE_X82Y52         LUT1 (Prop_lut1_I0_O)        0.148    17.714 r  cc/b/c0/delay2/delay_loop[0].buf_inst/O
                         net (fo=1, routed)           1.035    18.749    cc/b/c0/delay2/t[1]
    SLICE_X82Y52         LUT1 (Prop_lut1_I0_O)        0.356    19.105 r  cc/b/c0/delay2/delay_loop[1].buf_inst/O
                         net (fo=1, routed)           0.848    19.953    cc/b/c0/delay2/t[2]
    SLICE_X82Y52         LUT1 (Prop_lut1_I0_O)        0.377    20.330 r  cc/b/c0/delay2/delay_loop[2].buf_inst/O
                         net (fo=1, routed)           0.692    21.022    cc/b/c0/delay2/t[3]
    SLICE_X82Y52         LUT1 (Prop_lut1_I0_O)        0.331    21.353 r  cc/b/c0/delay2/buf_inst_end/O
                         net (fo=1, routed)           0.282    21.635    cc/b/c0/LB_out
    SLICE_X82Y52         LUT1 (Prop_lut1_I0_O)        0.124    21.759 f  cc/b/c0/Ack_out_INST_0/O
                         net (fo=4, routed)           0.326    22.085    cc/copy/Ack_in
    SLICE_X84Y51         LUT3 (Prop_lut3_I0_O)        0.124    22.209 f  cc/copy/and2_out_inferred_i_1/O
                         net (fo=2, routed)           0.552    22.761    cc/copy/CF1/Ack_in
    SLICE_X85Y54         LUT4 (Prop_lut4_I3_O)        0.124    22.885 r  cc/copy/CF1/nand3_out_inferred_i_1/O
                         net (fo=2, routed)           0.323    23.208    cc/copy/CF1/nand3_out
    SLICE_X86Y54         LUT3 (Prop_lut3_I2_O)        0.124    23.332 f  cc/copy/CF1/nand2_out_inferred_i_1/O
                         net (fo=1, routed)           0.286    23.619    cc/copy/CF1/nand2_out
    SLICE_X86Y54         LUT2 (Prop_lut2_I1_O)        0.124    23.743 r  cc/copy/CF1/nand1_out_inferred_i_1/O
                         net (fo=3, routed)           0.677    24.420    cc/copy/CF1/delay2/din
    SLICE_X87Y54         LUT1 (Prop_lut1_I0_O)        0.124    24.544 r  cc/copy/CF1/delay2/buf_inst_begin/O
                         net (fo=1, routed)           0.149    24.693    cc/copy/CF1/delay2/t[0]
    SLICE_X87Y54         LUT1 (Prop_lut1_I0_O)        0.124    24.817 r  cc/copy/CF1/delay2/delay_loop[0].buf_inst/O
                         net (fo=1, routed)           0.303    25.120    cc/copy/CF1/delay2/t[1]
    SLICE_X85Y54         LUT1 (Prop_lut1_I0_O)        0.124    25.244 r  cc/copy/CF1/delay2/delay_loop[1].buf_inst/O
                         net (fo=1, routed)           0.575    25.819    cc/copy/CF1/delay2/t[2]
    SLICE_X85Y54         LUT1 (Prop_lut1_I0_O)        0.150    25.969 r  cc/copy/CF1/delay2/delay_loop[2].buf_inst/O
                         net (fo=1, routed)           0.493    26.462    cc/copy/CF1/delay2/t[3]
    SLICE_X86Y50         LUT1 (Prop_lut1_I0_O)        0.326    26.788 r  cc/copy/CF1/delay2/buf_inst_end/O
                         net (fo=1, routed)           0.494    27.282    cc/copy/CF1/LB_out
    SLICE_X86Y50         LUT1 (Prop_lut1_I0_O)        0.124    27.406 f  cc/copy/CF1/Ack_out_INST_0/O
                         net (fo=2, routed)           1.181    28.587    cc/ma/Ack_in
    SLICE_X84Y46         LUT4 (Prop_lut4_I3_O)        0.124    28.711 r  cc/ma/nand3_out_inferred_i_1/O
                         net (fo=2, routed)           0.289    29.000    cc/ma/nand3_out
    SLICE_X84Y46         LUT3 (Prop_lut3_I2_O)        0.124    29.124 f  cc/ma/nand2_out_inferred_i_1/O
                         net (fo=1, routed)           0.656    29.780    cc/ma/nand2_out
    SLICE_X85Y46         LUT2 (Prop_lut2_I1_O)        0.124    29.904 r  cc/ma/nand1_out_inferred_i_1/O
                         net (fo=3, routed)           1.040    30.944    cc/ma/delay2/din
    SLICE_X79Y42         LUT1 (Prop_lut1_I0_O)        0.124    31.068 r  cc/ma/delay2/buf_inst_begin/O
                         net (fo=1, routed)           0.433    31.501    cc/ma/delay2/t[0]
    SLICE_X79Y42         LUT1 (Prop_lut1_I0_O)        0.124    31.625 r  cc/ma/delay2/delay_loop[0].buf_inst/O
                         net (fo=1, routed)           0.665    32.290    cc/ma/delay2/t[1]
    SLICE_X79Y42         LUT1 (Prop_lut1_I0_O)        0.152    32.442 r  cc/ma/delay2/delay_loop[1].buf_inst/O
                         net (fo=1, routed)           0.582    33.024    cc/ma/delay2/t[2]
    SLICE_X78Y41         LUT1 (Prop_lut1_I0_O)        0.326    33.350 r  cc/ma/delay2/delay_loop[2].buf_inst/O
                         net (fo=1, routed)           0.433    33.784    cc/ma/delay2/t[3]
    SLICE_X78Y41         LUT1 (Prop_lut1_I0_O)        0.124    33.908 r  cc/ma/delay2/delay_loop[3].buf_inst/O
                         net (fo=1, routed)           0.873    34.780    cc/ma/delay2/t[4]
    SLICE_X79Y41         LUT1 (Prop_lut1_I0_O)        0.124    34.904 r  cc/ma/delay2/delay_loop[4].buf_inst/O
                         net (fo=1, routed)           0.264    35.169    cc/ma/delay2/t[5]
    SLICE_X79Y41         LUT1 (Prop_lut1_I0_O)        0.124    35.293 r  cc/ma/delay2/delay_loop[5].buf_inst/O
                         net (fo=1, routed)           0.149    35.442    cc/ma/delay2/t[6]
    SLICE_X79Y41         LUT1 (Prop_lut1_I0_O)        0.124    35.566 r  cc/ma/delay2/delay_loop[6].buf_inst/O
                         net (fo=1, routed)           0.433    35.999    cc/ma/delay2/t[7]
    SLICE_X79Y41         LUT1 (Prop_lut1_I0_O)        0.124    36.123 r  cc/ma/delay2/delay_loop[7].buf_inst/O
                         net (fo=1, routed)           0.873    36.996    cc/ma/delay2/t[8]
    SLICE_X78Y41         LUT1 (Prop_lut1_I0_O)        0.124    37.120 r  cc/ma/delay2/buf_inst_end/O
                         net (fo=1, routed)           0.444    37.564    cc/ma/LB_out
    SLICE_X78Y41         LUT1 (Prop_lut1_I0_O)        0.124    37.688 f  cc/ma/Ack_out_INST_0/O
                         net (fo=1, routed)           0.756    38.444    cc/fp/Ack_in
    SLICE_X82Y41         LUT2 (Prop_lut2_I0_O)        0.124    38.568 f  cc/fp/and_out_inferred_i_1/O
                         net (fo=2, routed)           1.127    39.695    cc/fp/c0/Ack_in
    SLICE_X86Y37         LUT4 (Prop_lut4_I3_O)        0.124    39.819 r  cc/fp/c0/nand3_out_inferred_i_1/O
                         net (fo=2, routed)           0.817    40.636    cc/fp/c0/nand3_out
    SLICE_X84Y37         LUT3 (Prop_lut3_I2_O)        0.124    40.760 f  cc/fp/c0/nand2_out_inferred_i_1/O
                         net (fo=1, routed)           0.492    41.252    cc/fp/c0/nand2_out
    SLICE_X85Y37         LUT2 (Prop_lut2_I1_O)        0.124    41.376 r  cc/fp/c0/nand1_out_inferred_i_1/O
                         net (fo=3, routed)           0.831    42.207    cc/fp/c0/delay2/din
    SLICE_X85Y36         LUT1 (Prop_lut1_I0_O)        0.124    42.331 r  cc/fp/c0/delay2/buf_inst_begin/O
                         net (fo=1, routed)           0.873    43.204    cc/fp/c0/delay2/t[0]
    SLICE_X84Y36         LUT1 (Prop_lut1_I0_O)        0.124    43.328 r  cc/fp/c0/delay2/delay_loop[0].buf_inst/O
                         net (fo=1, routed)           0.158    43.486    cc/fp/c0/delay2/t[1]
    SLICE_X84Y36         LUT1 (Prop_lut1_I0_O)        0.124    43.610 r  cc/fp/c0/delay2/delay_loop[1].buf_inst/O
                         net (fo=1, routed)           0.433    44.043    cc/fp/c0/delay2/t[2]
    SLICE_X84Y36         LUT1 (Prop_lut1_I0_O)        0.124    44.167 r  cc/fp/c0/delay2/delay_loop[2].buf_inst/O
                         net (fo=1, routed)           0.674    44.842    cc/fp/c0/delay2/t[3]
    SLICE_X84Y36         LUT1 (Prop_lut1_I0_O)        0.124    44.966 r  cc/fp/c0/delay2/buf_inst_end/O
                         net (fo=1, routed)           0.639    45.605    cc/fp/c0/LB_out
    SLICE_X85Y37         LUT1 (Prop_lut1_I0_O)        0.124    45.729 f  cc/fp/c0/Ack_out_INST_0/O
                         net (fo=2, routed)           0.947    46.676    cc/ps/Ack_in
    SLICE_X82Y39         LUT4 (Prop_lut4_I3_O)        0.124    46.800 r  cc/ps/nand3_out_inferred_i_1/O
                         net (fo=2, routed)           0.299    47.099    cc/ps/nand3_out
    SLICE_X82Y39         LUT3 (Prop_lut3_I2_O)        0.124    47.223 f  cc/ps/nand2_out_inferred_i_1/O
                         net (fo=1, routed)           0.161    47.384    cc/ps/nand2_out
    SLICE_X82Y39         LUT2 (Prop_lut2_I1_O)        0.124    47.508 r  cc/ps/nand1_out_inferred_i_1/O
                         net (fo=3, routed)           0.843    48.351    cc/ps/delay2/din
    SLICE_X81Y40         LUT1 (Prop_lut1_I0_O)        0.124    48.475 r  cc/ps/delay2/buf_inst_begin/O
                         net (fo=1, routed)           0.264    48.739    cc/ps/delay2/t[0]
    SLICE_X81Y40         LUT1 (Prop_lut1_I0_O)        0.124    48.863 r  cc/ps/delay2/delay_loop[0].buf_inst/O
                         net (fo=1, routed)           0.149    49.012    cc/ps/delay2/t[1]
    SLICE_X81Y40         LUT1 (Prop_lut1_I0_O)        0.124    49.136 r  cc/ps/delay2/delay_loop[1].buf_inst/O
                         net (fo=1, routed)           0.433    49.569    cc/ps/delay2/t[2]
    SLICE_X81Y40         LUT1 (Prop_lut1_I0_O)        0.124    49.693 r  cc/ps/delay2/delay_loop[2].buf_inst/O
                         net (fo=1, routed)           0.302    49.996    cc/ps/delay2/t[3]
    SLICE_X80Y41         LUT1 (Prop_lut1_I0_O)        0.124    50.120 r  cc/ps/delay2/delay_loop[3].buf_inst/O
                         net (fo=1, routed)           0.873    50.993    cc/ps/delay2/t[4]
    SLICE_X81Y41         LUT1 (Prop_lut1_I0_O)        0.124    51.117 r  cc/ps/delay2/delay_loop[4].buf_inst/O
                         net (fo=1, routed)           0.264    51.381    cc/ps/delay2/t[5]
    SLICE_X81Y41         LUT1 (Prop_lut1_I0_O)        0.124    51.505 r  cc/ps/delay2/delay_loop[5].buf_inst/O
                         net (fo=1, routed)           0.149    51.654    cc/ps/delay2/t[6]
    SLICE_X81Y41         LUT1 (Prop_lut1_I0_O)        0.124    51.778 r  cc/ps/delay2/delay_loop[6].buf_inst/O
                         net (fo=1, routed)           0.433    52.211    cc/ps/delay2/t[7]
    SLICE_X81Y41         LUT1 (Prop_lut1_I0_O)        0.124    52.335 r  cc/ps/delay2/delay_loop[7].buf_inst/O
                         net (fo=1, routed)           0.502    52.837    cc/ps/delay2/t[8]
    SLICE_X80Y41         LUT1 (Prop_lut1_I0_O)        0.124    52.961 r  cc/ps/delay2/buf_inst_end/O
                         net (fo=1, routed)           0.159    53.120    cc/ps/LB_out
    SLICE_X80Y41         LUT1 (Prop_lut1_I0_O)        0.124    53.244 f  cc/ps/Ack_out_INST_0/O
                         net (fo=1, routed)           0.444    53.688    cc/mmram/Ack_in
    SLICE_X80Y41         LUT2 (Prop_lut2_I0_O)        0.124    53.812 f  cc/mmram/and_out_inferred_i_1/O
                         net (fo=2, routed)           0.938    54.750    cc/mmram/c0/Ack_in
    SLICE_X79Y43         LUT4 (Prop_lut4_I3_O)        0.124    54.874 r  cc/mmram/c0/nand3_out_inferred_i_1/O
                         net (fo=2, routed)           0.517    55.390    cc/mmram/c0/nand3_out
    SLICE_X78Y43         LUT3 (Prop_lut3_I2_O)        0.124    55.514 f  cc/mmram/c0/nand2_out_inferred_i_1/O
                         net (fo=1, routed)           0.279    55.793    cc/mmram/c0/nand2_out
    SLICE_X78Y43         LUT2 (Prop_lut2_I1_O)        0.124    55.917 r  cc/mmram/c0/nand1_out_inferred_i_1/O
                         net (fo=3, routed)           1.119    57.036    cc/mmram/c0/delay2/din
    SLICE_X81Y46         LUT1 (Prop_lut1_I0_O)        0.124    57.160 r  cc/mmram/c0/delay2/buf_inst_begin/O
                         net (fo=1, routed)           0.667    57.827    cc/mmram/c0/delay2/t[0]
    SLICE_X81Y46         LUT1 (Prop_lut1_I0_O)        0.152    57.979 r  cc/mmram/c0/delay2/delay_loop[0].buf_inst/O
                         net (fo=1, routed)           0.267    58.245    cc/mmram/c0/delay2/t[1]
    SLICE_X81Y46         LUT1 (Prop_lut1_I0_O)        0.328    58.573 r  cc/mmram/c0/delay2/delay_loop[1].buf_inst/O
                         net (fo=1, routed)           0.674    59.248    cc/mmram/c0/delay2/t[2]
    SLICE_X81Y46         LUT1 (Prop_lut1_I0_O)        0.352    59.600 r  cc/mmram/c0/delay2/delay_loop[2].buf_inst/O
                         net (fo=1, routed)           0.436    60.036    cc/mmram/c0/delay2/t[3]
    SLICE_X81Y46         LUT1 (Prop_lut1_I0_O)        0.358    60.394 r  cc/mmram/c0/delay2/buf_inst_end/O
                         net (fo=1, routed)           0.433    60.827    cc/mmram/c0/LB_out
    SLICE_X81Y46         LUT1 (Prop_lut1_I0_O)        0.326    61.153 f  cc/mmram/c0/Ack_out_INST_0/O
                         net (fo=2, routed)           0.812    61.965    cc/mmcam/Ack_in
    SLICE_X83Y46         LUT4 (Prop_lut4_I3_O)        0.124    62.089 r  cc/mmcam/nand3_out_inferred_i_1/O
                         net (fo=2, routed)           0.264    62.353    cc/mmcam/nand3_out
    SLICE_X83Y46         LUT3 (Prop_lut3_I2_O)        0.124    62.477 f  cc/mmcam/nand2_out_inferred_i_1/O
                         net (fo=1, routed)           0.154    62.631    cc/mmcam/nand2_out
    SLICE_X83Y46         LUT2 (Prop_lut2_I1_O)        0.124    62.755 r  cc/mmcam/nand1_out_inferred_i_1/O
                         net (fo=3, routed)           1.015    63.771    cc/mmcam/delay2/din
    SLICE_X80Y46         LUT1 (Prop_lut1_I0_O)        0.124    63.895 r  cc/mmcam/delay2/buf_inst_begin/O
                         net (fo=1, routed)           0.279    64.174    cc/mmcam/delay2/t[0]
    SLICE_X80Y46         LUT1 (Prop_lut1_I0_O)        0.124    64.298 r  cc/mmcam/delay2/delay_loop[0].buf_inst/O
                         net (fo=1, routed)           0.853    65.150    cc/mmcam/delay2/t[1]
    SLICE_X80Y46         LUT1 (Prop_lut1_I0_O)        0.124    65.274 r  cc/mmcam/delay2/delay_loop[1].buf_inst/O
                         net (fo=1, routed)           0.433    65.708    cc/mmcam/delay2/t[2]
    SLICE_X80Y46         LUT1 (Prop_lut1_I0_O)        0.124    65.832 r  cc/mmcam/delay2/delay_loop[2].buf_inst/O
                         net (fo=1, routed)           0.674    66.506    cc/mmcam/delay2/t[3]
    SLICE_X80Y46         LUT1 (Prop_lut1_I0_O)        0.152    66.658 r  cc/mmcam/delay2/delay_loop[3].buf_inst/O
                         net (fo=1, routed)           0.851    67.509    cc/mmcam/delay2/t[4]
    SLICE_X80Y46         LUT1 (Prop_lut1_I0_O)        0.354    67.863 r  cc/mmcam/delay2/delay_loop[4].buf_inst/O
                         net (fo=1, routed)           0.288    68.151    cc/mmcam/delay2/t[5]
    SLICE_X80Y46         LUT1 (Prop_lut1_I0_O)        0.328    68.479 r  cc/mmcam/delay2/delay_loop[5].buf_inst/O
                         net (fo=1, routed)           0.674    69.153    cc/mmcam/delay2/t[6]
    SLICE_X80Y46         LUT1 (Prop_lut1_I0_O)        0.352    69.505 r  cc/mmcam/delay2/delay_loop[6].buf_inst/O
                         net (fo=1, routed)           0.737    70.242    cc/mmcam/delay2/t[7]
    SLICE_X76Y46         LUT1 (Prop_lut1_I0_O)        0.361    70.603 r  cc/mmcam/delay2/delay_loop[7].buf_inst/O
                         net (fo=1, routed)           0.283    70.886    cc/mmcam/delay2/t[8]
    SLICE_X76Y46         LUT1 (Prop_lut1_I0_O)        0.322    71.208 r  cc/mmcam/delay2/buf_inst_end/O
                         net (fo=1, routed)           0.283    71.491    cc/mmcam/LB_out
    SLICE_X76Y46         LUT1 (Prop_lut1_I0_O)        0.332    71.823 f  cc/mmcam/Ack_out_INST_0/O
                         net (fo=4, routed)           0.828    72.651    cc/m/CJ2/Ack_in
    SLICE_X77Y47         LUT6 (Prop_lut6_I4_O)        0.124    72.775 r  cc/m/CJ2/nand3_out_inferred_i_1/O
                         net (fo=2, routed)           0.517    73.291    cc/m/CJ2/nand3_out
    SLICE_X76Y47         LUT3 (Prop_lut3_I2_O)        0.124    73.415 f  cc/m/CJ2/nand2_out_inferred_i_1/O
                         net (fo=1, routed)           0.669    74.084    cc/m/CJ2/nand2_out
    SLICE_X76Y47         LUT2 (Prop_lut2_I1_O)        0.124    74.208 r  cc/m/CJ2/nand1_out_inferred_i_1/O
                         net (fo=3, routed)           0.328    74.536    cc/m/CJ2/delay2/din
    SLICE_X74Y47         LUT1 (Prop_lut1_I0_O)        0.124    74.660 r  cc/m/CJ2/delay2/buf_inst_begin/O
                         net (fo=1, routed)           0.433    75.094    cc/m/CJ2/delay2/t[0]
    SLICE_X74Y47         LUT1 (Prop_lut1_I0_O)        0.124    75.218 r  cc/m/CJ2/delay2/delay_loop[0].buf_inst/O
                         net (fo=1, routed)           0.647    75.864    cc/m/CJ2/delay2/t[1]
    SLICE_X76Y48         LUT1 (Prop_lut1_I0_O)        0.124    75.988 r  cc/m/CJ2/delay2/delay_loop[1].buf_inst/O
                         net (fo=1, routed)           0.853    76.841    cc/m/CJ2/delay2/t[2]
    SLICE_X76Y48         LUT1 (Prop_lut1_I0_O)        0.124    76.965 r  cc/m/CJ2/delay2/delay_loop[2].buf_inst/O
                         net (fo=1, routed)           0.433    77.398    cc/m/CJ2/delay2/t[3]
    SLICE_X76Y48         LUT1 (Prop_lut1_I0_O)        0.124    77.522 r  cc/m/CJ2/delay2/delay_loop[3].buf_inst/O
                         net (fo=1, routed)           0.674    78.196    cc/m/CJ2/delay2/t[4]
    SLICE_X76Y48         LUT1 (Prop_lut1_I0_O)        0.152    78.348 r  cc/m/CJ2/delay2/delay_loop[4].buf_inst/O
                         net (fo=1, routed)           0.851    79.200    cc/m/CJ2/delay2/t[5]
    SLICE_X76Y48         LUT1 (Prop_lut1_I0_O)        0.354    79.554 r  cc/m/CJ2/delay2/delay_loop[5].buf_inst/O
                         net (fo=1, routed)           0.288    79.841    cc/m/CJ2/delay2/t[6]
    SLICE_X76Y48         LUT1 (Prop_lut1_I0_O)        0.328    80.169 r  cc/m/CJ2/delay2/delay_loop[6].buf_inst/O
                         net (fo=1, routed)           0.674    80.843    cc/m/CJ2/delay2/t[7]
    SLICE_X76Y48         LUT1 (Prop_lut1_I0_O)        0.352    81.195 r  cc/m/CJ2/delay2/delay_loop[7].buf_inst/O
                         net (fo=1, routed)           0.568    81.764    cc/m/CJ2/delay2/t[8]
    SLICE_X79Y48         LUT1 (Prop_lut1_I0_O)        0.332    82.096 r  cc/m/CJ2/delay2/buf_inst_end/O
                         net (fo=1, routed)           0.574    82.670    cc/m/CJ2/LB_out
    SLICE_X78Y47         LUT1 (Prop_lut1_I0_O)        0.124    82.794 f  cc/m/CJ2/Ack_out_INST_0/O
                         net (fo=2, routed)           0.679    83.473    cc/m/Ack_out_b
    SLICE_X78Y47         LUT3 (Prop_lut3_I1_O)        0.124    83.597 r  cc/m/nand4_out_inferred_i_1/O
                         net (fo=1, routed)           0.444    84.041    cc/m/nand4_out
    SLICE_X78Y47         LUT3 (Prop_lut3_I0_O)        0.124    84.165 f  cc/m/nand3_out_inferred_i_1/O
                         net (fo=2, routed)           0.679    84.844    cc/m/nand3_out
    SLICE_X78Y47         LUT2 (Prop_lut2_I0_O)        0.124    84.968 r  cc/m/nand6_out_inferred_i_1/O
                         net (fo=2, routed)           0.814    85.782    cc/m/nand6_out
    SLICE_X78Y46         LUT3 (Prop_lut3_I2_O)        0.124    85.906 f  cc/m/nand5_out_inferred_i_1/O
                         net (fo=2, routed)           0.802    86.708    cc/m/nand5_out
    SLICE_X77Y46         LUT2 (Prop_lut2_I0_O)        0.124    86.832 r  cc/m/nand7_out_inferred_i_1/O
                         net (fo=2, routed)           0.306    87.138    cc/m/nand7_out
    SLICE_X78Y46         LUT3 (Prop_lut3_I2_O)        0.124    87.262 f  cc/m/nand8_out_inferred_i_1/O
                         net (fo=2, routed)           0.991    88.253    cc/m/CJ1/g
    SLICE_X76Y46         LUT6 (Prop_lut6_I3_O)        0.124    88.377 r  cc/m/CJ1/nand3_out_inferred_i_1/O
                         net (fo=2, routed)           0.680    89.057    cc/m/CJ1/nand3_out
    SLICE_X76Y46         LUT2 (Prop_lut2_I0_O)        0.124    89.181 f  cc/m/CJ1/nand4_out_inferred_i_1/O
                         net (fo=1, routed)           0.848    90.029    cc/m/CJ1/nand4_out
    SLICE_X76Y46         LUT3 (Prop_lut3_I0_O)        0.124    90.153 r  cc/m/CJ1/nand5_out_inferred_i_1/O
                         net (fo=3, routed)           0.809    90.962    cc/m/CJ1/nand5_out
    SLICE_X76Y49         LUT1 (Prop_lut1_I0_O)        0.124    91.086 f  cc/m/CJ1/cp_INST_0/O
                         net (fo=55, routed)          0.647    91.733    cc/m/cp1
    SLICE_X78Y48         LUT1 (Prop_lut1_I0_O)        0.124    91.857 r  cc/m/z1_inferred_i_1/O
                         net (fo=3, routed)           0.171    92.028    cc/m/z1
    SLICE_X78Y48         LUT2 (Prop_lut2_I0_O)        0.124    92.152 r  cc/m/nor2_out_inferred_i_1/O
                         net (fo=55, routed)          4.305    96.456    m/SEL
    SLICE_X111Y78        LUT3 (Prop_lut3_I2_O)        0.124    96.580 r  m/PACKET_OUT[38]_INST_0/O
                         net (fo=129, routed)         7.515   104.095    mmcam/entry_fd_loop[14].ef/color_gen_dest_LR[3]
    SLICE_X102Y54        LUT6 (Prop_lut6_I3_O)        0.124   104.219 r  mmcam/entry_fd_loop[14].ef/FIRE_INST_0_i_8/O
                         net (fo=1, routed)           0.000   104.219    mmcam/entry_fd_loop[14].ef/FIRE_INST_0_i_8_n_0
    SLICE_X102Y54        CARRY4 (Prop_carry4_S[0]_CO[3])
                                                      0.513   104.732 r  mmcam/entry_fd_loop[14].ef/FIRE_INST_0_i_2/CO[3]
                         net (fo=1, routed)           0.000   104.732    mmcam/entry_fd_loop[14].ef/FIRE_INST_0_i_2_n_0
    SLICE_X102Y55        CARRY4 (Prop_carry4_CI_CO[1])
                                                      0.157   104.889 f  mmcam/entry_fd_loop[14].ef/FIRE_INST_0_i_1/CO[1]
                         net (fo=2, routed)           1.008   105.897    mmcam/entry_fd_loop[14].ef/FIRE1
    SLICE_X101Y62        LUT4 (Prop_lut4_I1_O)        0.332   106.229 f  mmcam/entry_fd_loop[14].ef/FIRE_INST_0/O
                         net (fo=4, routed)           0.578   106.806    mmcam/am_or_ma/FIRE[14]
    SLICE_X99Y61         LUT6 (Prop_lut6_I1_O)        0.124   106.930 f  mmcam/am_or_ma/R_ADDR_inferred_i_30/O
                         net (fo=7, routed)           1.247   108.178    mmcam/am_or_ma/R_ADDR_inferred_i_30_n_0
    SLICE_X105Y62        LUT4 (Prop_lut4_I3_O)        0.124   108.302 f  mmcam/am_or_ma/R_ADDR_inferred_i_41/O
                         net (fo=3, routed)           1.197   109.499    mmcam/am_or_ma/R_ADDR_inferred_i_41_n_0
    SLICE_X108Y62        LUT6 (Prop_lut6_I0_O)        0.124   109.623 f  mmcam/am_or_ma/FIRE_OR_inferred_i_7/O
                         net (fo=3, routed)           0.554   110.176    mmcam/am_or_ma/FIRE_OR_inferred_i_7_n_0
    SLICE_X104Y62        LUT6 (Prop_lut6_I1_O)        0.124   110.300 f  mmcam/am_or_ma/FIRE_OR_inferred_i_5/O
                         net (fo=2, routed)           0.542   110.843    mmcam/am_or_ma/FIRE_OR_inferred_i_5_n_0
    SLICE_X106Y63        LUT4 (Prop_lut4_I3_O)        0.124   110.967 f  mmcam/am_or_ma/FIRE_OR_inferred_i_1/O
                         net (fo=31, routed)          1.953   112.920    mmcam/am_or_ma/FIRE_OR
    SLICE_X93Y63         LUT3 (Prop_lut3_I0_O)        0.124   113.044 r  mmcam/am_or_ma/EN[61]_INST_0_i_2/O
                         net (fo=30, routed)          1.875   114.918    mmcam/am_or_ma/EN[61]_INST_0_i_2_n_0
    SLICE_X102Y68        LUT6 (Prop_lut6_I0_O)        0.124   115.042 f  mmcam/am_or_ma/EN[52]_INST_0_i_1/O
                         net (fo=1, routed)           1.140   116.182    mmcam/am_or_ma/EN[52]_INST_0_i_1_n_0
    SLICE_X100Y65        LUT6 (Prop_lut6_I1_O)        0.124   116.306 r  mmcam/am_or_ma/EN[52]_INST_0/O
                         net (fo=20, routed)          1.218   117.524    mmcam/entry_fd_loop[52].ef/EN
    SLICE_X108Y71        FDRE                                         r  mmcam/entry_fd_loop[52].ef/ENTRY_reg[12]/CE
  -------------------------------------------------------------------    -------------------

Slack:                    inf
  Source:                 Ack_in
                            (input port)
  Destination:            mmcam/entry_fd_loop[52].ef/ENTRY_reg[13]/CE
  Path Group:             (none)
  Path Type:              Max at Slow Process Corner
  Data Path Delay:        117.524ns  (logic 22.338ns (19.007%)  route 95.186ns (80.993%))
  Logic Levels:           134  (CARRY4=2 IBUF=1 LUT1=79 LUT2=16 LUT3=17 LUT4=11 LUT6=8)

    Location             Delay type                Incr(ns)  Path(ns)    Netlist Resource(s)
  -------------------------------------------------------------------    -------------------
    U7                                                0.000     0.000 f  Ack_in (IN)
                         net (fo=0)                   0.000     0.000    Ack_in
    U7                   IBUF (Prop_ibuf_I_O)         0.915     0.915 f  Ack_in_IBUF_inst/O
                         net (fo=2, routed)           4.929     5.843    cc/c/Ack_in
    SLICE_X76Y44         LUT4 (Prop_lut4_I3_O)        0.124     5.967 r  cc/c/nand3_out_inferred_i_1/O
                         net (fo=2, routed)           0.859     6.826    cc/c/nand3_out
    SLICE_X76Y44         LUT3 (Prop_lut3_I2_O)        0.124     6.950 f  cc/c/nand2_out_inferred_i_1/O
                         net (fo=1, routed)           0.158     7.108    cc/c/nand2_out
    SLICE_X76Y44         LUT2 (Prop_lut2_I1_O)        0.124     7.232 r  cc/c/nand1_out_inferred_i_1/O
                         net (fo=3, routed)           0.725     7.957    cc/c/delay2/din
    SLICE_X77Y44         LUT1 (Prop_lut1_I0_O)        0.124     8.081 r  cc/c/delay2/buf_inst_begin/O
                         net (fo=1, routed)           0.264     8.345    cc/c/delay2/t[0]
    SLICE_X77Y44         LUT1 (Prop_lut1_I0_O)        0.124     8.469 r  cc/c/delay2/delay_loop[0].buf_inst/O
                         net (fo=1, routed)           0.707     9.176    cc/c/delay2/t[1]
    SLICE_X76Y44         LUT1 (Prop_lut1_I0_O)        0.124     9.300 r  cc/c/delay2/delay_loop[1].buf_inst/O
                         net (fo=1, routed)           0.640     9.940    cc/c/delay2/t[2]
    SLICE_X78Y45         LUT1 (Prop_lut1_I0_O)        0.124    10.064 r  cc/c/delay2/delay_loop[2].buf_inst/O
                         net (fo=1, routed)           0.279    10.343    cc/c/delay2/t[3]
    SLICE_X78Y45         LUT1 (Prop_lut1_I0_O)        0.124    10.467 r  cc/c/delay2/delay_loop[3].buf_inst/O
                         net (fo=1, routed)           0.158    10.625    cc/c/delay2/t[4]
    SLICE_X78Y45         LUT1 (Prop_lut1_I0_O)        0.124    10.749 r  cc/c/delay2/delay_loop[4].buf_inst/O
                         net (fo=1, routed)           0.433    11.182    cc/c/delay2/t[5]
    SLICE_X78Y45         LUT1 (Prop_lut1_I0_O)        0.124    11.306 r  cc/c/delay2/delay_loop[5].buf_inst/O
                         net (fo=1, routed)           0.873    12.179    cc/c/delay2/t[6]
    SLICE_X79Y45         LUT1 (Prop_lut1_I0_O)        0.124    12.303 r  cc/c/delay2/buf_inst_end/O
                         net (fo=1, routed)           0.640    12.943    cc/c/LB_out
    SLICE_X79Y47         LUT1 (Prop_lut1_I0_O)        0.124    13.067 f  cc/c/Ack_out_INST_0/O
                         net (fo=1, routed)           0.433    13.500    cc/b/Ack_in_a
    SLICE_X79Y47         LUT2 (Prop_lut2_I0_O)        0.124    13.624 f  cc/b/and_out_inferred_i_1/O
                         net (fo=2, routed)           0.800    14.423    cc/b/c0/Ack_in
    SLICE_X81Y48         LUT4 (Prop_lut4_I3_O)        0.124    14.547 r  cc/b/c0/nand3_out_inferred_i_1/O
                         net (fo=2, routed)           0.275    14.822    cc/b/c0/nand3_out
    SLICE_X81Y48         LUT3 (Prop_lut3_I2_O)        0.124    14.946 f  cc/b/c0/nand2_out_inferred_i_1/O
                         net (fo=1, routed)           0.656    15.602    cc/b/c0/nand2_out
    SLICE_X80Y48         LUT2 (Prop_lut2_I1_O)        0.124    15.726 r  cc/b/c0/nand1_out_inferred_i_1/O
                         net (fo=3, routed)           0.701    16.427    cc/b/c0/delay2/din
    SLICE_X82Y49         LUT1 (Prop_lut1_I0_O)        0.124    16.551 r  cc/b/c0/delay2/buf_inst_begin/O
                         net (fo=1, routed)           1.015    17.566    cc/b/c0/delay2/t[0]
    SLICE_X82Y52         LUT1 (Prop_lut1_I0_O)        0.148    17.714 r  cc/b/c0/delay2/delay_loop[0].buf_inst/O
                         net (fo=1, routed)           1.035    18.749    cc/b/c0/delay2/t[1]
    SLICE_X82Y52         LUT1 (Prop_lut1_I0_O)        0.356    19.105 r  cc/b/c0/delay2/delay_loop[1].buf_inst/O
                         net (fo=1, routed)           0.848    19.953    cc/b/c0/delay2/t[2]
    SLICE_X82Y52         LUT1 (Prop_lut1_I0_O)        0.377    20.330 r  cc/b/c0/delay2/delay_loop[2].buf_inst/O
                         net (fo=1, routed)           0.692    21.022    cc/b/c0/delay2/t[3]
    SLICE_X82Y52         LUT1 (Prop_lut1_I0_O)        0.331    21.353 r  cc/b/c0/delay2/buf_inst_end/O
                         net (fo=1, routed)           0.282    21.635    cc/b/c0/LB_out
    SLICE_X82Y52         LUT1 (Prop_lut1_I0_O)        0.124    21.759 f  cc/b/c0/Ack_out_INST_0/O
                         net (fo=4, routed)           0.326    22.085    cc/copy/Ack_in
    SLICE_X84Y51         LUT3 (Prop_lut3_I0_O)        0.124    22.209 f  cc/copy/and2_out_inferred_i_1/O
                         net (fo=2, routed)           0.552    22.761    cc/copy/CF1/Ack_in
    SLICE_X85Y54         LUT4 (Prop_lut4_I3_O)        0.124    22.885 r  cc/copy/CF1/nand3_out_inferred_i_1/O
                         net (fo=2, routed)           0.323    23.208    cc/copy/CF1/nand3_out
    SLICE_X86Y54         LUT3 (Prop_lut3_I2_O)        0.124    23.332 f  cc/copy/CF1/nand2_out_inferred_i_1/O
                         net (fo=1, routed)           0.286    23.619    cc/copy/CF1/nand2_out
    SLICE_X86Y54         LUT2 (Prop_lut2_I1_O)        0.124    23.743 r  cc/copy/CF1/nand1_out_inferred_i_1/O
                         net (fo=3, routed)           0.677    24.420    cc/copy/CF1/delay2/din
    SLICE_X87Y54         LUT1 (Prop_lut1_I0_O)        0.124    24.544 r  cc/copy/CF1/delay2/buf_inst_begin/O
                         net (fo=1, routed)           0.149    24.693    cc/copy/CF1/delay2/t[0]
    SLICE_X87Y54         LUT1 (Prop_lut1_I0_O)        0.124    24.817 r  cc/copy/CF1/delay2/delay_loop[0].buf_inst/O
                         net (fo=1, routed)           0.303    25.120    cc/copy/CF1/delay2/t[1]
    SLICE_X85Y54         LUT1 (Prop_lut1_I0_O)        0.124    25.244 r  cc/copy/CF1/delay2/delay_loop[1].buf_inst/O
                         net (fo=1, routed)           0.575    25.819    cc/copy/CF1/delay2/t[2]
    SLICE_X85Y54         LUT1 (Prop_lut1_I0_O)        0.150    25.969 r  cc/copy/CF1/delay2/delay_loop[2].buf_inst/O
                         net (fo=1, routed)           0.493    26.462    cc/copy/CF1/delay2/t[3]
    SLICE_X86Y50         LUT1 (Prop_lut1_I0_O)        0.326    26.788 r  cc/copy/CF1/delay2/buf_inst_end/O
                         net (fo=1, routed)           0.494    27.282    cc/copy/CF1/LB_out
    SLICE_X86Y50         LUT1 (Prop_lut1_I0_O)        0.124    27.406 f  cc/copy/CF1/Ack_out_INST_0/O
                         net (fo=2, routed)           1.181    28.587    cc/ma/Ack_in
    SLICE_X84Y46         LUT4 (Prop_lut4_I3_O)        0.124    28.711 r  cc/ma/nand3_out_inferred_i_1/O
                         net (fo=2, routed)           0.289    29.000    cc/ma/nand3_out
    SLICE_X84Y46         LUT3 (Prop_lut3_I2_O)        0.124    29.124 f  cc/ma/nand2_out_inferred_i_1/O
                         net (fo=1, routed)           0.656    29.780    cc/ma/nand2_out
    SLICE_X85Y46         LUT2 (Prop_lut2_I1_O)        0.124    29.904 r  cc/ma/nand1_out_inferred_i_1/O
                         net (fo=3, routed)           1.040    30.944    cc/ma/delay2/din
    SLICE_X79Y42         LUT1 (Prop_lut1_I0_O)        0.124    31.068 r  cc/ma/delay2/buf_inst_begin/O
                         net (fo=1, routed)           0.433    31.501    cc/ma/delay2/t[0]
    SLICE_X79Y42         LUT1 (Prop_lut1_I0_O)        0.124    31.625 r  cc/ma/delay2/delay_loop[0].buf_inst/O
                         net (fo=1, routed)           0.665    32.290    cc/ma/delay2/t[1]
    SLICE_X79Y42         LUT1 (Prop_lut1_I0_O)        0.152    32.442 r  cc/ma/delay2/delay_loop[1].buf_inst/O
                         net (fo=1, routed)           0.582    33.024    cc/ma/delay2/t[2]
    SLICE_X78Y41         LUT1 (Prop_lut1_I0_O)        0.326    33.350 r  cc/ma/delay2/delay_loop[2].buf_inst/O
                         net (fo=1, routed)           0.433    33.784    cc/ma/delay2/t[3]
    SLICE_X78Y41         LUT1 (Prop_lut1_I0_O)        0.124    33.908 r  cc/ma/delay2/delay_loop[3].buf_inst/O
                         net (fo=1, routed)           0.873    34.780    cc/ma/delay2/t[4]
    SLICE_X79Y41         LUT1 (Prop_lut1_I0_O)        0.124    34.904 r  cc/ma/delay2/delay_loop[4].buf_inst/O
                         net (fo=1, routed)           0.264    35.169    cc/ma/delay2/t[5]
    SLICE_X79Y41         LUT1 (Prop_lut1_I0_O)        0.124    35.293 r  cc/ma/delay2/delay_loop[5].buf_inst/O
                         net (fo=1, routed)           0.149    35.442    cc/ma/delay2/t[6]
    SLICE_X79Y41         LUT1 (Prop_lut1_I0_O)        0.124    35.566 r  cc/ma/delay2/delay_loop[6].buf_inst/O
                         net (fo=1, routed)           0.433    35.999    cc/ma/delay2/t[7]
    SLICE_X79Y41         LUT1 (Prop_lut1_I0_O)        0.124    36.123 r  cc/ma/delay2/delay_loop[7].buf_inst/O
                         net (fo=1, routed)           0.873    36.996    cc/ma/delay2/t[8]
    SLICE_X78Y41         LUT1 (Prop_lut1_I0_O)        0.124    37.120 r  cc/ma/delay2/buf_inst_end/O
                         net (fo=1, routed)           0.444    37.564    cc/ma/LB_out
    SLICE_X78Y41         LUT1 (Prop_lut1_I0_O)        0.124    37.688 f  cc/ma/Ack_out_INST_0/O
                         net (fo=1, routed)           0.756    38.444    cc/fp/Ack_in
    SLICE_X82Y41         LUT2 (Prop_lut2_I0_O)        0.124    38.568 f  cc/fp/and_out_inferred_i_1/O
                         net (fo=2, routed)           1.127    39.695    cc/fp/c0/Ack_in
    SLICE_X86Y37         LUT4 (Prop_lut4_I3_O)        0.124    39.819 r  cc/fp/c0/nand3_out_inferred_i_1/O
                         net (fo=2, routed)           0.817    40.636    cc/fp/c0/nand3_out
    SLICE_X84Y37         LUT3 (Prop_lut3_I2_O)        0.124    40.760 f  cc/fp/c0/nand2_out_inferred_i_1/O
                         net (fo=1, routed)           0.492    41.252    cc/fp/c0/nand2_out
    SLICE_X85Y37         LUT2 (Prop_lut2_I1_O)        0.124    41.376 r  cc/fp/c0/nand1_out_inferred_i_1/O
                         net (fo=3, routed)           0.831    42.207    cc/fp/c0/delay2/din
    SLICE_X85Y36         LUT1 (Prop_lut1_I0_O)        0.124    42.331 r  cc/fp/c0/delay2/buf_inst_begin/O
                         net (fo=1, routed)           0.873    43.204    cc/fp/c0/delay2/t[0]
    SLICE_X84Y36         LUT1 (Prop_lut1_I0_O)        0.124    43.328 r  cc/fp/c0/delay2/delay_loop[0].buf_inst/O
                         net (fo=1, routed)           0.158    43.486    cc/fp/c0/delay2/t[1]
    SLICE_X84Y36         LUT1 (Prop_lut1_I0_O)        0.124    43.610 r  cc/fp/c0/delay2/delay_loop[1].buf_inst/O
                         net (fo=1, routed)           0.433    44.043    cc/fp/c0/delay2/t[2]
    SLICE_X84Y36         LUT1 (Prop_lut1_I0_O)        0.124    44.167 r  cc/fp/c0/delay2/delay_loop[2].buf_inst/O
                         net (fo=1, routed)           0.674    44.842    cc/fp/c0/delay2/t[3]
    SLICE_X84Y36         LUT1 (Prop_lut1_I0_O)        0.124    44.966 r  cc/fp/c0/delay2/buf_inst_end/O
                         net (fo=1, routed)           0.639    45.605    cc/fp/c0/LB_out
    SLICE_X85Y37         LUT1 (Prop_lut1_I0_O)        0.124    45.729 f  cc/fp/c0/Ack_out_INST_0/O
                         net (fo=2, routed)           0.947    46.676    cc/ps/Ack_in
    SLICE_X82Y39         LUT4 (Prop_lut4_I3_O)        0.124    46.800 r  cc/ps/nand3_out_inferred_i_1/O
                         net (fo=2, routed)           0.299    47.099    cc/ps/nand3_out
    SLICE_X82Y39         LUT3 (Prop_lut3_I2_O)        0.124    47.223 f  cc/ps/nand2_out_inferred_i_1/O
                         net (fo=1, routed)           0.161    47.384    cc/ps/nand2_out
    SLICE_X82Y39         LUT2 (Prop_lut2_I1_O)        0.124    47.508 r  cc/ps/nand1_out_inferred_i_1/O
                         net (fo=3, routed)           0.843    48.351    cc/ps/delay2/din
    SLICE_X81Y40         LUT1 (Prop_lut1_I0_O)        0.124    48.475 r  cc/ps/delay2/buf_inst_begin/O
                         net (fo=1, routed)           0.264    48.739    cc/ps/delay2/t[0]
    SLICE_X81Y40         LUT1 (Prop_lut1_I0_O)        0.124    48.863 r  cc/ps/delay2/delay_loop[0].buf_inst/O
                         net (fo=1, routed)           0.149    49.012    cc/ps/delay2/t[1]
    SLICE_X81Y40         LUT1 (Prop_lut1_I0_O)        0.124    49.136 r  cc/ps/delay2/delay_loop[1].buf_inst/O
                         net (fo=1, routed)           0.433    49.569    cc/ps/delay2/t[2]
    SLICE_X81Y40         LUT1 (Prop_lut1_I0_O)        0.124    49.693 r  cc/ps/delay2/delay_loop[2].buf_inst/O
                         net (fo=1, routed)           0.302    49.996    cc/ps/delay2/t[3]
    SLICE_X80Y41         LUT1 (Prop_lut1_I0_O)        0.124    50.120 r  cc/ps/delay2/delay_loop[3].buf_inst/O
                         net (fo=1, routed)           0.873    50.993    cc/ps/delay2/t[4]
    SLICE_X81Y41         LUT1 (Prop_lut1_I0_O)        0.124    51.117 r  cc/ps/delay2/delay_loop[4].buf_inst/O
                         net (fo=1, routed)           0.264    51.381    cc/ps/delay2/t[5]
    SLICE_X81Y41         LUT1 (Prop_lut1_I0_O)        0.124    51.505 r  cc/ps/delay2/delay_loop[5].buf_inst/O
                         net (fo=1, routed)           0.149    51.654    cc/ps/delay2/t[6]
    SLICE_X81Y41         LUT1 (Prop_lut1_I0_O)        0.124    51.778 r  cc/ps/delay2/delay_loop[6].buf_inst/O
                         net (fo=1, routed)           0.433    52.211    cc/ps/delay2/t[7]
    SLICE_X81Y41         LUT1 (Prop_lut1_I0_O)        0.124    52.335 r  cc/ps/delay2/delay_loop[7].buf_inst/O
                         net (fo=1, routed)           0.502    52.837    cc/ps/delay2/t[8]
    SLICE_X80Y41         LUT1 (Prop_lut1_I0_O)        0.124    52.961 r  cc/ps/delay2/buf_inst_end/O
                         net (fo=1, routed)           0.159    53.120    cc/ps/LB_out
    SLICE_X80Y41         LUT1 (Prop_lut1_I0_O)        0.124    53.244 f  cc/ps/Ack_out_INST_0/O
                         net (fo=1, routed)           0.444    53.688    cc/mmram/Ack_in
    SLICE_X80Y41         LUT2 (Prop_lut2_I0_O)        0.124    53.812 f  cc/mmram/and_out_inferred_i_1/O
                         net (fo=2, routed)           0.938    54.750    cc/mmram/c0/Ack_in
    SLICE_X79Y43         LUT4 (Prop_lut4_I3_O)        0.124    54.874 r  cc/mmram/c0/nand3_out_inferred_i_1/O
                         net (fo=2, routed)           0.517    55.390    cc/mmram/c0/nand3_out
    SLICE_X78Y43         LUT3 (Prop_lut3_I2_O)        0.124    55.514 f  cc/mmram/c0/nand2_out_inferred_i_1/O
                         net (fo=1, routed)           0.279    55.793    cc/mmram/c0/nand2_out
    SLICE_X78Y43         LUT2 (Prop_lut2_I1_O)        0.124    55.917 r  cc/mmram/c0/nand1_out_inferred_i_1/O
                         net (fo=3, routed)           1.119    57.036    cc/mmram/c0/delay2/din
    SLICE_X81Y46         LUT1 (Prop_lut1_I0_O)        0.124    57.160 r  cc/mmram/c0/delay2/buf_inst_begin/O
                         net (fo=1, routed)           0.667    57.827    cc/mmram/c0/delay2/t[0]
    SLICE_X81Y46         LUT1 (Prop_lut1_I0_O)        0.152    57.979 r  cc/mmram/c0/delay2/delay_loop[0].buf_inst/O
                         net (fo=1, routed)           0.267    58.245    cc/mmram/c0/delay2/t[1]
    SLICE_X81Y46         LUT1 (Prop_lut1_I0_O)        0.328    58.573 r  cc/mmram/c0/delay2/delay_loop[1].buf_inst/O
                         net (fo=1, routed)           0.674    59.248    cc/mmram/c0/delay2/t[2]
    SLICE_X81Y46         LUT1 (Prop_lut1_I0_O)        0.352    59.600 r  cc/mmram/c0/delay2/delay_loop[2].buf_inst/O
                         net (fo=1, routed)           0.436    60.036    cc/mmram/c0/delay2/t[3]
    SLICE_X81Y46         LUT1 (Prop_lut1_I0_O)        0.358    60.394 r  cc/mmram/c0/delay2/buf_inst_end/O
                         net (fo=1, routed)           0.433    60.827    cc/mmram/c0/LB_out
    SLICE_X81Y46         LUT1 (Prop_lut1_I0_O)        0.326    61.153 f  cc/mmram/c0/Ack_out_INST_0/O
                         net (fo=2, routed)           0.812    61.965    cc/mmcam/Ack_in
    SLICE_X83Y46         LUT4 (Prop_lut4_I3_O)        0.124    62.089 r  cc/mmcam/nand3_out_inferred_i_1/O
                         net (fo=2, routed)           0.264    62.353    cc/mmcam/nand3_out
    SLICE_X83Y46         LUT3 (Prop_lut3_I2_O)        0.124    62.477 f  cc/mmcam/nand2_out_inferred_i_1/O
                         net (fo=1, routed)           0.154    62.631    cc/mmcam/nand2_out
    SLICE_X83Y46         LUT2 (Prop_lut2_I1_O)        0.124    62.755 r  cc/mmcam/nand1_out_inferred_i_1/O
                         net (fo=3, routed)           1.015    63.771    cc/mmcam/delay2/din
    SLICE_X80Y46         LUT1 (Prop_lut1_I0_O)        0.124    63.895 r  cc/mmcam/delay2/buf_inst_begin/O
                         net (fo=1, routed)           0.279    64.174    cc/mmcam/delay2/t[0]
    SLICE_X80Y46         LUT1 (Prop_lut1_I0_O)        0.124    64.298 r  cc/mmcam/delay2/delay_loop[0].buf_inst/O
                         net (fo=1, routed)           0.853    65.150    cc/mmcam/delay2/t[1]
    SLICE_X80Y46         LUT1 (Prop_lut1_I0_O)        0.124    65.274 r  cc/mmcam/delay2/delay_loop[1].buf_inst/O
                         net (fo=1, routed)           0.433    65.708    cc/mmcam/delay2/t[2]
    SLICE_X80Y46         LUT1 (Prop_lut1_I0_O)        0.124    65.832 r  cc/mmcam/delay2/delay_loop[2].buf_inst/O
                         net (fo=1, routed)           0.674    66.506    cc/mmcam/delay2/t[3]
    SLICE_X80Y46         LUT1 (Prop_lut1_I0_O)        0.152    66.658 r  cc/mmcam/delay2/delay_loop[3].buf_inst/O
                         net (fo=1, routed)           0.851    67.509    cc/mmcam/delay2/t[4]
    SLICE_X80Y46         LUT1 (Prop_lut1_I0_O)        0.354    67.863 r  cc/mmcam/delay2/delay_loop[4].buf_inst/O
                         net (fo=1, routed)           0.288    68.151    cc/mmcam/delay2/t[5]
    SLICE_X80Y46         LUT1 (Prop_lut1_I0_O)        0.328    68.479 r  cc/mmcam/delay2/delay_loop[5].buf_inst/O
                         net (fo=1, routed)           0.674    69.153    cc/mmcam/delay2/t[6]
    SLICE_X80Y46         LUT1 (Prop_lut1_I0_O)        0.352    69.505 r  cc/mmcam/delay2/delay_loop[6].buf_inst/O
                         net (fo=1, routed)           0.737    70.242    cc/mmcam/delay2/t[7]
    SLICE_X76Y46         LUT1 (Prop_lut1_I0_O)        0.361    70.603 r  cc/mmcam/delay2/delay_loop[7].buf_inst/O
                         net (fo=1, routed)           0.283    70.886    cc/mmcam/delay2/t[8]
    SLICE_X76Y46         LUT1 (Prop_lut1_I0_O)        0.322    71.208 r  cc/mmcam/delay2/buf_inst_end/O
                         net (fo=1, routed)           0.283    71.491    cc/mmcam/LB_out
    SLICE_X76Y46         LUT1 (Prop_lut1_I0_O)        0.332    71.823 f  cc/mmcam/Ack_out_INST_0/O
                         net (fo=4, routed)           0.828    72.651    cc/m/CJ2/Ack_in
    SLICE_X77Y47         LUT6 (Prop_lut6_I4_O)        0.124    72.775 r  cc/m/CJ2/nand3_out_inferred_i_1/O
                         net (fo=2, routed)           0.517    73.291    cc/m/CJ2/nand3_out
    SLICE_X76Y47         LUT3 (Prop_lut3_I2_O)        0.124    73.415 f  cc/m/CJ2/nand2_out_inferred_i_1/O
                         net (fo=1, routed)           0.669    74.084    cc/m/CJ2/nand2_out
    SLICE_X76Y47         LUT2 (Prop_lut2_I1_O)        0.124    74.208 r  cc/m/CJ2/nand1_out_inferred_i_1/O
                         net (fo=3, routed)           0.328    74.536    cc/m/CJ2/delay2/din
    SLICE_X74Y47         LUT1 (Prop_lut1_I0_O)        0.124    74.660 r  cc/m/CJ2/delay2/buf_inst_begin/O
                         net (fo=1, routed)           0.433    75.094    cc/m/CJ2/delay2/t[0]
    SLICE_X74Y47         LUT1 (Prop_lut1_I0_O)        0.124    75.218 r  cc/m/CJ2/delay2/delay_loop[0].buf_inst/O
                         net (fo=1, routed)           0.647    75.864    cc/m/CJ2/delay2/t[1]
    SLICE_X76Y48         LUT1 (Prop_lut1_I0_O)        0.124    75.988 r  cc/m/CJ2/delay2/delay_loop[1].buf_inst/O
                         net (fo=1, routed)           0.853    76.841    cc/m/CJ2/delay2/t[2]
    SLICE_X76Y48         LUT1 (Prop_lut1_I0_O)        0.124    76.965 r  cc/m/CJ2/delay2/delay_loop[2].buf_inst/O
                         net (fo=1, routed)           0.433    77.398    cc/m/CJ2/delay2/t[3]
    SLICE_X76Y48         LUT1 (Prop_lut1_I0_O)        0.124    77.522 r  cc/m/CJ2/delay2/delay_loop[3].buf_inst/O
                         net (fo=1, routed)           0.674    78.196    cc/m/CJ2/delay2/t[4]
    SLICE_X76Y48         LUT1 (Prop_lut1_I0_O)        0.152    78.348 r  cc/m/CJ2/delay2/delay_loop[4].buf_inst/O
                         net (fo=1, routed)           0.851    79.200    cc/m/CJ2/delay2/t[5]
    SLICE_X76Y48         LUT1 (Prop_lut1_I0_O)        0.354    79.554 r  cc/m/CJ2/delay2/delay_loop[5].buf_inst/O
                         net (fo=1, routed)           0.288    79.841    cc/m/CJ2/delay2/t[6]
    SLICE_X76Y48         LUT1 (Prop_lut1_I0_O)        0.328    80.169 r  cc/m/CJ2/delay2/delay_loop[6].buf_inst/O
                         net (fo=1, routed)           0.674    80.843    cc/m/CJ2/delay2/t[7]
    SLICE_X76Y48         LUT1 (Prop_lut1_I0_O)        0.352    81.195 r  cc/m/CJ2/delay2/delay_loop[7].buf_inst/O
                         net (fo=1, routed)           0.568    81.764    cc/m/CJ2/delay2/t[8]
    SLICE_X79Y48         LUT1 (Prop_lut1_I0_O)        0.332    82.096 r  cc/m/CJ2/delay2/buf_inst_end/O
                         net (fo=1, routed)           0.574    82.670    cc/m/CJ2/LB_out
    SLICE_X78Y47         LUT1 (Prop_lut1_I0_O)        0.124    82.794 f  cc/m/CJ2/Ack_out_INST_0/O
                         net (fo=2, routed)           0.679    83.473    cc/m/Ack_out_b
    SLICE_X78Y47         LUT3 (Prop_lut3_I1_O)        0.124    83.597 r  cc/m/nand4_out_inferred_i_1/O
                         net (fo=1, routed)           0.444    84.041    cc/m/nand4_out
    SLICE_X78Y47         LUT3 (Prop_lut3_I0_O)        0.124    84.165 f  cc/m/nand3_out_inferred_i_1/O
                         net (fo=2, routed)           0.679    84.844    cc/m/nand3_out
    SLICE_X78Y47         LUT2 (Prop_lut2_I0_O)        0.124    84.968 r  cc/m/nand6_out_inferred_i_1/O
                         net (fo=2, routed)           0.814    85.782    cc/m/nand6_out
    SLICE_X78Y46         LUT3 (Prop_lut3_I2_O)        0.124    85.906 f  cc/m/nand5_out_inferred_i_1/O
                         net (fo=2, routed)           0.802    86.708    cc/m/nand5_out
    SLICE_X77Y46         LUT2 (Prop_lut2_I0_O)        0.124    86.832 r  cc/m/nand7_out_inferred_i_1/O
                         net (fo=2, routed)           0.306    87.138    cc/m/nand7_out
    SLICE_X78Y46         LUT3 (Prop_lut3_I2_O)        0.124    87.262 f  cc/m/nand8_out_inferred_i_1/O
                         net (fo=2, routed)           0.991    88.253    cc/m/CJ1/g
    SLICE_X76Y46         LUT6 (Prop_lut6_I3_O)        0.124    88.377 r  cc/m/CJ1/nand3_out_inferred_i_1/O
                         net (fo=2, routed)           0.680    89.057    cc/m/CJ1/nand3_out
    SLICE_X76Y46         LUT2 (Prop_lut2_I0_O)        0.124    89.181 f  cc/m/CJ1/nand4_out_inferred_i_1/O
                         net (fo=1, routed)           0.848    90.029    cc/m/CJ1/nand4_out
    SLICE_X76Y46         LUT3 (Prop_lut3_I0_O)        0.124    90.153 r  cc/m/CJ1/nand5_out_inferred_i_1/O
                         net (fo=3, routed)           0.809    90.962    cc/m/CJ1/nand5_out
    SLICE_X76Y49         LUT1 (Prop_lut1_I0_O)        0.124    91.086 f  cc/m/CJ1/cp_INST_0/O
                         net (fo=55, routed)          0.647    91.733    cc/m/cp1
    SLICE_X78Y48         LUT1 (Prop_lut1_I0_O)        0.124    91.857 r  cc/m/z1_inferred_i_1/O
                         net (fo=3, routed)           0.171    92.028    cc/m/z1
    SLICE_X78Y48         LUT2 (Prop_lut2_I0_O)        0.124    92.152 r  cc/m/nor2_out_inferred_i_1/O
                         net (fo=55, routed)          4.305    96.456    m/SEL
    SLICE_X111Y78        LUT3 (Prop_lut3_I2_O)        0.124    96.580 r  m/PACKET_OUT[38]_INST_0/O
                         net (fo=129, routed)         7.515   104.095    mmcam/entry_fd_loop[14].ef/color_gen_dest_LR[3]
    SLICE_X102Y54        LUT6 (Prop_lut6_I3_O)        0.124   104.219 r  mmcam/entry_fd_loop[14].ef/FIRE_INST_0_i_8/O
                         net (fo=1, routed)           0.000   104.219    mmcam/entry_fd_loop[14].ef/FIRE_INST_0_i_8_n_0
    SLICE_X102Y54        CARRY4 (Prop_carry4_S[0]_CO[3])
                                                      0.513   104.732 r  mmcam/entry_fd_loop[14].ef/FIRE_INST_0_i_2/CO[3]
                         net (fo=1, routed)           0.000   104.732    mmcam/entry_fd_loop[14].ef/FIRE_INST_0_i_2_n_0
    SLICE_X102Y55        CARRY4 (Prop_carry4_CI_CO[1])
                                                      0.157   104.889 f  mmcam/entry_fd_loop[14].ef/FIRE_INST_0_i_1/CO[1]
                         net (fo=2, routed)           1.008   105.897    mmcam/entry_fd_loop[14].ef/FIRE1
    SLICE_X101Y62        LUT4 (Prop_lut4_I1_O)        0.332   106.229 f  mmcam/entry_fd_loop[14].ef/FIRE_INST_0/O
                         net (fo=4, routed)           0.578   106.806    mmcam/am_or_ma/FIRE[14]
    SLICE_X99Y61         LUT6 (Prop_lut6_I1_O)        0.124   106.930 f  mmcam/am_or_ma/R_ADDR_inferred_i_30/O
                         net (fo=7, routed)           1.247   108.178    mmcam/am_or_ma/R_ADDR_inferred_i_30_n_0
    SLICE_X105Y62        LUT4 (Prop_lut4_I3_O)        0.124   108.302 f  mmcam/am_or_ma/R_ADDR_inferred_i_41/O
                         net (fo=3, routed)           1.197   109.499    mmcam/am_or_ma/R_ADDR_inferred_i_41_n_0
    SLICE_X108Y62        LUT6 (Prop_lut6_I0_O)        0.124   109.623 f  mmcam/am_or_ma/FIRE_OR_inferred_i_7/O
                         net (fo=3, routed)           0.554   110.176    mmcam/am_or_ma/FIRE_OR_inferred_i_7_n_0
    SLICE_X104Y62        LUT6 (Prop_lut6_I1_O)        0.124   110.300 f  mmcam/am_or_ma/FIRE_OR_inferred_i_5/O
                         net (fo=2, routed)           0.542   110.843    mmcam/am_or_ma/FIRE_OR_inferred_i_5_n_0
    SLICE_X106Y63        LUT4 (Prop_lut4_I3_O)        0.124   110.967 f  mmcam/am_or_ma/FIRE_OR_inferred_i_1/O
                         net (fo=31, routed)          1.953   112.920    mmcam/am_or_ma/FIRE_OR
    SLICE_X93Y63         LUT3 (Prop_lut3_I0_O)        0.124   113.044 r  mmcam/am_or_ma/EN[61]_INST_0_i_2/O
                         net (fo=30, routed)          1.875   114.918    mmcam/am_or_ma/EN[61]_INST_0_i_2_n_0
    SLICE_X102Y68        LUT6 (Prop_lut6_I0_O)        0.124   115.042 f  mmcam/am_or_ma/EN[52]_INST_0_i_1/O
                         net (fo=1, routed)           1.140   116.182    mmcam/am_or_ma/EN[52]_INST_0_i_1_n_0
    SLICE_X100Y65        LUT6 (Prop_lut6_I1_O)        0.124   116.306 r  mmcam/am_or_ma/EN[52]_INST_0/O
                         net (fo=20, routed)          1.218   117.524    mmcam/entry_fd_loop[52].ef/EN
    SLICE_X108Y71        FDRE                                         r  mmcam/entry_fd_loop[52].ef/ENTRY_reg[13]/CE
  -------------------------------------------------------------------    -------------------

Slack:                    inf
  Source:                 Ack_in
                            (input port)
  Destination:            mmcam/entry_fd_loop[52].ef/ENTRY_reg[14]/CE
  Path Group:             (none)
  Path Type:              Max at Slow Process Corner
  Data Path Delay:        117.524ns  (logic 22.338ns (19.007%)  route 95.186ns (80.993%))
  Logic Levels:           134  (CARRY4=2 IBUF=1 LUT1=79 LUT2=16 LUT3=17 LUT4=11 LUT6=8)

    Location             Delay type                Incr(ns)  Path(ns)    Netlist Resource(s)
  -------------------------------------------------------------------    -------------------
    U7                                                0.000     0.000 f  Ack_in (IN)
                         net (fo=0)                   0.000     0.000    Ack_in
    U7                   IBUF (Prop_ibuf_I_O)         0.915     0.915 f  Ack_in_IBUF_inst/O
                         net (fo=2, routed)           4.929     5.843    cc/c/Ack_in
    SLICE_X76Y44         LUT4 (Prop_lut4_I3_O)        0.124     5.967 r  cc/c/nand3_out_inferred_i_1/O
                         net (fo=2, routed)           0.859     6.826    cc/c/nand3_out
    SLICE_X76Y44         LUT3 (Prop_lut3_I2_O)        0.124     6.950 f  cc/c/nand2_out_inferred_i_1/O
                         net (fo=1, routed)           0.158     7.108    cc/c/nand2_out
    SLICE_X76Y44         LUT2 (Prop_lut2_I1_O)        0.124     7.232 r  cc/c/nand1_out_inferred_i_1/O
                         net (fo=3, routed)           0.725     7.957    cc/c/delay2/din
    SLICE_X77Y44         LUT1 (Prop_lut1_I0_O)        0.124     8.081 r  cc/c/delay2/buf_inst_begin/O
                         net (fo=1, routed)           0.264     8.345    cc/c/delay2/t[0]
    SLICE_X77Y44         LUT1 (Prop_lut1_I0_O)        0.124     8.469 r  cc/c/delay2/delay_loop[0].buf_inst/O
                         net (fo=1, routed)           0.707     9.176    cc/c/delay2/t[1]
    SLICE_X76Y44         LUT1 (Prop_lut1_I0_O)        0.124     9.300 r  cc/c/delay2/delay_loop[1].buf_inst/O
                         net (fo=1, routed)           0.640     9.940    cc/c/delay2/t[2]
    SLICE_X78Y45         LUT1 (Prop_lut1_I0_O)        0.124    10.064 r  cc/c/delay2/delay_loop[2].buf_inst/O
                         net (fo=1, routed)           0.279    10.343    cc/c/delay2/t[3]
    SLICE_X78Y45         LUT1 (Prop_lut1_I0_O)        0.124    10.467 r  cc/c/delay2/delay_loop[3].buf_inst/O
                         net (fo=1, routed)           0.158    10.625    cc/c/delay2/t[4]
    SLICE_X78Y45         LUT1 (Prop_lut1_I0_O)        0.124    10.749 r  cc/c/delay2/delay_loop[4].buf_inst/O
                         net (fo=1, routed)           0.433    11.182    cc/c/delay2/t[5]
    SLICE_X78Y45         LUT1 (Prop_lut1_I0_O)        0.124    11.306 r  cc/c/delay2/delay_loop[5].buf_inst/O
                         net (fo=1, routed)           0.873    12.179    cc/c/delay2/t[6]
    SLICE_X79Y45         LUT1 (Prop_lut1_I0_O)        0.124    12.303 r  cc/c/delay2/buf_inst_end/O
                         net (fo=1, routed)           0.640    12.943    cc/c/LB_out
    SLICE_X79Y47         LUT1 (Prop_lut1_I0_O)        0.124    13.067 f  cc/c/Ack_out_INST_0/O
                         net (fo=1, routed)           0.433    13.500    cc/b/Ack_in_a
    SLICE_X79Y47         LUT2 (Prop_lut2_I0_O)        0.124    13.624 f  cc/b/and_out_inferred_i_1/O
                         net (fo=2, routed)           0.800    14.423    cc/b/c0/Ack_in
    SLICE_X81Y48         LUT4 (Prop_lut4_I3_O)        0.124    14.547 r  cc/b/c0/nand3_out_inferred_i_1/O
                         net (fo=2, routed)           0.275    14.822    cc/b/c0/nand3_out
    SLICE_X81Y48         LUT3 (Prop_lut3_I2_O)        0.124    14.946 f  cc/b/c0/nand2_out_inferred_i_1/O
                         net (fo=1, routed)           0.656    15.602    cc/b/c0/nand2_out
    SLICE_X80Y48         LUT2 (Prop_lut2_I1_O)        0.124    15.726 r  cc/b/c0/nand1_out_inferred_i_1/O
                         net (fo=3, routed)           0.701    16.427    cc/b/c0/delay2/din
    SLICE_X82Y49         LUT1 (Prop_lut1_I0_O)        0.124    16.551 r  cc/b/c0/delay2/buf_inst_begin/O
                         net (fo=1, routed)           1.015    17.566    cc/b/c0/delay2/t[0]
    SLICE_X82Y52         LUT1 (Prop_lut1_I0_O)        0.148    17.714 r  cc/b/c0/delay2/delay_loop[0].buf_inst/O
                         net (fo=1, routed)           1.035    18.749    cc/b/c0/delay2/t[1]
    SLICE_X82Y52         LUT1 (Prop_lut1_I0_O)        0.356    19.105 r  cc/b/c0/delay2/delay_loop[1].buf_inst/O
                         net (fo=1, routed)           0.848    19.953    cc/b/c0/delay2/t[2]
    SLICE_X82Y52         LUT1 (Prop_lut1_I0_O)        0.377    20.330 r  cc/b/c0/delay2/delay_loop[2].buf_inst/O
                         net (fo=1, routed)           0.692    21.022    cc/b/c0/delay2/t[3]
    SLICE_X82Y52         LUT1 (Prop_lut1_I0_O)        0.331    21.353 r  cc/b/c0/delay2/buf_inst_end/O
                         net (fo=1, routed)           0.282    21.635    cc/b/c0/LB_out
    SLICE_X82Y52         LUT1 (Prop_lut1_I0_O)        0.124    21.759 f  cc/b/c0/Ack_out_INST_0/O
                         net (fo=4, routed)           0.326    22.085    cc/copy/Ack_in
    SLICE_X84Y51         LUT3 (Prop_lut3_I0_O)        0.124    22.209 f  cc/copy/and2_out_inferred_i_1/O
                         net (fo=2, routed)           0.552    22.761    cc/copy/CF1/Ack_in
    SLICE_X85Y54         LUT4 (Prop_lut4_I3_O)        0.124    22.885 r  cc/copy/CF1/nand3_out_inferred_i_1/O
                         net (fo=2, routed)           0.323    23.208    cc/copy/CF1/nand3_out
    SLICE_X86Y54         LUT3 (Prop_lut3_I2_O)        0.124    23.332 f  cc/copy/CF1/nand2_out_inferred_i_1/O
                         net (fo=1, routed)           0.286    23.619    cc/copy/CF1/nand2_out
    SLICE_X86Y54         LUT2 (Prop_lut2_I1_O)        0.124    23.743 r  cc/copy/CF1/nand1_out_inferred_i_1/O
                         net (fo=3, routed)           0.677    24.420    cc/copy/CF1/delay2/din
    SLICE_X87Y54         LUT1 (Prop_lut1_I0_O)        0.124    24.544 r  cc/copy/CF1/delay2/buf_inst_begin/O
                         net (fo=1, routed)           0.149    24.693    cc/copy/CF1/delay2/t[0]
    SLICE_X87Y54         LUT1 (Prop_lut1_I0_O)        0.124    24.817 r  cc/copy/CF1/delay2/delay_loop[0].buf_inst/O
                         net (fo=1, routed)           0.303    25.120    cc/copy/CF1/delay2/t[1]
    SLICE_X85Y54         LUT1 (Prop_lut1_I0_O)        0.124    25.244 r  cc/copy/CF1/delay2/delay_loop[1].buf_inst/O
                         net (fo=1, routed)           0.575    25.819    cc/copy/CF1/delay2/t[2]
    SLICE_X85Y54         LUT1 (Prop_lut1_I0_O)        0.150    25.969 r  cc/copy/CF1/delay2/delay_loop[2].buf_inst/O
                         net (fo=1, routed)           0.493    26.462    cc/copy/CF1/delay2/t[3]
    SLICE_X86Y50         LUT1 (Prop_lut1_I0_O)        0.326    26.788 r  cc/copy/CF1/delay2/buf_inst_end/O
                         net (fo=1, routed)           0.494    27.282    cc/copy/CF1/LB_out
    SLICE_X86Y50         LUT1 (Prop_lut1_I0_O)        0.124    27.406 f  cc/copy/CF1/Ack_out_INST_0/O
                         net (fo=2, routed)           1.181    28.587    cc/ma/Ack_in
    SLICE_X84Y46         LUT4 (Prop_lut4_I3_O)        0.124    28.711 r  cc/ma/nand3_out_inferred_i_1/O
                         net (fo=2, routed)           0.289    29.000    cc/ma/nand3_out
    SLICE_X84Y46         LUT3 (Prop_lut3_I2_O)        0.124    29.124 f  cc/ma/nand2_out_inferred_i_1/O
                         net (fo=1, routed)           0.656    29.780    cc/ma/nand2_out
    SLICE_X85Y46         LUT2 (Prop_lut2_I1_O)        0.124    29.904 r  cc/ma/nand1_out_inferred_i_1/O
                         net (fo=3, routed)           1.040    30.944    cc/ma/delay2/din
    SLICE_X79Y42         LUT1 (Prop_lut1_I0_O)        0.124    31.068 r  cc/ma/delay2/buf_inst_begin/O
                         net (fo=1, routed)           0.433    31.501    cc/ma/delay2/t[0]
    SLICE_X79Y42         LUT1 (Prop_lut1_I0_O)        0.124    31.625 r  cc/ma/delay2/delay_loop[0].buf_inst/O
                         net (fo=1, routed)           0.665    32.290    cc/ma/delay2/t[1]
    SLICE_X79Y42         LUT1 (Prop_lut1_I0_O)        0.152    32.442 r  cc/ma/delay2/delay_loop[1].buf_inst/O
                         net (fo=1, routed)           0.582    33.024    cc/ma/delay2/t[2]
    SLICE_X78Y41         LUT1 (Prop_lut1_I0_O)        0.326    33.350 r  cc/ma/delay2/delay_loop[2].buf_inst/O
                         net (fo=1, routed)           0.433    33.784    cc/ma/delay2/t[3]
    SLICE_X78Y41         LUT1 (Prop_lut1_I0_O)        0.124    33.908 r  cc/ma/delay2/delay_loop[3].buf_inst/O
                         net (fo=1, routed)           0.873    34.780    cc/ma/delay2/t[4]
    SLICE_X79Y41         LUT1 (Prop_lut1_I0_O)        0.124    34.904 r  cc/ma/delay2/delay_loop[4].buf_inst/O
                         net (fo=1, routed)           0.264    35.169    cc/ma/delay2/t[5]
    SLICE_X79Y41         LUT1 (Prop_lut1_I0_O)        0.124    35.293 r  cc/ma/delay2/delay_loop[5].buf_inst/O
                         net (fo=1, routed)           0.149    35.442    cc/ma/delay2/t[6]
    SLICE_X79Y41         LUT1 (Prop_lut1_I0_O)        0.124    35.566 r  cc/ma/delay2/delay_loop[6].buf_inst/O
                         net (fo=1, routed)           0.433    35.999    cc/ma/delay2/t[7]
    SLICE_X79Y41         LUT1 (Prop_lut1_I0_O)        0.124    36.123 r  cc/ma/delay2/delay_loop[7].buf_inst/O
                         net (fo=1, routed)           0.873    36.996    cc/ma/delay2/t[8]
    SLICE_X78Y41         LUT1 (Prop_lut1_I0_O)        0.124    37.120 r  cc/ma/delay2/buf_inst_end/O
                         net (fo=1, routed)           0.444    37.564    cc/ma/LB_out
    SLICE_X78Y41         LUT1 (Prop_lut1_I0_O)        0.124    37.688 f  cc/ma/Ack_out_INST_0/O
                         net (fo=1, routed)           0.756    38.444    cc/fp/Ack_in
    SLICE_X82Y41         LUT2 (Prop_lut2_I0_O)        0.124    38.568 f  cc/fp/and_out_inferred_i_1/O
                         net (fo=2, routed)           1.127    39.695    cc/fp/c0/Ack_in
    SLICE_X86Y37         LUT4 (Prop_lut4_I3_O)        0.124    39.819 r  cc/fp/c0/nand3_out_inferred_i_1/O
                         net (fo=2, routed)           0.817    40.636    cc/fp/c0/nand3_out
    SLICE_X84Y37         LUT3 (Prop_lut3_I2_O)        0.124    40.760 f  cc/fp/c0/nand2_out_inferred_i_1/O
                         net (fo=1, routed)           0.492    41.252    cc/fp/c0/nand2_out
    SLICE_X85Y37         LUT2 (Prop_lut2_I1_O)        0.124    41.376 r  cc/fp/c0/nand1_out_inferred_i_1/O
                         net (fo=3, routed)           0.831    42.207    cc/fp/c0/delay2/din
    SLICE_X85Y36         LUT1 (Prop_lut1_I0_O)        0.124    42.331 r  cc/fp/c0/delay2/buf_inst_begin/O
                         net (fo=1, routed)           0.873    43.204    cc/fp/c0/delay2/t[0]
    SLICE_X84Y36         LUT1 (Prop_lut1_I0_O)        0.124    43.328 r  cc/fp/c0/delay2/delay_loop[0].buf_inst/O
                         net (fo=1, routed)           0.158    43.486    cc/fp/c0/delay2/t[1]
    SLICE_X84Y36         LUT1 (Prop_lut1_I0_O)        0.124    43.610 r  cc/fp/c0/delay2/delay_loop[1].buf_inst/O
                         net (fo=1, routed)           0.433    44.043    cc/fp/c0/delay2/t[2]
    SLICE_X84Y36         LUT1 (Prop_lut1_I0_O)        0.124    44.167 r  cc/fp/c0/delay2/delay_loop[2].buf_inst/O
                         net (fo=1, routed)           0.674    44.842    cc/fp/c0/delay2/t[3]
    SLICE_X84Y36         LUT1 (Prop_lut1_I0_O)        0.124    44.966 r  cc/fp/c0/delay2/buf_inst_end/O
                         net (fo=1, routed)           0.639    45.605    cc/fp/c0/LB_out
    SLICE_X85Y37         LUT1 (Prop_lut1_I0_O)        0.124    45.729 f  cc/fp/c0/Ack_out_INST_0/O
                         net (fo=2, routed)           0.947    46.676    cc/ps/Ack_in
    SLICE_X82Y39         LUT4 (Prop_lut4_I3_O)        0.124    46.800 r  cc/ps/nand3_out_inferred_i_1/O
                         net (fo=2, routed)           0.299    47.099    cc/ps/nand3_out
    SLICE_X82Y39         LUT3 (Prop_lut3_I2_O)        0.124    47.223 f  cc/ps/nand2_out_inferred_i_1/O
                         net (fo=1, routed)           0.161    47.384    cc/ps/nand2_out
    SLICE_X82Y39         LUT2 (Prop_lut2_I1_O)        0.124    47.508 r  cc/ps/nand1_out_inferred_i_1/O
                         net (fo=3, routed)           0.843    48.351    cc/ps/delay2/din
    SLICE_X81Y40         LUT1 (Prop_lut1_I0_O)        0.124    48.475 r  cc/ps/delay2/buf_inst_begin/O
                         net (fo=1, routed)           0.264    48.739    cc/ps/delay2/t[0]
    SLICE_X81Y40         LUT1 (Prop_lut1_I0_O)        0.124    48.863 r  cc/ps/delay2/delay_loop[0].buf_inst/O
                         net (fo=1, routed)           0.149    49.012    cc/ps/delay2/t[1]
    SLICE_X81Y40         LUT1 (Prop_lut1_I0_O)        0.124    49.136 r  cc/ps/delay2/delay_loop[1].buf_inst/O
                         net (fo=1, routed)           0.433    49.569    cc/ps/delay2/t[2]
    SLICE_X81Y40         LUT1 (Prop_lut1_I0_O)        0.124    49.693 r  cc/ps/delay2/delay_loop[2].buf_inst/O
                         net (fo=1, routed)           0.302    49.996    cc/ps/delay2/t[3]
    SLICE_X80Y41         LUT1 (Prop_lut1_I0_O)        0.124    50.120 r  cc/ps/delay2/delay_loop[3].buf_inst/O
                         net (fo=1, routed)           0.873    50.993    cc/ps/delay2/t[4]
    SLICE_X81Y41         LUT1 (Prop_lut1_I0_O)        0.124    51.117 r  cc/ps/delay2/delay_loop[4].buf_inst/O
                         net (fo=1, routed)           0.264    51.381    cc/ps/delay2/t[5]
    SLICE_X81Y41         LUT1 (Prop_lut1_I0_O)        0.124    51.505 r  cc/ps/delay2/delay_loop[5].buf_inst/O
                         net (fo=1, routed)           0.149    51.654    cc/ps/delay2/t[6]
    SLICE_X81Y41         LUT1 (Prop_lut1_I0_O)        0.124    51.778 r  cc/ps/delay2/delay_loop[6].buf_inst/O
                         net (fo=1, routed)           0.433    52.211    cc/ps/delay2/t[7]
    SLICE_X81Y41         LUT1 (Prop_lut1_I0_O)        0.124    52.335 r  cc/ps/delay2/delay_loop[7].buf_inst/O
                         net (fo=1, routed)           0.502    52.837    cc/ps/delay2/t[8]
    SLICE_X80Y41         LUT1 (Prop_lut1_I0_O)        0.124    52.961 r  cc/ps/delay2/buf_inst_end/O
                         net (fo=1, routed)           0.159    53.120    cc/ps/LB_out
    SLICE_X80Y41         LUT1 (Prop_lut1_I0_O)        0.124    53.244 f  cc/ps/Ack_out_INST_0/O
                         net (fo=1, routed)           0.444    53.688    cc/mmram/Ack_in
    SLICE_X80Y41         LUT2 (Prop_lut2_I0_O)        0.124    53.812 f  cc/mmram/and_out_inferred_i_1/O
                         net (fo=2, routed)           0.938    54.750    cc/mmram/c0/Ack_in
    SLICE_X79Y43         LUT4 (Prop_lut4_I3_O)        0.124    54.874 r  cc/mmram/c0/nand3_out_inferred_i_1/O
                         net (fo=2, routed)           0.517    55.390    cc/mmram/c0/nand3_out
    SLICE_X78Y43         LUT3 (Prop_lut3_I2_O)        0.124    55.514 f  cc/mmram/c0/nand2_out_inferred_i_1/O
                         net (fo=1, routed)           0.279    55.793    cc/mmram/c0/nand2_out
    SLICE_X78Y43         LUT2 (Prop_lut2_I1_O)        0.124    55.917 r  cc/mmram/c0/nand1_out_inferred_i_1/O
                         net (fo=3, routed)           1.119    57.036    cc/mmram/c0/delay2/din
    SLICE_X81Y46         LUT1 (Prop_lut1_I0_O)        0.124    57.160 r  cc/mmram/c0/delay2/buf_inst_begin/O
                         net (fo=1, routed)           0.667    57.827    cc/mmram/c0/delay2/t[0]
    SLICE_X81Y46         LUT1 (Prop_lut1_I0_O)        0.152    57.979 r  cc/mmram/c0/delay2/delay_loop[0].buf_inst/O
                         net (fo=1, routed)           0.267    58.245    cc/mmram/c0/delay2/t[1]
    SLICE_X81Y46         LUT1 (Prop_lut1_I0_O)        0.328    58.573 r  cc/mmram/c0/delay2/delay_loop[1].buf_inst/O
                         net (fo=1, routed)           0.674    59.248    cc/mmram/c0/delay2/t[2]
    SLICE_X81Y46         LUT1 (Prop_lut1_I0_O)        0.352    59.600 r  cc/mmram/c0/delay2/delay_loop[2].buf_inst/O
                         net (fo=1, routed)           0.436    60.036    cc/mmram/c0/delay2/t[3]
    SLICE_X81Y46         LUT1 (Prop_lut1_I0_O)        0.358    60.394 r  cc/mmram/c0/delay2/buf_inst_end/O
                         net (fo=1, routed)           0.433    60.827    cc/mmram/c0/LB_out
    SLICE_X81Y46         LUT1 (Prop_lut1_I0_O)        0.326    61.153 f  cc/mmram/c0/Ack_out_INST_0/O
                         net (fo=2, routed)           0.812    61.965    cc/mmcam/Ack_in
    SLICE_X83Y46         LUT4 (Prop_lut4_I3_O)        0.124    62.089 r  cc/mmcam/nand3_out_inferred_i_1/O
                         net (fo=2, routed)           0.264    62.353    cc/mmcam/nand3_out
    SLICE_X83Y46         LUT3 (Prop_lut3_I2_O)        0.124    62.477 f  cc/mmcam/nand2_out_inferred_i_1/O
                         net (fo=1, routed)           0.154    62.631    cc/mmcam/nand2_out
    SLICE_X83Y46         LUT2 (Prop_lut2_I1_O)        0.124    62.755 r  cc/mmcam/nand1_out_inferred_i_1/O
                         net (fo=3, routed)           1.015    63.771    cc/mmcam/delay2/din
    SLICE_X80Y46         LUT1 (Prop_lut1_I0_O)        0.124    63.895 r  cc/mmcam/delay2/buf_inst_begin/O
                         net (fo=1, routed)           0.279    64.174    cc/mmcam/delay2/t[0]
    SLICE_X80Y46         LUT1 (Prop_lut1_I0_O)        0.124    64.298 r  cc/mmcam/delay2/delay_loop[0].buf_inst/O
                         net (fo=1, routed)           0.853    65.150    cc/mmcam/delay2/t[1]
    SLICE_X80Y46         LUT1 (Prop_lut1_I0_O)        0.124    65.274 r  cc/mmcam/delay2/delay_loop[1].buf_inst/O
                         net (fo=1, routed)           0.433    65.708    cc/mmcam/delay2/t[2]
    SLICE_X80Y46         LUT1 (Prop_lut1_I0_O)        0.124    65.832 r  cc/mmcam/delay2/delay_loop[2].buf_inst/O
                         net (fo=1, routed)           0.674    66.506    cc/mmcam/delay2/t[3]
    SLICE_X80Y46         LUT1 (Prop_lut1_I0_O)        0.152    66.658 r  cc/mmcam/delay2/delay_loop[3].buf_inst/O
                         net (fo=1, routed)           0.851    67.509    cc/mmcam/delay2/t[4]
    SLICE_X80Y46         LUT1 (Prop_lut1_I0_O)        0.354    67.863 r  cc/mmcam/delay2/delay_loop[4].buf_inst/O
                         net (fo=1, routed)           0.288    68.151    cc/mmcam/delay2/t[5]
    SLICE_X80Y46         LUT1 (Prop_lut1_I0_O)        0.328    68.479 r  cc/mmcam/delay2/delay_loop[5].buf_inst/O
                         net (fo=1, routed)           0.674    69.153    cc/mmcam/delay2/t[6]
    SLICE_X80Y46         LUT1 (Prop_lut1_I0_O)        0.352    69.505 r  cc/mmcam/delay2/delay_loop[6].buf_inst/O
                         net (fo=1, routed)           0.737    70.242    cc/mmcam/delay2/t[7]
    SLICE_X76Y46         LUT1 (Prop_lut1_I0_O)        0.361    70.603 r  cc/mmcam/delay2/delay_loop[7].buf_inst/O
                         net (fo=1, routed)           0.283    70.886    cc/mmcam/delay2/t[8]
    SLICE_X76Y46         LUT1 (Prop_lut1_I0_O)        0.322    71.208 r  cc/mmcam/delay2/buf_inst_end/O
                         net (fo=1, routed)           0.283    71.491    cc/mmcam/LB_out
    SLICE_X76Y46         LUT1 (Prop_lut1_I0_O)        0.332    71.823 f  cc/mmcam/Ack_out_INST_0/O
                         net (fo=4, routed)           0.828    72.651    cc/m/CJ2/Ack_in
    SLICE_X77Y47         LUT6 (Prop_lut6_I4_O)        0.124    72.775 r  cc/m/CJ2/nand3_out_inferred_i_1/O
                         net (fo=2, routed)           0.517    73.291    cc/m/CJ2/nand3_out
    SLICE_X76Y47         LUT3 (Prop_lut3_I2_O)        0.124    73.415 f  cc/m/CJ2/nand2_out_inferred_i_1/O
                         net (fo=1, routed)           0.669    74.084    cc/m/CJ2/nand2_out
    SLICE_X76Y47         LUT2 (Prop_lut2_I1_O)        0.124    74.208 r  cc/m/CJ2/nand1_out_inferred_i_1/O
                         net (fo=3, routed)           0.328    74.536    cc/m/CJ2/delay2/din
    SLICE_X74Y47         LUT1 (Prop_lut1_I0_O)        0.124    74.660 r  cc/m/CJ2/delay2/buf_inst_begin/O
                         net (fo=1, routed)           0.433    75.094    cc/m/CJ2/delay2/t[0]
    SLICE_X74Y47         LUT1 (Prop_lut1_I0_O)        0.124    75.218 r  cc/m/CJ2/delay2/delay_loop[0].buf_inst/O
                         net (fo=1, routed)           0.647    75.864    cc/m/CJ2/delay2/t[1]
    SLICE_X76Y48         LUT1 (Prop_lut1_I0_O)        0.124    75.988 r  cc/m/CJ2/delay2/delay_loop[1].buf_inst/O
                         net (fo=1, routed)           0.853    76.841    cc/m/CJ2/delay2/t[2]
    SLICE_X76Y48         LUT1 (Prop_lut1_I0_O)        0.124    76.965 r  cc/m/CJ2/delay2/delay_loop[2].buf_inst/O
                         net (fo=1, routed)           0.433    77.398    cc/m/CJ2/delay2/t[3]
    SLICE_X76Y48         LUT1 (Prop_lut1_I0_O)        0.124    77.522 r  cc/m/CJ2/delay2/delay_loop[3].buf_inst/O
                         net (fo=1, routed)           0.674    78.196    cc/m/CJ2/delay2/t[4]
    SLICE_X76Y48         LUT1 (Prop_lut1_I0_O)        0.152    78.348 r  cc/m/CJ2/delay2/delay_loop[4].buf_inst/O
                         net (fo=1, routed)           0.851    79.200    cc/m/CJ2/delay2/t[5]
    SLICE_X76Y48         LUT1 (Prop_lut1_I0_O)        0.354    79.554 r  cc/m/CJ2/delay2/delay_loop[5].buf_inst/O
                         net (fo=1, routed)           0.288    79.841    cc/m/CJ2/delay2/t[6]
    SLICE_X76Y48         LUT1 (Prop_lut1_I0_O)        0.328    80.169 r  cc/m/CJ2/delay2/delay_loop[6].buf_inst/O
                         net (fo=1, routed)           0.674    80.843    cc/m/CJ2/delay2/t[7]
    SLICE_X76Y48         LUT1 (Prop_lut1_I0_O)        0.352    81.195 r  cc/m/CJ2/delay2/delay_loop[7].buf_inst/O
                         net (fo=1, routed)           0.568    81.764    cc/m/CJ2/delay2/t[8]
    SLICE_X79Y48         LUT1 (Prop_lut1_I0_O)        0.332    82.096 r  cc/m/CJ2/delay2/buf_inst_end/O
                         net (fo=1, routed)           0.574    82.670    cc/m/CJ2/LB_out
    SLICE_X78Y47         LUT1 (Prop_lut1_I0_O)        0.124    82.794 f  cc/m/CJ2/Ack_out_INST_0/O
                         net (fo=2, routed)           0.679    83.473    cc/m/Ack_out_b
    SLICE_X78Y47         LUT3 (Prop_lut3_I1_O)        0.124    83.597 r  cc/m/nand4_out_inferred_i_1/O
                         net (fo=1, routed)           0.444    84.041    cc/m/nand4_out
    SLICE_X78Y47         LUT3 (Prop_lut3_I0_O)        0.124    84.165 f  cc/m/nand3_out_inferred_i_1/O
                         net (fo=2, routed)           0.679    84.844    cc/m/nand3_out
    SLICE_X78Y47         LUT2 (Prop_lut2_I0_O)        0.124    84.968 r  cc/m/nand6_out_inferred_i_1/O
                         net (fo=2, routed)           0.814    85.782    cc/m/nand6_out
    SLICE_X78Y46         LUT3 (Prop_lut3_I2_O)        0.124    85.906 f  cc/m/nand5_out_inferred_i_1/O
                         net (fo=2, routed)           0.802    86.708    cc/m/nand5_out
    SLICE_X77Y46         LUT2 (Prop_lut2_I0_O)        0.124    86.832 r  cc/m/nand7_out_inferred_i_1/O
                         net (fo=2, routed)           0.306    87.138    cc/m/nand7_out
    SLICE_X78Y46         LUT3 (Prop_lut3_I2_O)        0.124    87.262 f  cc/m/nand8_out_inferred_i_1/O
                         net (fo=2, routed)           0.991    88.253    cc/m/CJ1/g
    SLICE_X76Y46         LUT6 (Prop_lut6_I3_O)        0.124    88.377 r  cc/m/CJ1/nand3_out_inferred_i_1/O
                         net (fo=2, routed)           0.680    89.057    cc/m/CJ1/nand3_out
    SLICE_X76Y46         LUT2 (Prop_lut2_I0_O)        0.124    89.181 f  cc/m/CJ1/nand4_out_inferred_i_1/O
                         net (fo=1, routed)           0.848    90.029    cc/m/CJ1/nand4_out
    SLICE_X76Y46         LUT3 (Prop_lut3_I0_O)        0.124    90.153 r  cc/m/CJ1/nand5_out_inferred_i_1/O
                         net (fo=3, routed)           0.809    90.962    cc/m/CJ1/nand5_out
    SLICE_X76Y49         LUT1 (Prop_lut1_I0_O)        0.124    91.086 f  cc/m/CJ1/cp_INST_0/O
                         net (fo=55, routed)          0.647    91.733    cc/m/cp1
    SLICE_X78Y48         LUT1 (Prop_lut1_I0_O)        0.124    91.857 r  cc/m/z1_inferred_i_1/O
                         net (fo=3, routed)           0.171    92.028    cc/m/z1
    SLICE_X78Y48         LUT2 (Prop_lut2_I0_O)        0.124    92.152 r  cc/m/nor2_out_inferred_i_1/O
                         net (fo=55, routed)          4.305    96.456    m/SEL
    SLICE_X111Y78        LUT3 (Prop_lut3_I2_O)        0.124    96.580 r  m/PACKET_OUT[38]_INST_0/O
                         net (fo=129, routed)         7.515   104.095    mmcam/entry_fd_loop[14].ef/color_gen_dest_LR[3]
    SLICE_X102Y54        LUT6 (Prop_lut6_I3_O)        0.124   104.219 r  mmcam/entry_fd_loop[14].ef/FIRE_INST_0_i_8/O
                         net (fo=1, routed)           0.000   104.219    mmcam/entry_fd_loop[14].ef/FIRE_INST_0_i_8_n_0
    SLICE_X102Y54        CARRY4 (Prop_carry4_S[0]_CO[3])
                                                      0.513   104.732 r  mmcam/entry_fd_loop[14].ef/FIRE_INST_0_i_2/CO[3]
                         net (fo=1, routed)           0.000   104.732    mmcam/entry_fd_loop[14].ef/FIRE_INST_0_i_2_n_0
    SLICE_X102Y55        CARRY4 (Prop_carry4_CI_CO[1])
                                                      0.157   104.889 f  mmcam/entry_fd_loop[14].ef/FIRE_INST_0_i_1/CO[1]
                         net (fo=2, routed)           1.008   105.897    mmcam/entry_fd_loop[14].ef/FIRE1
    SLICE_X101Y62        LUT4 (Prop_lut4_I1_O)        0.332   106.229 f  mmcam/entry_fd_loop[14].ef/FIRE_INST_0/O
                         net (fo=4, routed)           0.578   106.806    mmcam/am_or_ma/FIRE[14]
    SLICE_X99Y61         LUT6 (Prop_lut6_I1_O)        0.124   106.930 f  mmcam/am_or_ma/R_ADDR_inferred_i_30/O
                         net (fo=7, routed)           1.247   108.178    mmcam/am_or_ma/R_ADDR_inferred_i_30_n_0
    SLICE_X105Y62        LUT4 (Prop_lut4_I3_O)        0.124   108.302 f  mmcam/am_or_ma/R_ADDR_inferred_i_41/O
                         net (fo=3, routed)           1.197   109.499    mmcam/am_or_ma/R_ADDR_inferred_i_41_n_0
    SLICE_X108Y62        LUT6 (Prop_lut6_I0_O)        0.124   109.623 f  mmcam/am_or_ma/FIRE_OR_inferred_i_7/O
                         net (fo=3, routed)           0.554   110.176    mmcam/am_or_ma/FIRE_OR_inferred_i_7_n_0
    SLICE_X104Y62        LUT6 (Prop_lut6_I1_O)        0.124   110.300 f  mmcam/am_or_ma/FIRE_OR_inferred_i_5/O
                         net (fo=2, routed)           0.542   110.843    mmcam/am_or_ma/FIRE_OR_inferred_i_5_n_0
    SLICE_X106Y63        LUT4 (Prop_lut4_I3_O)        0.124   110.967 f  mmcam/am_or_ma/FIRE_OR_inferred_i_1/O
                         net (fo=31, routed)          1.953   112.920    mmcam/am_or_ma/FIRE_OR
    SLICE_X93Y63         LUT3 (Prop_lut3_I0_O)        0.124   113.044 r  mmcam/am_or_ma/EN[61]_INST_0_i_2/O
                         net (fo=30, routed)          1.875   114.918    mmcam/am_or_ma/EN[61]_INST_0_i_2_n_0
    SLICE_X102Y68        LUT6 (Prop_lut6_I0_O)        0.124   115.042 f  mmcam/am_or_ma/EN[52]_INST_0_i_1/O
                         net (fo=1, routed)           1.140   116.182    mmcam/am_or_ma/EN[52]_INST_0_i_1_n_0
    SLICE_X100Y65        LUT6 (Prop_lut6_I1_O)        0.124   116.306 r  mmcam/am_or_ma/EN[52]_INST_0/O
                         net (fo=20, routed)          1.218   117.524    mmcam/entry_fd_loop[52].ef/EN
    SLICE_X108Y71        FDRE                                         r  mmcam/entry_fd_loop[52].ef/ENTRY_reg[14]/CE
  -------------------------------------------------------------------    -------------------

Slack:                    inf
  Source:                 Ack_in
                            (input port)
  Destination:            mmcam/entry_fd_loop[52].ef/ENTRY_reg[15]/CE
  Path Group:             (none)
  Path Type:              Max at Slow Process Corner
  Data Path Delay:        117.524ns  (logic 22.338ns (19.007%)  route 95.186ns (80.993%))
  Logic Levels:           134  (CARRY4=2 IBUF=1 LUT1=79 LUT2=16 LUT3=17 LUT4=11 LUT6=8)

    Location             Delay type                Incr(ns)  Path(ns)    Netlist Resource(s)
  -------------------------------------------------------------------    -------------------
    U7                                                0.000     0.000 f  Ack_in (IN)
                         net (fo=0)                   0.000     0.000    Ack_in
    U7                   IBUF (Prop_ibuf_I_O)         0.915     0.915 f  Ack_in_IBUF_inst/O
                         net (fo=2, routed)           4.929     5.843    cc/c/Ack_in
    SLICE_X76Y44         LUT4 (Prop_lut4_I3_O)        0.124     5.967 r  cc/c/nand3_out_inferred_i_1/O
                         net (fo=2, routed)           0.859     6.826    cc/c/nand3_out
    SLICE_X76Y44         LUT3 (Prop_lut3_I2_O)        0.124     6.950 f  cc/c/nand2_out_inferred_i_1/O
                         net (fo=1, routed)           0.158     7.108    cc/c/nand2_out
    SLICE_X76Y44         LUT2 (Prop_lut2_I1_O)        0.124     7.232 r  cc/c/nand1_out_inferred_i_1/O
                         net (fo=3, routed)           0.725     7.957    cc/c/delay2/din
    SLICE_X77Y44         LUT1 (Prop_lut1_I0_O)        0.124     8.081 r  cc/c/delay2/buf_inst_begin/O
                         net (fo=1, routed)           0.264     8.345    cc/c/delay2/t[0]
    SLICE_X77Y44         LUT1 (Prop_lut1_I0_O)        0.124     8.469 r  cc/c/delay2/delay_loop[0].buf_inst/O
                         net (fo=1, routed)           0.707     9.176    cc/c/delay2/t[1]
    SLICE_X76Y44         LUT1 (Prop_lut1_I0_O)        0.124     9.300 r  cc/c/delay2/delay_loop[1].buf_inst/O
                         net (fo=1, routed)           0.640     9.940    cc/c/delay2/t[2]
    SLICE_X78Y45         LUT1 (Prop_lut1_I0_O)        0.124    10.064 r  cc/c/delay2/delay_loop[2].buf_inst/O
                         net (fo=1, routed)           0.279    10.343    cc/c/delay2/t[3]
    SLICE_X78Y45         LUT1 (Prop_lut1_I0_O)        0.124    10.467 r  cc/c/delay2/delay_loop[3].buf_inst/O
                         net (fo=1, routed)           0.158    10.625    cc/c/delay2/t[4]
    SLICE_X78Y45         LUT1 (Prop_lut1_I0_O)        0.124    10.749 r  cc/c/delay2/delay_loop[4].buf_inst/O
                         net (fo=1, routed)           0.433    11.182    cc/c/delay2/t[5]
    SLICE_X78Y45         LUT1 (Prop_lut1_I0_O)        0.124    11.306 r  cc/c/delay2/delay_loop[5].buf_inst/O
                         net (fo=1, routed)           0.873    12.179    cc/c/delay2/t[6]
    SLICE_X79Y45         LUT1 (Prop_lut1_I0_O)        0.124    12.303 r  cc/c/delay2/buf_inst_end/O
                         net (fo=1, routed)           0.640    12.943    cc/c/LB_out
    SLICE_X79Y47         LUT1 (Prop_lut1_I0_O)        0.124    13.067 f  cc/c/Ack_out_INST_0/O
                         net (fo=1, routed)           0.433    13.500    cc/b/Ack_in_a
    SLICE_X79Y47         LUT2 (Prop_lut2_I0_O)        0.124    13.624 f  cc/b/and_out_inferred_i_1/O
                         net (fo=2, routed)           0.800    14.423    cc/b/c0/Ack_in
    SLICE_X81Y48         LUT4 (Prop_lut4_I3_O)        0.124    14.547 r  cc/b/c0/nand3_out_inferred_i_1/O
                         net (fo=2, routed)           0.275    14.822    cc/b/c0/nand3_out
    SLICE_X81Y48         LUT3 (Prop_lut3_I2_O)        0.124    14.946 f  cc/b/c0/nand2_out_inferred_i_1/O
                         net (fo=1, routed)           0.656    15.602    cc/b/c0/nand2_out
    SLICE_X80Y48         LUT2 (Prop_lut2_I1_O)        0.124    15.726 r  cc/b/c0/nand1_out_inferred_i_1/O
                         net (fo=3, routed)           0.701    16.427    cc/b/c0/delay2/din
    SLICE_X82Y49         LUT1 (Prop_lut1_I0_O)        0.124    16.551 r  cc/b/c0/delay2/buf_inst_begin/O
                         net (fo=1, routed)           1.015    17.566    cc/b/c0/delay2/t[0]
    SLICE_X82Y52         LUT1 (Prop_lut1_I0_O)        0.148    17.714 r  cc/b/c0/delay2/delay_loop[0].buf_inst/O
                         net (fo=1, routed)           1.035    18.749    cc/b/c0/delay2/t[1]
    SLICE_X82Y52         LUT1 (Prop_lut1_I0_O)        0.356    19.105 r  cc/b/c0/delay2/delay_loop[1].buf_inst/O
                         net (fo=1, routed)           0.848    19.953    cc/b/c0/delay2/t[2]
    SLICE_X82Y52         LUT1 (Prop_lut1_I0_O)        0.377    20.330 r  cc/b/c0/delay2/delay_loop[2].buf_inst/O
                         net (fo=1, routed)           0.692    21.022    cc/b/c0/delay2/t[3]
    SLICE_X82Y52         LUT1 (Prop_lut1_I0_O)        0.331    21.353 r  cc/b/c0/delay2/buf_inst_end/O
                         net (fo=1, routed)           0.282    21.635    cc/b/c0/LB_out
    SLICE_X82Y52         LUT1 (Prop_lut1_I0_O)        0.124    21.759 f  cc/b/c0/Ack_out_INST_0/O
                         net (fo=4, routed)           0.326    22.085    cc/copy/Ack_in
    SLICE_X84Y51         LUT3 (Prop_lut3_I0_O)        0.124    22.209 f  cc/copy/and2_out_inferred_i_1/O
                         net (fo=2, routed)           0.552    22.761    cc/copy/CF1/Ack_in
    SLICE_X85Y54         LUT4 (Prop_lut4_I3_O)        0.124    22.885 r  cc/copy/CF1/nand3_out_inferred_i_1/O
                         net (fo=2, routed)           0.323    23.208    cc/copy/CF1/nand3_out
    SLICE_X86Y54         LUT3 (Prop_lut3_I2_O)        0.124    23.332 f  cc/copy/CF1/nand2_out_inferred_i_1/O
                         net (fo=1, routed)           0.286    23.619    cc/copy/CF1/nand2_out
    SLICE_X86Y54         LUT2 (Prop_lut2_I1_O)        0.124    23.743 r  cc/copy/CF1/nand1_out_inferred_i_1/O
                         net (fo=3, routed)           0.677    24.420    cc/copy/CF1/delay2/din
    SLICE_X87Y54         LUT1 (Prop_lut1_I0_O)        0.124    24.544 r  cc/copy/CF1/delay2/buf_inst_begin/O
                         net (fo=1, routed)           0.149    24.693    cc/copy/CF1/delay2/t[0]
    SLICE_X87Y54         LUT1 (Prop_lut1_I0_O)        0.124    24.817 r  cc/copy/CF1/delay2/delay_loop[0].buf_inst/O
                         net (fo=1, routed)           0.303    25.120    cc/copy/CF1/delay2/t[1]
    SLICE_X85Y54         LUT1 (Prop_lut1_I0_O)        0.124    25.244 r  cc/copy/CF1/delay2/delay_loop[1].buf_inst/O
                         net (fo=1, routed)           0.575    25.819    cc/copy/CF1/delay2/t[2]
    SLICE_X85Y54         LUT1 (Prop_lut1_I0_O)        0.150    25.969 r  cc/copy/CF1/delay2/delay_loop[2].buf_inst/O
                         net (fo=1, routed)           0.493    26.462    cc/copy/CF1/delay2/t[3]
    SLICE_X86Y50         LUT1 (Prop_lut1_I0_O)        0.326    26.788 r  cc/copy/CF1/delay2/buf_inst_end/O
                         net (fo=1, routed)           0.494    27.282    cc/copy/CF1/LB_out
    SLICE_X86Y50         LUT1 (Prop_lut1_I0_O)        0.124    27.406 f  cc/copy/CF1/Ack_out_INST_0/O
                         net (fo=2, routed)           1.181    28.587    cc/ma/Ack_in
    SLICE_X84Y46         LUT4 (Prop_lut4_I3_O)        0.124    28.711 r  cc/ma/nand3_out_inferred_i_1/O
                         net (fo=2, routed)           0.289    29.000    cc/ma/nand3_out
    SLICE_X84Y46         LUT3 (Prop_lut3_I2_O)        0.124    29.124 f  cc/ma/nand2_out_inferred_i_1/O
                         net (fo=1, routed)           0.656    29.780    cc/ma/nand2_out
    SLICE_X85Y46         LUT2 (Prop_lut2_I1_O)        0.124    29.904 r  cc/ma/nand1_out_inferred_i_1/O
                         net (fo=3, routed)           1.040    30.944    cc/ma/delay2/din
    SLICE_X79Y42         LUT1 (Prop_lut1_I0_O)        0.124    31.068 r  cc/ma/delay2/buf_inst_begin/O
                         net (fo=1, routed)           0.433    31.501    cc/ma/delay2/t[0]
    SLICE_X79Y42         LUT1 (Prop_lut1_I0_O)        0.124    31.625 r  cc/ma/delay2/delay_loop[0].buf_inst/O
                         net (fo=1, routed)           0.665    32.290    cc/ma/delay2/t[1]
    SLICE_X79Y42         LUT1 (Prop_lut1_I0_O)        0.152    32.442 r  cc/ma/delay2/delay_loop[1].buf_inst/O
                         net (fo=1, routed)           0.582    33.024    cc/ma/delay2/t[2]
    SLICE_X78Y41         LUT1 (Prop_lut1_I0_O)        0.326    33.350 r  cc/ma/delay2/delay_loop[2].buf_inst/O
                         net (fo=1, routed)           0.433    33.784    cc/ma/delay2/t[3]
    SLICE_X78Y41         LUT1 (Prop_lut1_I0_O)        0.124    33.908 r  cc/ma/delay2/delay_loop[3].buf_inst/O
                         net (fo=1, routed)           0.873    34.780    cc/ma/delay2/t[4]
    SLICE_X79Y41         LUT1 (Prop_lut1_I0_O)        0.124    34.904 r  cc/ma/delay2/delay_loop[4].buf_inst/O
                         net (fo=1, routed)           0.264    35.169    cc/ma/delay2/t[5]
    SLICE_X79Y41         LUT1 (Prop_lut1_I0_O)        0.124    35.293 r  cc/ma/delay2/delay_loop[5].buf_inst/O
                         net (fo=1, routed)           0.149    35.442    cc/ma/delay2/t[6]
    SLICE_X79Y41         LUT1 (Prop_lut1_I0_O)        0.124    35.566 r  cc/ma/delay2/delay_loop[6].buf_inst/O
                         net (fo=1, routed)           0.433    35.999    cc/ma/delay2/t[7]
    SLICE_X79Y41         LUT1 (Prop_lut1_I0_O)        0.124    36.123 r  cc/ma/delay2/delay_loop[7].buf_inst/O
                         net (fo=1, routed)           0.873    36.996    cc/ma/delay2/t[8]
    SLICE_X78Y41         LUT1 (Prop_lut1_I0_O)        0.124    37.120 r  cc/ma/delay2/buf_inst_end/O
                         net (fo=1, routed)           0.444    37.564    cc/ma/LB_out
    SLICE_X78Y41         LUT1 (Prop_lut1_I0_O)        0.124    37.688 f  cc/ma/Ack_out_INST_0/O
                         net (fo=1, routed)           0.756    38.444    cc/fp/Ack_in
    SLICE_X82Y41         LUT2 (Prop_lut2_I0_O)        0.124    38.568 f  cc/fp/and_out_inferred_i_1/O
                         net (fo=2, routed)           1.127    39.695    cc/fp/c0/Ack_in
    SLICE_X86Y37         LUT4 (Prop_lut4_I3_O)        0.124    39.819 r  cc/fp/c0/nand3_out_inferred_i_1/O
                         net (fo=2, routed)           0.817    40.636    cc/fp/c0/nand3_out
    SLICE_X84Y37         LUT3 (Prop_lut3_I2_O)        0.124    40.760 f  cc/fp/c0/nand2_out_inferred_i_1/O
                         net (fo=1, routed)           0.492    41.252    cc/fp/c0/nand2_out
    SLICE_X85Y37         LUT2 (Prop_lut2_I1_O)        0.124    41.376 r  cc/fp/c0/nand1_out_inferred_i_1/O
                         net (fo=3, routed)           0.831    42.207    cc/fp/c0/delay2/din
    SLICE_X85Y36         LUT1 (Prop_lut1_I0_O)        0.124    42.331 r  cc/fp/c0/delay2/buf_inst_begin/O
                         net (fo=1, routed)           0.873    43.204    cc/fp/c0/delay2/t[0]
    SLICE_X84Y36         LUT1 (Prop_lut1_I0_O)        0.124    43.328 r  cc/fp/c0/delay2/delay_loop[0].buf_inst/O
                         net (fo=1, routed)           0.158    43.486    cc/fp/c0/delay2/t[1]
    SLICE_X84Y36         LUT1 (Prop_lut1_I0_O)        0.124    43.610 r  cc/fp/c0/delay2/delay_loop[1].buf_inst/O
                         net (fo=1, routed)           0.433    44.043    cc/fp/c0/delay2/t[2]
    SLICE_X84Y36         LUT1 (Prop_lut1_I0_O)        0.124    44.167 r  cc/fp/c0/delay2/delay_loop[2].buf_inst/O
                         net (fo=1, routed)           0.674    44.842    cc/fp/c0/delay2/t[3]
    SLICE_X84Y36         LUT1 (Prop_lut1_I0_O)        0.124    44.966 r  cc/fp/c0/delay2/buf_inst_end/O
                         net (fo=1, routed)           0.639    45.605    cc/fp/c0/LB_out
    SLICE_X85Y37         LUT1 (Prop_lut1_I0_O)        0.124    45.729 f  cc/fp/c0/Ack_out_INST_0/O
                         net (fo=2, routed)           0.947    46.676    cc/ps/Ack_in
    SLICE_X82Y39         LUT4 (Prop_lut4_I3_O)        0.124    46.800 r  cc/ps/nand3_out_inferred_i_1/O
                         net (fo=2, routed)           0.299    47.099    cc/ps/nand3_out
    SLICE_X82Y39         LUT3 (Prop_lut3_I2_O)        0.124    47.223 f  cc/ps/nand2_out_inferred_i_1/O
                         net (fo=1, routed)           0.161    47.384    cc/ps/nand2_out
    SLICE_X82Y39         LUT2 (Prop_lut2_I1_O)        0.124    47.508 r  cc/ps/nand1_out_inferred_i_1/O
                         net (fo=3, routed)           0.843    48.351    cc/ps/delay2/din
    SLICE_X81Y40         LUT1 (Prop_lut1_I0_O)        0.124    48.475 r  cc/ps/delay2/buf_inst_begin/O
                         net (fo=1, routed)           0.264    48.739    cc/ps/delay2/t[0]
    SLICE_X81Y40         LUT1 (Prop_lut1_I0_O)        0.124    48.863 r  cc/ps/delay2/delay_loop[0].buf_inst/O
                         net (fo=1, routed)           0.149    49.012    cc/ps/delay2/t[1]
    SLICE_X81Y40         LUT1 (Prop_lut1_I0_O)        0.124    49.136 r  cc/ps/delay2/delay_loop[1].buf_inst/O
                         net (fo=1, routed)           0.433    49.569    cc/ps/delay2/t[2]
    SLICE_X81Y40         LUT1 (Prop_lut1_I0_O)        0.124    49.693 r  cc/ps/delay2/delay_loop[2].buf_inst/O
                         net (fo=1, routed)           0.302    49.996    cc/ps/delay2/t[3]
    SLICE_X80Y41         LUT1 (Prop_lut1_I0_O)        0.124    50.120 r  cc/ps/delay2/delay_loop[3].buf_inst/O
                         net (fo=1, routed)           0.873    50.993    cc/ps/delay2/t[4]
    SLICE_X81Y41         LUT1 (Prop_lut1_I0_O)        0.124    51.117 r  cc/ps/delay2/delay_loop[4].buf_inst/O
                         net (fo=1, routed)           0.264    51.381    cc/ps/delay2/t[5]
    SLICE_X81Y41         LUT1 (Prop_lut1_I0_O)        0.124    51.505 r  cc/ps/delay2/delay_loop[5].buf_inst/O
                         net (fo=1, routed)           0.149    51.654    cc/ps/delay2/t[6]
    SLICE_X81Y41         LUT1 (Prop_lut1_I0_O)        0.124    51.778 r  cc/ps/delay2/delay_loop[6].buf_inst/O
                         net (fo=1, routed)           0.433    52.211    cc/ps/delay2/t[7]
    SLICE_X81Y41         LUT1 (Prop_lut1_I0_O)        0.124    52.335 r  cc/ps/delay2/delay_loop[7].buf_inst/O
                         net (fo=1, routed)           0.502    52.837    cc/ps/delay2/t[8]
    SLICE_X80Y41         LUT1 (Prop_lut1_I0_O)        0.124    52.961 r  cc/ps/delay2/buf_inst_end/O
                         net (fo=1, routed)           0.159    53.120    cc/ps/LB_out
    SLICE_X80Y41         LUT1 (Prop_lut1_I0_O)        0.124    53.244 f  cc/ps/Ack_out_INST_0/O
                         net (fo=1, routed)           0.444    53.688    cc/mmram/Ack_in
    SLICE_X80Y41         LUT2 (Prop_lut2_I0_O)        0.124    53.812 f  cc/mmram/and_out_inferred_i_1/O
                         net (fo=2, routed)           0.938    54.750    cc/mmram/c0/Ack_in
    SLICE_X79Y43         LUT4 (Prop_lut4_I3_O)        0.124    54.874 r  cc/mmram/c0/nand3_out_inferred_i_1/O
                         net (fo=2, routed)           0.517    55.390    cc/mmram/c0/nand3_out
    SLICE_X78Y43         LUT3 (Prop_lut3_I2_O)        0.124    55.514 f  cc/mmram/c0/nand2_out_inferred_i_1/O
                         net (fo=1, routed)           0.279    55.793    cc/mmram/c0/nand2_out
    SLICE_X78Y43         LUT2 (Prop_lut2_I1_O)        0.124    55.917 r  cc/mmram/c0/nand1_out_inferred_i_1/O
                         net (fo=3, routed)           1.119    57.036    cc/mmram/c0/delay2/din
    SLICE_X81Y46         LUT1 (Prop_lut1_I0_O)        0.124    57.160 r  cc/mmram/c0/delay2/buf_inst_begin/O
                         net (fo=1, routed)           0.667    57.827    cc/mmram/c0/delay2/t[0]
    SLICE_X81Y46         LUT1 (Prop_lut1_I0_O)        0.152    57.979 r  cc/mmram/c0/delay2/delay_loop[0].buf_inst/O
                         net (fo=1, routed)           0.267    58.245    cc/mmram/c0/delay2/t[1]
    SLICE_X81Y46         LUT1 (Prop_lut1_I0_O)        0.328    58.573 r  cc/mmram/c0/delay2/delay_loop[1].buf_inst/O
                         net (fo=1, routed)           0.674    59.248    cc/mmram/c0/delay2/t[2]
    SLICE_X81Y46         LUT1 (Prop_lut1_I0_O)        0.352    59.600 r  cc/mmram/c0/delay2/delay_loop[2].buf_inst/O
                         net (fo=1, routed)           0.436    60.036    cc/mmram/c0/delay2/t[3]
    SLICE_X81Y46         LUT1 (Prop_lut1_I0_O)        0.358    60.394 r  cc/mmram/c0/delay2/buf_inst_end/O
                         net (fo=1, routed)           0.433    60.827    cc/mmram/c0/LB_out
    SLICE_X81Y46         LUT1 (Prop_lut1_I0_O)        0.326    61.153 f  cc/mmram/c0/Ack_out_INST_0/O
                         net (fo=2, routed)           0.812    61.965    cc/mmcam/Ack_in
    SLICE_X83Y46         LUT4 (Prop_lut4_I3_O)        0.124    62.089 r  cc/mmcam/nand3_out_inferred_i_1/O
                         net (fo=2, routed)           0.264    62.353    cc/mmcam/nand3_out
    SLICE_X83Y46         LUT3 (Prop_lut3_I2_O)        0.124    62.477 f  cc/mmcam/nand2_out_inferred_i_1/O
                         net (fo=1, routed)           0.154    62.631    cc/mmcam/nand2_out
    SLICE_X83Y46         LUT2 (Prop_lut2_I1_O)        0.124    62.755 r  cc/mmcam/nand1_out_inferred_i_1/O
                         net (fo=3, routed)           1.015    63.771    cc/mmcam/delay2/din
    SLICE_X80Y46         LUT1 (Prop_lut1_I0_O)        0.124    63.895 r  cc/mmcam/delay2/buf_inst_begin/O
                         net (fo=1, routed)           0.279    64.174    cc/mmcam/delay2/t[0]
    SLICE_X80Y46         LUT1 (Prop_lut1_I0_O)        0.124    64.298 r  cc/mmcam/delay2/delay_loop[0].buf_inst/O
                         net (fo=1, routed)           0.853    65.150    cc/mmcam/delay2/t[1]
    SLICE_X80Y46         LUT1 (Prop_lut1_I0_O)        0.124    65.274 r  cc/mmcam/delay2/delay_loop[1].buf_inst/O
                         net (fo=1, routed)           0.433    65.708    cc/mmcam/delay2/t[2]
    SLICE_X80Y46         LUT1 (Prop_lut1_I0_O)        0.124    65.832 r  cc/mmcam/delay2/delay_loop[2].buf_inst/O
                         net (fo=1, routed)           0.674    66.506    cc/mmcam/delay2/t[3]
    SLICE_X80Y46         LUT1 (Prop_lut1_I0_O)        0.152    66.658 r  cc/mmcam/delay2/delay_loop[3].buf_inst/O
                         net (fo=1, routed)           0.851    67.509    cc/mmcam/delay2/t[4]
    SLICE_X80Y46         LUT1 (Prop_lut1_I0_O)        0.354    67.863 r  cc/mmcam/delay2/delay_loop[4].buf_inst/O
                         net (fo=1, routed)           0.288    68.151    cc/mmcam/delay2/t[5]
    SLICE_X80Y46         LUT1 (Prop_lut1_I0_O)        0.328    68.479 r  cc/mmcam/delay2/delay_loop[5].buf_inst/O
                         net (fo=1, routed)           0.674    69.153    cc/mmcam/delay2/t[6]
    SLICE_X80Y46         LUT1 (Prop_lut1_I0_O)        0.352    69.505 r  cc/mmcam/delay2/delay_loop[6].buf_inst/O
                         net (fo=1, routed)           0.737    70.242    cc/mmcam/delay2/t[7]
    SLICE_X76Y46         LUT1 (Prop_lut1_I0_O)        0.361    70.603 r  cc/mmcam/delay2/delay_loop[7].buf_inst/O
                         net (fo=1, routed)           0.283    70.886    cc/mmcam/delay2/t[8]
    SLICE_X76Y46         LUT1 (Prop_lut1_I0_O)        0.322    71.208 r  cc/mmcam/delay2/buf_inst_end/O
                         net (fo=1, routed)           0.283    71.491    cc/mmcam/LB_out
    SLICE_X76Y46         LUT1 (Prop_lut1_I0_O)        0.332    71.823 f  cc/mmcam/Ack_out_INST_0/O
                         net (fo=4, routed)           0.828    72.651    cc/m/CJ2/Ack_in
    SLICE_X77Y47         LUT6 (Prop_lut6_I4_O)        0.124    72.775 r  cc/m/CJ2/nand3_out_inferred_i_1/O
                         net (fo=2, routed)           0.517    73.291    cc/m/CJ2/nand3_out
    SLICE_X76Y47         LUT3 (Prop_lut3_I2_O)        0.124    73.415 f  cc/m/CJ2/nand2_out_inferred_i_1/O
                         net (fo=1, routed)           0.669    74.084    cc/m/CJ2/nand2_out
    SLICE_X76Y47         LUT2 (Prop_lut2_I1_O)        0.124    74.208 r  cc/m/CJ2/nand1_out_inferred_i_1/O
                         net (fo=3, routed)           0.328    74.536    cc/m/CJ2/delay2/din
    SLICE_X74Y47         LUT1 (Prop_lut1_I0_O)        0.124    74.660 r  cc/m/CJ2/delay2/buf_inst_begin/O
                         net (fo=1, routed)           0.433    75.094    cc/m/CJ2/delay2/t[0]
    SLICE_X74Y47         LUT1 (Prop_lut1_I0_O)        0.124    75.218 r  cc/m/CJ2/delay2/delay_loop[0].buf_inst/O
                         net (fo=1, routed)           0.647    75.864    cc/m/CJ2/delay2/t[1]
    SLICE_X76Y48         LUT1 (Prop_lut1_I0_O)        0.124    75.988 r  cc/m/CJ2/delay2/delay_loop[1].buf_inst/O
                         net (fo=1, routed)           0.853    76.841    cc/m/CJ2/delay2/t[2]
    SLICE_X76Y48         LUT1 (Prop_lut1_I0_O)        0.124    76.965 r  cc/m/CJ2/delay2/delay_loop[2].buf_inst/O
                         net (fo=1, routed)           0.433    77.398    cc/m/CJ2/delay2/t[3]
    SLICE_X76Y48         LUT1 (Prop_lut1_I0_O)        0.124    77.522 r  cc/m/CJ2/delay2/delay_loop[3].buf_inst/O
                         net (fo=1, routed)           0.674    78.196    cc/m/CJ2/delay2/t[4]
    SLICE_X76Y48         LUT1 (Prop_lut1_I0_O)        0.152    78.348 r  cc/m/CJ2/delay2/delay_loop[4].buf_inst/O
                         net (fo=1, routed)           0.851    79.200    cc/m/CJ2/delay2/t[5]
    SLICE_X76Y48         LUT1 (Prop_lut1_I0_O)        0.354    79.554 r  cc/m/CJ2/delay2/delay_loop[5].buf_inst/O
                         net (fo=1, routed)           0.288    79.841    cc/m/CJ2/delay2/t[6]
    SLICE_X76Y48         LUT1 (Prop_lut1_I0_O)        0.328    80.169 r  cc/m/CJ2/delay2/delay_loop[6].buf_inst/O
                         net (fo=1, routed)           0.674    80.843    cc/m/CJ2/delay2/t[7]
    SLICE_X76Y48         LUT1 (Prop_lut1_I0_O)        0.352    81.195 r  cc/m/CJ2/delay2/delay_loop[7].buf_inst/O
                         net (fo=1, routed)           0.568    81.764    cc/m/CJ2/delay2/t[8]
    SLICE_X79Y48         LUT1 (Prop_lut1_I0_O)        0.332    82.096 r  cc/m/CJ2/delay2/buf_inst_end/O
                         net (fo=1, routed)           0.574    82.670    cc/m/CJ2/LB_out
    SLICE_X78Y47         LUT1 (Prop_lut1_I0_O)        0.124    82.794 f  cc/m/CJ2/Ack_out_INST_0/O
                         net (fo=2, routed)           0.679    83.473    cc/m/Ack_out_b
    SLICE_X78Y47         LUT3 (Prop_lut3_I1_O)        0.124    83.597 r  cc/m/nand4_out_inferred_i_1/O
                         net (fo=1, routed)           0.444    84.041    cc/m/nand4_out
    SLICE_X78Y47         LUT3 (Prop_lut3_I0_O)        0.124    84.165 f  cc/m/nand3_out_inferred_i_1/O
                         net (fo=2, routed)           0.679    84.844    cc/m/nand3_out
    SLICE_X78Y47         LUT2 (Prop_lut2_I0_O)        0.124    84.968 r  cc/m/nand6_out_inferred_i_1/O
                         net (fo=2, routed)           0.814    85.782    cc/m/nand6_out
    SLICE_X78Y46         LUT3 (Prop_lut3_I2_O)        0.124    85.906 f  cc/m/nand5_out_inferred_i_1/O
                         net (fo=2, routed)           0.802    86.708    cc/m/nand5_out
    SLICE_X77Y46         LUT2 (Prop_lut2_I0_O)        0.124    86.832 r  cc/m/nand7_out_inferred_i_1/O
                         net (fo=2, routed)           0.306    87.138    cc/m/nand7_out
    SLICE_X78Y46         LUT3 (Prop_lut3_I2_O)        0.124    87.262 f  cc/m/nand8_out_inferred_i_1/O
                         net (fo=2, routed)           0.991    88.253    cc/m/CJ1/g
    SLICE_X76Y46         LUT6 (Prop_lut6_I3_O)        0.124    88.377 r  cc/m/CJ1/nand3_out_inferred_i_1/O
                         net (fo=2, routed)           0.680    89.057    cc/m/CJ1/nand3_out
    SLICE_X76Y46         LUT2 (Prop_lut2_I0_O)        0.124    89.181 f  cc/m/CJ1/nand4_out_inferred_i_1/O
                         net (fo=1, routed)           0.848    90.029    cc/m/CJ1/nand4_out
    SLICE_X76Y46         LUT3 (Prop_lut3_I0_O)        0.124    90.153 r  cc/m/CJ1/nand5_out_inferred_i_1/O
                         net (fo=3, routed)           0.809    90.962    cc/m/CJ1/nand5_out
    SLICE_X76Y49         LUT1 (Prop_lut1_I0_O)        0.124    91.086 f  cc/m/CJ1/cp_INST_0/O
                         net (fo=55, routed)          0.647    91.733    cc/m/cp1
    SLICE_X78Y48         LUT1 (Prop_lut1_I0_O)        0.124    91.857 r  cc/m/z1_inferred_i_1/O
                         net (fo=3, routed)           0.171    92.028    cc/m/z1
    SLICE_X78Y48         LUT2 (Prop_lut2_I0_O)        0.124    92.152 r  cc/m/nor2_out_inferred_i_1/O
                         net (fo=55, routed)          4.305    96.456    m/SEL
    SLICE_X111Y78        LUT3 (Prop_lut3_I2_O)        0.124    96.580 r  m/PACKET_OUT[38]_INST_0/O
                         net (fo=129, routed)         7.515   104.095    mmcam/entry_fd_loop[14].ef/color_gen_dest_LR[3]
    SLICE_X102Y54        LUT6 (Prop_lut6_I3_O)        0.124   104.219 r  mmcam/entry_fd_loop[14].ef/FIRE_INST_0_i_8/O
                         net (fo=1, routed)           0.000   104.219    mmcam/entry_fd_loop[14].ef/FIRE_INST_0_i_8_n_0
    SLICE_X102Y54        CARRY4 (Prop_carry4_S[0]_CO[3])
                                                      0.513   104.732 r  mmcam/entry_fd_loop[14].ef/FIRE_INST_0_i_2/CO[3]
                         net (fo=1, routed)           0.000   104.732    mmcam/entry_fd_loop[14].ef/FIRE_INST_0_i_2_n_0
    SLICE_X102Y55        CARRY4 (Prop_carry4_CI_CO[1])
                                                      0.157   104.889 f  mmcam/entry_fd_loop[14].ef/FIRE_INST_0_i_1/CO[1]
                         net (fo=2, routed)           1.008   105.897    mmcam/entry_fd_loop[14].ef/FIRE1
    SLICE_X101Y62        LUT4 (Prop_lut4_I1_O)        0.332   106.229 f  mmcam/entry_fd_loop[14].ef/FIRE_INST_0/O
                         net (fo=4, routed)           0.578   106.806    mmcam/am_or_ma/FIRE[14]
    SLICE_X99Y61         LUT6 (Prop_lut6_I1_O)        0.124   106.930 f  mmcam/am_or_ma/R_ADDR_inferred_i_30/O
                         net (fo=7, routed)           1.247   108.178    mmcam/am_or_ma/R_ADDR_inferred_i_30_n_0
    SLICE_X105Y62        LUT4 (Prop_lut4_I3_O)        0.124   108.302 f  mmcam/am_or_ma/R_ADDR_inferred_i_41/O
                         net (fo=3, routed)           1.197   109.499    mmcam/am_or_ma/R_ADDR_inferred_i_41_n_0
    SLICE_X108Y62        LUT6 (Prop_lut6_I0_O)        0.124   109.623 f  mmcam/am_or_ma/FIRE_OR_inferred_i_7/O
                         net (fo=3, routed)           0.554   110.176    mmcam/am_or_ma/FIRE_OR_inferred_i_7_n_0
    SLICE_X104Y62        LUT6 (Prop_lut6_I1_O)        0.124   110.300 f  mmcam/am_or_ma/FIRE_OR_inferred_i_5/O
                         net (fo=2, routed)           0.542   110.843    mmcam/am_or_ma/FIRE_OR_inferred_i_5_n_0
    SLICE_X106Y63        LUT4 (Prop_lut4_I3_O)        0.124   110.967 f  mmcam/am_or_ma/FIRE_OR_inferred_i_1/O
                         net (fo=31, routed)          1.953   112.920    mmcam/am_or_ma/FIRE_OR
    SLICE_X93Y63         LUT3 (Prop_lut3_I0_O)        0.124   113.044 r  mmcam/am_or_ma/EN[61]_INST_0_i_2/O
                         net (fo=30, routed)          1.875   114.918    mmcam/am_or_ma/EN[61]_INST_0_i_2_n_0
    SLICE_X102Y68        LUT6 (Prop_lut6_I0_O)        0.124   115.042 f  mmcam/am_or_ma/EN[52]_INST_0_i_1/O
                         net (fo=1, routed)           1.140   116.182    mmcam/am_or_ma/EN[52]_INST_0_i_1_n_0
    SLICE_X100Y65        LUT6 (Prop_lut6_I1_O)        0.124   116.306 r  mmcam/am_or_ma/EN[52]_INST_0/O
                         net (fo=20, routed)          1.218   117.524    mmcam/entry_fd_loop[52].ef/EN
    SLICE_X108Y71        FDRE                                         r  mmcam/entry_fd_loop[52].ef/ENTRY_reg[15]/CE
  -------------------------------------------------------------------    -------------------





Min Delay Paths
--------------------------------------------------------------------------------------
Slack:                    inf
  Source:                 ps/DL_reg[30]/C
                            (rising edge-triggered cell FDCE)
  Destination:            fp/DL_reg[30]/D
  Path Group:             (none)
  Path Type:              Min at Fast Process Corner
  Data Path Delay:        0.228ns  (logic 0.141ns (61.814%)  route 0.087ns (38.186%))
  Logic Levels:           1  (FDCE=1)

    Location             Delay type                Incr(ns)  Path(ns)    Netlist Resource(s)
  -------------------------------------------------------------------    -------------------
    SLICE_X103Y51        FDCE                         0.000     0.000 r  ps/DL_reg[30]/C
    SLICE_X103Y51        FDCE (Prop_fdce_C_Q)         0.141     0.141 r  ps/DL_reg[30]/Q
                         net (fo=1, routed)           0.087     0.228    fp/PACKET_IN[30]
    SLICE_X102Y51        FDCE                                         r  fp/DL_reg[30]/D
  -------------------------------------------------------------------    -------------------

Slack:                    inf
  Source:                 m/DL_EXTERNAL_reg[1]/C
                            (rising edge-triggered cell FDPE)
  Destination:            mmcam/DL_reg[1]/D
  Path Group:             (none)
  Path Type:              Min at Fast Process Corner
  Data Path Delay:        0.240ns  (logic 0.186ns (77.466%)  route 0.054ns (22.534%))
  Logic Levels:           2  (FDPE=1 LUT3=1)

    Location             Delay type                Incr(ns)  Path(ns)    Netlist Resource(s)
  -------------------------------------------------------------------    -------------------
    SLICE_X113Y51        FDPE                         0.000     0.000 r  m/DL_EXTERNAL_reg[1]/C
    SLICE_X113Y51        FDPE (Prop_fdpe_C_Q)         0.141     0.141 r  m/DL_EXTERNAL_reg[1]/Q
                         net (fo=1, routed)           0.054     0.195    m/DL_EXTERNAL[1]
    SLICE_X112Y51        LUT3 (Prop_lut3_I1_O)        0.045     0.240 r  m/PACKET_OUT[1]_INST_0/O
                         net (fo=1, routed)           0.000     0.240    mmcam/PACKET_IN[1]
    SLICE_X112Y51        FDPE                                         r  mmcam/DL_reg[1]/D
  -------------------------------------------------------------------    -------------------

Slack:                    inf
  Source:                 ps/DL_reg[61]/C
                            (rising edge-triggered cell FDCE)
  Destination:            fp/DL_reg[61]/D
  Path Group:             (none)
  Path Type:              Min at Fast Process Corner
  Data Path Delay:        0.240ns  (logic 0.141ns (58.691%)  route 0.099ns (41.309%))
  Logic Levels:           1  (FDCE=1)

    Location             Delay type                Incr(ns)  Path(ns)    Netlist Resource(s)
  -------------------------------------------------------------------    -------------------
    SLICE_X107Y53        FDCE                         0.000     0.000 r  ps/DL_reg[61]/C
    SLICE_X107Y53        FDCE (Prop_fdce_C_Q)         0.141     0.141 r  ps/DL_reg[61]/Q
                         net (fo=1, routed)           0.099     0.240    fp/PACKET_IN[61]
    SLICE_X108Y52        FDCE                                         r  fp/DL_reg[61]/D
  -------------------------------------------------------------------    -------------------

Slack:                    inf
  Source:                 mmcam/DL_reg[43]/C
                            (rising edge-triggered cell FDCE)
  Destination:            mmram/DL_reg[43]/D
  Path Group:             (none)
  Path Type:              Min at Fast Process Corner
  Data Path Delay:        0.242ns  (logic 0.128ns (52.976%)  route 0.114ns (47.024%))
  Logic Levels:           1  (FDCE=1)

    Location             Delay type                Incr(ns)  Path(ns)    Netlist Resource(s)
  -------------------------------------------------------------------    -------------------
    SLICE_X111Y54        FDCE                         0.000     0.000 r  mmcam/DL_reg[43]/C
    SLICE_X111Y54        FDCE (Prop_fdce_C_Q)         0.128     0.128 r  mmcam/DL_reg[43]/Q
                         net (fo=1, routed)           0.114     0.242    mmram/PACKET_IN[43]
    SLICE_X111Y53        FDCE                                         r  mmram/DL_reg[43]/D
  -------------------------------------------------------------------    -------------------

Slack:                    inf
  Source:                 ps/DL_reg[54]/C
                            (rising edge-triggered cell FDCE)
  Destination:            fp/DL_reg[54]/D
  Path Group:             (none)
  Path Type:              Min at Fast Process Corner
  Data Path Delay:        0.242ns  (logic 0.141ns (58.263%)  route 0.101ns (41.737%))
  Logic Levels:           1  (FDCE=1)

    Location             Delay type                Incr(ns)  Path(ns)    Netlist Resource(s)
  -------------------------------------------------------------------    -------------------
    SLICE_X109Y50        FDCE                         0.000     0.000 r  ps/DL_reg[54]/C
    SLICE_X109Y50        FDCE (Prop_fdce_C_Q)         0.141     0.141 r  ps/DL_reg[54]/Q
                         net (fo=1, routed)           0.101     0.242    fp/PACKET_IN[54]
    SLICE_X107Y50        FDCE                                         r  fp/DL_reg[54]/D
  -------------------------------------------------------------------    -------------------

Slack:                    inf
  Source:                 mmcam/DL_reg[48]/C
                            (rising edge-triggered cell FDCE)
  Destination:            mmram/DL_reg[48]/D
  Path Group:             (none)
  Path Type:              Min at Fast Process Corner
  Data Path Delay:        0.242ns  (logic 0.141ns (58.263%)  route 0.101ns (41.737%))
  Logic Levels:           1  (FDCE=1)

    Location             Delay type                Incr(ns)  Path(ns)    Netlist Resource(s)
  -------------------------------------------------------------------    -------------------
    SLICE_X109Y59        FDCE                         0.000     0.000 r  mmcam/DL_reg[48]/C
    SLICE_X109Y59        FDCE (Prop_fdce_C_Q)         0.141     0.141 r  mmcam/DL_reg[48]/Q
                         net (fo=1, routed)           0.101     0.242    mmram/PACKET_IN[48]
    SLICE_X107Y59        FDCE                                         r  mmram/DL_reg[48]/D
  -------------------------------------------------------------------    -------------------

Slack:                    inf
  Source:                 m/DL_EXTERNAL_reg[2]/C
                            (rising edge-triggered cell FDPE)
  Destination:            mmcam/DL_reg[2]/D
  Path Group:             (none)
  Path Type:              Min at Fast Process Corner
  Data Path Delay:        0.242ns  (logic 0.186ns (76.827%)  route 0.056ns (23.173%))
  Logic Levels:           2  (FDPE=1 LUT3=1)

    Location             Delay type                Incr(ns)  Path(ns)    Netlist Resource(s)
  -------------------------------------------------------------------    -------------------
    SLICE_X113Y51        FDPE                         0.000     0.000 r  m/DL_EXTERNAL_reg[2]/C
    SLICE_X113Y51        FDPE (Prop_fdpe_C_Q)         0.141     0.141 r  m/DL_EXTERNAL_reg[2]/Q
                         net (fo=1, routed)           0.056     0.197    m/DL_EXTERNAL[2]
    SLICE_X112Y51        LUT3 (Prop_lut3_I1_O)        0.045     0.242 r  m/PACKET_OUT[2]_INST_0/O
                         net (fo=1, routed)           0.000     0.242    mmcam/PACKET_IN[2]
    SLICE_X112Y51        FDPE                                         r  mmcam/DL_reg[2]/D
  -------------------------------------------------------------------    -------------------

Slack:                    inf
  Source:                 copy/DL_reg[23]/C
                            (rising edge-triggered cell FDCE)
  Destination:            b/DL_reg[23]/D
  Path Group:             (none)
  Path Type:              Min at Fast Process Corner
  Data Path Delay:        0.244ns  (logic 0.141ns (57.830%)  route 0.103ns (42.170%))
  Logic Levels:           1  (FDCE=1)

    Location             Delay type                Incr(ns)  Path(ns)    Netlist Resource(s)
  -------------------------------------------------------------------    -------------------
    SLICE_X110Y56        FDCE                         0.000     0.000 r  copy/DL_reg[23]/C
    SLICE_X110Y56        FDCE (Prop_fdce_C_Q)         0.141     0.141 r  copy/DL_reg[23]/Q
                         net (fo=1, routed)           0.103     0.244    b/PACKET_IN[23]
    SLICE_X113Y57        FDCE                                         r  b/DL_reg[23]/D
  -------------------------------------------------------------------    -------------------

Slack:                    inf
  Source:                 ps/DL_reg[39]/C
                            (rising edge-triggered cell FDCE)
  Destination:            fp/DL_reg[39]/D
  Path Group:             (none)
  Path Type:              Min at Fast Process Corner
  Data Path Delay:        0.251ns  (logic 0.141ns (56.174%)  route 0.110ns (43.826%))
  Logic Levels:           1  (FDCE=1)

    Location             Delay type                Incr(ns)  Path(ns)    Netlist Resource(s)
  -------------------------------------------------------------------    -------------------
    SLICE_X105Y52        FDCE                         0.000     0.000 r  ps/DL_reg[39]/C
    SLICE_X105Y52        FDCE (Prop_fdce_C_Q)         0.141     0.141 r  ps/DL_reg[39]/Q
                         net (fo=1, routed)           0.110     0.251    fp/PACKET_IN[39]
    SLICE_X105Y51        FDCE                                         r  fp/DL_reg[39]/D
  -------------------------------------------------------------------    -------------------

Slack:                    inf
  Source:                 ps/DL_reg[46]/C
                            (rising edge-triggered cell FDCE)
  Destination:            fp/DL_reg[46]/D
  Path Group:             (none)
  Path Type:              Min at Fast Process Corner
  Data Path Delay:        0.251ns  (logic 0.141ns (56.174%)  route 0.110ns (43.826%))
  Logic Levels:           1  (FDCE=1)

    Location             Delay type                Incr(ns)  Path(ns)    Netlist Resource(s)
  -------------------------------------------------------------------    -------------------
    SLICE_X105Y49        FDCE                         0.000     0.000 r  ps/DL_reg[46]/C
    SLICE_X105Y49        FDCE (Prop_fdce_C_Q)         0.141     0.141 r  ps/DL_reg[46]/Q
                         net (fo=1, routed)           0.110     0.251    fp/PACKET_IN[46]
    SLICE_X104Y49        FDCE                                         r  fp/DL_reg[46]/D
  -------------------------------------------------------------------    -------------------





