Copyright 1986-2022 Xilinx, Inc. All Rights Reserved. Copyright 2022-2025 Advanced Micro Devices, Inc. All Rights Reserved.
---------------------------------------------------------------------------------------------------------------------------------------------------------------------------------------------------------------------
| Tool Version : Vivado v.2025.2 (win64) Build 6299465 Fri Nov 14 19:35:11 GMT 2025
| Date         : Fri Aug 28 19:10:33 2026
| Host         : DESKTOP-F8PDQQS running 64-bit major release  (build 9200)
| Command      : report_timing_summary -max_paths 10 -routable_nets -report_unconstrained -file DDP_timing_summary_routed.rpt -pb DDP_timing_summary_routed.pb -rpx DDP_timing_summary_routed.rpx -warn_on_violation
| Design       : DDP
| Device       : 7z010-clg400
| Speed File   : -1  PRODUCTION 1.12 2019-11-22
| Design State : Routed
---------------------------------------------------------------------------------------------------------------------------------------------------------------------------------------------------------------------

Timing Summary Report

------------------------------------------------------------------------------------------------
| Timer Settings
| --------------
------------------------------------------------------------------------------------------------

  Enable Multi Corner Analysis               :  Yes
  Enable Pessimism Removal                   :  Yes
  Pessimism Removal Resolution               :  Nearest Common Node
  Enable Input Delay Default Clock           :  No
  Enable Preset / Clear Arcs                 :  No
  Disable Flight Delays                      :  No
  Ignore I/O Paths                           :  No
  Timing Early Launch at Borrowing Latches   :  No
  Borrow Time for Max Delay Exceptions       :  Yes
  Merge Timing Exceptions                    :  Yes
  Inter-SLR Compensation                     :  Conservative

  Corner  Analyze    Analyze    
  Name    Max Paths  Min Paths  
  ------  ---------  ---------  
  Slow    Yes        Yes        
  Fast    Yes        Yes        


------------------------------------------------------------------------------------------------
| Report Methodology
| ------------------
------------------------------------------------------------------------------------------------

Rule       Severity          Description                                      Violations  
---------  ----------------  -----------------------------------------------  ----------  
TIMING-17  Critical Warning  Non-clocked sequential cell                      1000        
CKLD-1     Warning           Clock Net has non-BUF driver and too many loads  1           
TIMING-20  Warning           Non-clocked latch                                2           
TIMING-23  Warning           Combinational loop found                         3           
LATCH-1    Advisory          Existing latches in the design                   1           

Note: This report is based on the most recent report_methodology run and may not be up-to-date. Run report_methodology on the current design for the latest report.



check_timing report

Table of Contents
-----------------
1. checking no_clock (5457)
2. checking constant_clock (0)
3. checking pulse_width_clock (0)
4. checking unconstrained_internal_endpoints (4757)
5. checking no_input_delay (41)
6. checking no_output_delay (39)
7. checking multiple_clock (0)
8. checking generated_clocks (0)
9. checking loops (70)
10. checking partial_input_delay (0)
11. checking partial_output_delay (0)
12. checking latch_loops (0)

1. checking no_clock (5457)
---------------------------
 There are 1731 register/latch pins with no clock driven by root clock pin: Ack_in (HIGH)

 There are 1731 register/latch pins with no clock driven by root clock pin: MR (HIGH)

 There are 38 register/latch pins with no clock driven by root clock pin: Send_in (HIGH)

 There are 1652 register/latch pins with no clock driven by root clock pin: B_Stage/cb7/DL1_reg/Q (HIGH)

 There are 2 register/latch pins with no clock driven by root clock pin: COPY_Stage/cx2_6/DL1_out_reg/Q (HIGH)

 There are 6 register/latch pins with no clock driven by root clock pin: COPY_Stage/cx2_6/DL2_out_reg/Q (HIGH)

 There are 90 register/latch pins with no clock driven by root clock pin: FP_Stage/ce4/DL_reg/Q (HIGH)

 There are 207 register/latch pins with no clock driven by root clock pin: MMRAM/ce2/DL_reg/Q (HIGH)


2. checking constant_clock (0)
------------------------------
 There are 0 register/latch pins with constant_clock.


3. checking pulse_width_clock (0)
---------------------------------
 There are 0 register/latch pins which need pulse_width check


4. checking unconstrained_internal_endpoints (4757)
---------------------------------------------------
 There are 4757 pins that are not constrained for maximum delay. (HIGH)

 There are 0 pins that are not constrained for maximum delay due to constant clock.


5. checking no_input_delay (41)
-------------------------------
 There are 41 input ports with no input delay specified. (HIGH)

 There are 0 input ports with no input delay but user has a false path constraint.


6. checking no_output_delay (39)
--------------------------------
 There are 39 ports with no output delay specified. (HIGH)

 There are 0 ports with no output delay but user has a false path constraint

 There are 0 ports with no output delay but with a timing clock defined on it or propagating through it


7. checking multiple_clock (0)
------------------------------
 There are 0 register/latch pins with multiple clocks.


8. checking generated_clocks (0)
--------------------------------
 There are 0 generated clocks that are not connected to a clock source.


9. checking loops (70)
----------------------
 There are 70 combinational loops in the design. (HIGH)


10. checking partial_input_delay (0)
------------------------------------
 There are 0 input ports with partial input delay specified.


11. checking partial_output_delay (0)
-------------------------------------
 There are 0 ports with partial output delay specified.


12. checking latch_loops (0)
----------------------------
 There are 0 combinational latch loops in the design through latch input



------------------------------------------------------------------------------------------------
| Design Timing Summary
| ---------------------
------------------------------------------------------------------------------------------------

    WNS(ns)      TNS(ns)  TNS Failing Endpoints  TNS Total Endpoints      WHS(ns)      THS(ns)  THS Failing Endpoints  THS Total Endpoints     WPWS(ns)     TPWS(ns)  TPWS Failing Endpoints  TPWS Total Endpoints  
    -------      -------  ---------------------  -------------------      -------      -------  ---------------------  -------------------     --------     --------  ----------------------  --------------------  
        inf        0.000                      0                 4797          inf        0.000                      0                 4797           NA           NA                      NA                    NA  


There are no user specified timing constraints.


------------------------------------------------------------------------------------------------
| Clock Summary
| -------------
------------------------------------------------------------------------------------------------


------------------------------------------------------------------------------------------------
| Intra Clock Table
| -----------------
------------------------------------------------------------------------------------------------

Clock             WNS(ns)      TNS(ns)  TNS Failing Endpoints  TNS Total Endpoints      WHS(ns)      THS(ns)  THS Failing Endpoints  THS Total Endpoints     WPWS(ns)     TPWS(ns)  TPWS Failing Endpoints  TPWS Total Endpoints  
-----             -------      -------  ---------------------  -------------------      -------      -------  ---------------------  -------------------     --------     --------  ----------------------  --------------------  


------------------------------------------------------------------------------------------------
| Inter Clock Table
| -----------------
------------------------------------------------------------------------------------------------

From Clock    To Clock          WNS(ns)      TNS(ns)  TNS Failing Endpoints  TNS Total Endpoints      WHS(ns)      THS(ns)  THS Failing Endpoints  THS Total Endpoints  
----------    --------          -------      -------  ---------------------  -------------------      -------      -------  ---------------------  -------------------  


------------------------------------------------------------------------------------------------
| Other Path Groups Table
| -----------------------
------------------------------------------------------------------------------------------------

Path Group    From Clock    To Clock          WNS(ns)      TNS(ns)  TNS Failing Endpoints  TNS Total Endpoints      WHS(ns)      THS(ns)  THS Failing Endpoints  THS Total Endpoints  
----------    ----------    --------          -------      -------  ---------------------  -------------------      -------      -------  ---------------------  -------------------  


------------------------------------------------------------------------------------------------
| User Ignored Path Table
| -----------------------
------------------------------------------------------------------------------------------------

Path Group    From Clock    To Clock    
----------    ----------    --------    


------------------------------------------------------------------------------------------------
| Unconstrained Path Table
| ------------------------
------------------------------------------------------------------------------------------------

Path Group    From Clock    To Clock    
----------    ----------    --------    
(none)                                    


------------------------------------------------------------------------------------------------
| Timing Details
| --------------
------------------------------------------------------------------------------------------------


--------------------------------------------------------------------------------------
Path Group:  (none)
From Clock:  
  To Clock:  

Max Delay          4797 Endpoints
Min Delay          4797 Endpoints
--------------------------------------------------------------------------------------


Max Delay Paths
--------------------------------------------------------------------------------------
Slack:                    inf
  Source:                 MR
                            (input port)
  Destination:            COPY_Stage/cx2_6/dl1s/w_q_reg/F2/PRE
  Path Group:             (none)
  Path Type:              Max at Slow Process Corner
  Data Path Delay:        113.656ns  (logic 24.899ns (21.908%)  route 88.757ns (78.092%))
  Logic Levels:           146  (IBUF=1 LUT1=99 LUT2=20 LUT3=16 LUT4=9 LUT6=1)

    Location             Delay type                Incr(ns)  Path(ns)    Netlist Resource(s)
  -------------------------------------------------------------------    -------------------
    T15                                               0.000     0.000 r  MR (IN)
                         net (fo=0)                   0.000     0.000    MR
    T15                  IBUF (Prop_ibuf_I_O)         0.996     0.996 r  MR_IBUF_inst/O
                         net (fo=1735, routed)        1.900     2.896    C10/MR
    SLICE_X41Y47         LUT1 (Prop_lut1_I0_O)        0.124     3.020 f  C10/not_out_inferred_i_1/O
                         net (fo=2, routed)           0.591     3.612    C10/not_out
    SLICE_X42Y47         LUT3 (Prop_lut3_I1_O)        0.124     3.736 r  C10/nand5_out_inferred_i_1/O
                         net (fo=3, routed)           0.597     4.332    C10/delay3/din
    SLICE_X40Y47         LUT1 (Prop_lut1_I0_O)        0.150     4.482 r  C10/delay3/buf_inst_00/O
                         net (fo=1, routed)           0.851     5.334    C10/delay3/t00
    SLICE_X40Y47         LUT1 (Prop_lut1_I0_O)        0.354     5.688 r  C10/delay3/buf_inst_01/O
                         net (fo=1, routed)           0.963     6.650    C10/delay3/t01
    SLICE_X43Y45         LUT1 (Prop_lut1_I0_O)        0.332     6.982 r  C10/delay3/buf_inst_02/O
                         net (fo=1, routed)           0.264     7.247    C10/delay3/t02
    SLICE_X43Y45         LUT1 (Prop_lut1_I0_O)        0.124     7.371 r  C10/delay3/buf_inst_03/O
                         net (fo=1, routed)           0.149     7.520    C10/delay3/t03
    SLICE_X43Y45         LUT1 (Prop_lut1_I0_O)        0.124     7.644 r  C10/delay3/buf_inst_04/O
                         net (fo=2, routed)           0.320     7.964    C10/LC_out
    SLICE_X42Y47         LUT4 (Prop_lut4_I3_O)        0.124     8.088 f  C10/nand3_out_inferred_i_1/O
                         net (fo=2, routed)           0.298     8.385    C10/nand3_out
    SLICE_X42Y47         LUT3 (Prop_lut3_I2_O)        0.124     8.509 r  C10/nand2_out_inferred_i_1/O
                         net (fo=1, routed)           0.656     9.165    C10/nand2_out
    SLICE_X43Y47         LUT2 (Prop_lut2_I1_O)        0.124     9.289 f  C10/nand1_out_inferred_i_1/O
                         net (fo=3, routed)           1.300    10.589    C10/delay2/din
    SLICE_X43Y51         LUT1 (Prop_lut1_I0_O)        0.124    10.713 f  C10/delay2/buf_inst_00/O
                         net (fo=1, routed)           0.729    11.442    C10/delay2/t00
    SLICE_X42Y51         LUT1 (Prop_lut1_I0_O)        0.124    11.566 f  C10/delay2/buf_inst_01/O
                         net (fo=1, routed)           0.286    11.852    C10/delay2/t01
    SLICE_X42Y51         LUT1 (Prop_lut1_I0_O)        0.124    11.976 f  C10/delay2/buf_inst_02/O
                         net (fo=1, routed)           0.161    12.137    C10/delay2/t02
    SLICE_X42Y51         LUT1 (Prop_lut1_I0_O)        0.124    12.261 f  C10/delay2/buf_inst_03/O
                         net (fo=1, routed)           0.466    12.727    C10/delay2/t03
    SLICE_X42Y51         LUT1 (Prop_lut1_I0_O)        0.124    12.851 f  C10/delay2/buf_inst_04/O
                         net (fo=1, routed)           0.872    13.724    C10/LB_out
    SLICE_X43Y51         LUT1 (Prop_lut1_I0_O)        0.124    13.848 r  C10/Ack_out_INST_0/O
                         net (fo=1, routed)           0.433    14.281    B_Stage/cb7/Ack_in_a
    SLICE_X43Y51         LUT2 (Prop_lut2_I0_O)        0.124    14.405 r  B_Stage/cb7/Ack_in_and_inferred_i_1/O
                         net (fo=2, routed)           1.101    15.505    B_Stage/cb7/CF1/Ack_in
    SLICE_X43Y56         LUT3 (Prop_lut3_I2_O)        0.124    15.629 f  B_Stage/cb7/CF1/nand5_out_inferred_i_1/O
                         net (fo=3, routed)           0.754    16.383    B_Stage/cb7/CF1/delay3/din
    SLICE_X42Y56         LUT1 (Prop_lut1_I0_O)        0.124    16.507 f  B_Stage/cb7/CF1/delay3/buf_inst_00/O
                         net (fo=1, routed)           0.984    17.491    B_Stage/cb7/CF1/delay3/t00
    SLICE_X42Y56         LUT1 (Prop_lut1_I0_O)        0.124    17.615 f  B_Stage/cb7/CF1/delay3/buf_inst_01/O
                         net (fo=1, routed)           0.466    18.081    B_Stage/cb7/CF1/delay3/t01
    SLICE_X42Y56         LUT1 (Prop_lut1_I0_O)        0.124    18.205 f  B_Stage/cb7/CF1/delay3/buf_inst_02/O
                         net (fo=1, routed)           0.680    18.885    B_Stage/cb7/CF1/delay3/t02
    SLICE_X42Y56         LUT1 (Prop_lut1_I0_O)        0.150    19.035 f  B_Stage/cb7/CF1/delay3/buf_inst_03/O
                         net (fo=1, routed)           0.845    19.881    B_Stage/cb7/CF1/delay3/t03
    SLICE_X42Y56         LUT1 (Prop_lut1_I0_O)        0.356    20.237 f  B_Stage/cb7/CF1/delay3/buf_inst_04/O
                         net (fo=2, routed)           0.302    20.539    B_Stage/cb7/CF1/delay4/din
    SLICE_X42Y56         LUT1 (Prop_lut1_I0_O)        0.341    20.880 f  B_Stage/cb7/CF1/delay4/buf_inst_00/O
                         net (fo=1, routed)           1.004    21.884    B_Stage/cb7/CF1/delay4/t00
    SLICE_X39Y51         LUT1 (Prop_lut1_I0_O)        0.331    22.215 f  B_Stage/cb7/CF1/delay4/buf_inst_01/O
                         net (fo=1, routed)           0.433    22.648    B_Stage/cb7/CF1/delay4/t01
    SLICE_X39Y51         LUT1 (Prop_lut1_I0_O)        0.124    22.772 f  B_Stage/cb7/CF1/delay4/buf_inst_02/O
                         net (fo=2, routed)           0.678    23.450    B_Stage/cb7/CF_Send_out
    SLICE_X39Y51         LUT2 (Prop_lut2_I0_O)        0.124    23.574 f  B_Stage/cb7/nand2_inferred_i_1/O
                         net (fo=3, routed)           0.607    24.181    M_Stage/cm0/arb/Send_in_b
    SLICE_X41Y50         LUT3 (Prop_lut3_I0_O)        0.124    24.305 r  M_Stage/cm0/arb/nand2_1_inferred_i_1/O
                         net (fo=1, routed)           0.505    24.810    M_Stage/cm0/arb/nand2_1
    SLICE_X40Y50         LUT3 (Prop_lut3_I2_O)        0.124    24.934 f  M_Stage/cm0/arb/nand2_2_inferred_i_1/O
                         net (fo=2, routed)           0.679    25.613    M_Stage/cm0/arb/nand2_2
    SLICE_X40Y50         LUT2 (Prop_lut2_I0_O)        0.124    25.737 r  M_Stage/cm0/arb/nand3_2_inferred_i_1/O
                         net (fo=2, routed)           0.816    26.553    M_Stage/cm0/arb/nand3_2
    SLICE_X39Y50         LUT3 (Prop_lut3_I1_O)        0.124    26.677 f  M_Stage/cm0/arb/nand4_2_inferred_i_1/O
                         net (fo=2, routed)           0.379    27.057    M_Stage/cm0/arb/nand4_2
    SLICE_X39Y50         LUT2 (Prop_lut2_I0_O)        0.124    27.181 r  M_Stage/cm0/arb/nand4_1_inferred_i_1/O
                         net (fo=2, routed)           0.608    27.789    M_Stage/cm0/cj2/g
    SLICE_X38Y48         LUT6 (Prop_lut6_I0_O)        0.124    27.913 f  M_Stage/cm0/cj2/nand3_out_inferred_i_1/O
                         net (fo=2, routed)           0.683    28.596    M_Stage/cm0/cj2/nand3_out
    SLICE_X38Y48         LUT2 (Prop_lut2_I0_O)        0.124    28.720 r  M_Stage/cm0/cj2/nand4_out_inferred_i_1/O
                         net (fo=1, routed)           0.162    28.882    M_Stage/cm0/cj2/nand4_out
    SLICE_X38Y48         LUT3 (Prop_lut3_I0_O)        0.124    29.006 f  M_Stage/cm0/cj2/nand5_out_inferred_i_1/O
                         net (fo=3, routed)           0.811    29.817    M_Stage/cm0/cj2/delay3/din
    SLICE_X37Y48         LUT1 (Prop_lut1_I0_O)        0.124    29.941 f  M_Stage/cm0/cj2/delay3/buf_inst_00/O
                         net (fo=1, routed)           0.433    30.374    M_Stage/cm0/cj2/delay3/t00
    SLICE_X37Y48         LUT1 (Prop_lut1_I0_O)        0.124    30.498 f  M_Stage/cm0/cj2/delay3/buf_inst_01/O
                         net (fo=1, routed)           0.665    31.163    M_Stage/cm0/cj2/delay3/t01
    SLICE_X37Y48         LUT1 (Prop_lut1_I0_O)        0.152    31.315 f  M_Stage/cm0/cj2/delay3/buf_inst_02/O
                         net (fo=1, routed)           0.848    32.163    M_Stage/cm0/cj2/delay3/t02
    SLICE_X37Y48         LUT1 (Prop_lut1_I0_O)        0.354    32.517 f  M_Stage/cm0/cj2/delay3/buf_inst_03/O
                         net (fo=1, routed)           0.267    32.783    M_Stage/cm0/cj2/delay3/t03
    SLICE_X37Y48         LUT1 (Prop_lut1_I0_O)        0.328    33.111 f  M_Stage/cm0/cj2/delay3/buf_inst_04/O
                         net (fo=2, routed)           0.301    33.412    M_Stage/cm0/cj2/delay4/din
    SLICE_X39Y48         LUT1 (Prop_lut1_I0_O)        0.327    33.739 f  M_Stage/cm0/cj2/delay4/buf_inst_00/O
                         net (fo=1, routed)           0.526    34.265    M_Stage/cm0/cj2/delay4/t00
    SLICE_X38Y48         LUT1 (Prop_lut1_I0_O)        0.124    34.389 f  M_Stage/cm0/cj2/delay4/buf_inst_01/O
                         net (fo=1, routed)           0.662    35.050    M_Stage/cm0/cj2/delay4/t01
    SLICE_X38Y50         LUT1 (Prop_lut1_I0_O)        0.124    35.174 f  M_Stage/cm0/cj2/delay4/buf_inst_02/O
                         net (fo=1, routed)           0.466    35.640    M_Stage/cm0/cj2/delay4/t02
    SLICE_X38Y50         LUT1 (Prop_lut1_I0_O)        0.124    35.764 f  M_Stage/cm0/cj2/delay4/buf_inst_03/O
                         net (fo=1, routed)           0.680    36.444    M_Stage/cm0/cj2/delay4/t03
    SLICE_X38Y50         LUT1 (Prop_lut1_I0_O)        0.150    36.594 f  M_Stage/cm0/cj2/delay4/buf_inst_04/O
                         net (fo=1, routed)           0.165    36.759    M_Stage/cm0/cj2/LD_out
    SLICE_X38Y50         LUT1 (Prop_lut1_I0_O)        0.328    37.087 r  M_Stage/cm0/cj2/Send_out_INST_0/O
                         net (fo=1, routed)           0.452    37.539    M_Stage/cm0/cop1
    SLICE_X38Y50         LUT2 (Prop_lut2_I1_O)        0.124    37.663 f  M_Stage/cm0/nor1_inferred_i_1/O
                         net (fo=2, routed)           0.816    38.479    MMCAM/c1/Send_in
    SLICE_X38Y53         LUT4 (Prop_lut4_I1_O)        0.124    38.603 r  MMCAM/c1/nand3_out_inferred_i_1/O
                         net (fo=2, routed)           0.841    39.444    MMCAM/c1/nand3_out
    SLICE_X38Y54         LUT2 (Prop_lut2_I0_O)        0.124    39.568 f  MMCAM/c1/nand4_out_inferred_i_1/O
                         net (fo=1, routed)           0.666    40.234    MMCAM/c1/nand4_out
    SLICE_X38Y54         LUT3 (Prop_lut3_I0_O)        0.124    40.358 r  MMCAM/c1/nand5_out_inferred_i_1/O
                         net (fo=3, routed)           0.963    41.321    MMCAM/c1/delay3/din
    SLICE_X41Y54         LUT1 (Prop_lut1_I0_O)        0.124    41.445 r  MMCAM/c1/delay3/buf_inst_00/O
                         net (fo=1, routed)           0.870    42.315    MMCAM/c1/delay3/t00
    SLICE_X40Y54         LUT1 (Prop_lut1_I0_O)        0.124    42.439 r  MMCAM/c1/delay3/buf_inst_01/O
                         net (fo=1, routed)           0.279    42.718    MMCAM/c1/delay3/t01
    SLICE_X40Y54         LUT1 (Prop_lut1_I0_O)        0.124    42.842 r  MMCAM/c1/delay3/buf_inst_02/O
                         net (fo=1, routed)           0.853    43.695    MMCAM/c1/delay3/t02
    SLICE_X40Y54         LUT1 (Prop_lut1_I0_O)        0.124    43.819 r  MMCAM/c1/delay3/buf_inst_03/O
                         net (fo=1, routed)           0.433    44.252    MMCAM/c1/delay3/t03
    SLICE_X40Y54         LUT1 (Prop_lut1_I0_O)        0.124    44.376 r  MMCAM/c1/delay3/buf_inst_04/O
                         net (fo=2, routed)           0.686    45.062    MMCAM/c1/delay4/din
    SLICE_X40Y54         LUT1 (Prop_lut1_I0_O)        0.152    45.214 r  MMCAM/c1/delay4/buf_inst_00/O
                         net (fo=1, routed)           0.851    46.066    MMCAM/c1/delay4/t00
    SLICE_X40Y54         LUT1 (Prop_lut1_I0_O)        0.354    46.420 r  MMCAM/c1/delay4/buf_inst_01/O
                         net (fo=1, routed)           0.288    46.708    MMCAM/c1/delay4/t01
    SLICE_X40Y54         LUT1 (Prop_lut1_I0_O)        0.328    47.036 r  MMCAM/c1/delay4/buf_inst_02/O
                         net (fo=1, routed)           0.809    47.844    MMCAM/c1/delay4/t02
    SLICE_X39Y54         LUT1 (Prop_lut1_I0_O)        0.327    48.171 r  MMCAM/c1/delay4/buf_inst_03/O
                         net (fo=1, routed)           0.264    48.436    MMCAM/c1/delay4/t03
    SLICE_X39Y54         LUT1 (Prop_lut1_I0_O)        0.124    48.560 r  MMCAM/c1/delay4/buf_inst_04/O
                         net (fo=2, routed)           0.812    49.372    MMRAM/ce2/cf0/Send_in
    SLICE_X38Y57         LUT4 (Prop_lut4_I1_O)        0.124    49.496 f  MMRAM/ce2/cf0/nand3_out_inferred_i_1/O
                         net (fo=2, routed)           0.701    50.197    MMRAM/ce2/cf0/nand3_out
    SLICE_X38Y57         LUT2 (Prop_lut2_I0_O)        0.124    50.321 r  MMRAM/ce2/cf0/nand4_out_inferred_i_1/O
                         net (fo=1, routed)           0.282    50.603    MMRAM/ce2/cf0/nand4_out
    SLICE_X38Y57         LUT3 (Prop_lut3_I0_O)        0.124    50.727 f  MMRAM/ce2/cf0/nand5_out_inferred_i_1/O
                         net (fo=3, routed)           0.808    51.535    MMRAM/ce2/cf0/delay3/din
    SLICE_X37Y57         LUT1 (Prop_lut1_I0_O)        0.124    51.659 f  MMRAM/ce2/cf0/delay3/buf_inst_00/O
                         net (fo=1, routed)           0.640    52.299    MMRAM/ce2/cf0/delay3/t00
    SLICE_X37Y57         LUT1 (Prop_lut1_I0_O)        0.124    52.423 f  MMRAM/ce2/cf0/delay3/buf_inst_01/O
                         net (fo=1, routed)           0.433    52.856    MMRAM/ce2/cf0/delay3/t01
    SLICE_X37Y57         LUT1 (Prop_lut1_I0_O)        0.124    52.980 f  MMRAM/ce2/cf0/delay3/buf_inst_02/O
                         net (fo=1, routed)           0.667    53.647    MMRAM/ce2/cf0/delay3/t02
    SLICE_X37Y57         LUT1 (Prop_lut1_I0_O)        0.152    53.799 f  MMRAM/ce2/cf0/delay3/buf_inst_03/O
                         net (fo=1, routed)           0.267    54.065    MMRAM/ce2/cf0/delay3/t03
    SLICE_X37Y57         LUT1 (Prop_lut1_I0_O)        0.328    54.393 f  MMRAM/ce2/cf0/delay3/buf_inst_04/O
                         net (fo=2, routed)           1.063    55.457    MMRAM/ce2/cf0/delay4/din
    SLICE_X32Y58         LUT1 (Prop_lut1_I0_O)        0.353    55.810 f  MMRAM/ce2/cf0/delay4/buf_inst_00/O
                         net (fo=1, routed)           0.848    56.658    MMRAM/ce2/cf0/delay4/t00
    SLICE_X32Y58         LUT1 (Prop_lut1_I0_O)        0.377    57.035 f  MMRAM/ce2/cf0/delay4/buf_inst_01/O
                         net (fo=1, routed)           0.692    57.727    MMRAM/ce2/cf0/delay4/t01
    SLICE_X32Y58         LUT1 (Prop_lut1_I0_O)        0.363    58.090 f  MMRAM/ce2/cf0/delay4/buf_inst_02/O
                         net (fo=2, routed)           0.468    58.558    MMRAM/ce2/CF_Send_out
    SLICE_X32Y58         LUT2 (Prop_lut2_I0_O)        0.355    58.913 f  MMRAM/ce2/or1_out_inferred_i_1/O
                         net (fo=2, routed)           0.997    59.910    PS_Stage/c3/Send_in
    SLICE_X22Y70         LUT4 (Prop_lut4_I1_O)        0.124    60.034 r  PS_Stage/c3/nand3_out_inferred_i_1/O
                         net (fo=2, routed)           0.681    60.714    PS_Stage/c3/nand3_out
    SLICE_X22Y70         LUT2 (Prop_lut2_I0_O)        0.124    60.838 f  PS_Stage/c3/nand4_out_inferred_i_1/O
                         net (fo=1, routed)           0.280    61.118    PS_Stage/c3/nand4_out
    SLICE_X22Y70         LUT3 (Prop_lut3_I0_O)        0.124    61.242 r  PS_Stage/c3/nand5_out_inferred_i_1/O
                         net (fo=3, routed)           0.602    61.844    PS_Stage/c3/delay3/din
    SLICE_X22Y71         LUT1 (Prop_lut1_I0_O)        0.124    61.968 r  PS_Stage/c3/delay3/buf_inst_00/O
                         net (fo=1, routed)           0.433    62.402    PS_Stage/c3/delay3/t00
    SLICE_X22Y71         LUT1 (Prop_lut1_I0_O)        0.124    62.526 r  PS_Stage/c3/delay3/buf_inst_01/O
                         net (fo=1, routed)           0.834    63.360    PS_Stage/c3/delay3/t01
    SLICE_X20Y71         LUT1 (Prop_lut1_I0_O)        0.124    63.484 r  PS_Stage/c3/delay3/buf_inst_02/O
                         net (fo=1, routed)           0.286    63.770    PS_Stage/c3/delay3/t02
    SLICE_X20Y71         LUT1 (Prop_lut1_I0_O)        0.124    63.894 r  PS_Stage/c3/delay3/buf_inst_03/O
                         net (fo=1, routed)           0.161    64.055    PS_Stage/c3/delay3/t03
    SLICE_X20Y71         LUT1 (Prop_lut1_I0_O)        0.124    64.179 r  PS_Stage/c3/delay3/buf_inst_04/O
                         net (fo=2, routed)           0.478    64.657    PS_Stage/c3/delay4/din
    SLICE_X20Y71         LUT1 (Prop_lut1_I0_O)        0.124    64.781 r  PS_Stage/c3/delay4/buf_inst_00/O
                         net (fo=1, routed)           0.873    65.655    PS_Stage/c3/delay4/t00
    SLICE_X21Y71         LUT1 (Prop_lut1_I0_O)        0.124    65.779 r  PS_Stage/c3/delay4/buf_inst_01/O
                         net (fo=1, routed)           0.264    66.043    PS_Stage/c3/delay4/t01
    SLICE_X21Y71         LUT1 (Prop_lut1_I0_O)        0.124    66.167 r  PS_Stage/c3/delay4/buf_inst_02/O
                         net (fo=1, routed)           0.149    66.316    PS_Stage/c3/delay4/t02
    SLICE_X21Y71         LUT1 (Prop_lut1_I0_O)        0.124    66.440 r  PS_Stage/c3/delay4/buf_inst_03/O
                         net (fo=1, routed)           0.433    66.873    PS_Stage/c3/delay4/t03
    SLICE_X21Y71         LUT1 (Prop_lut1_I0_O)        0.124    66.997 r  PS_Stage/c3/delay4/buf_inst_04/O
                         net (fo=2, routed)           1.172    68.170    FP_Stage/ce4/cf0/Send_in
    SLICE_X21Y75         LUT4 (Prop_lut4_I1_O)        0.124    68.294 f  FP_Stage/ce4/cf0/nand3_out_inferred_i_1/O
                         net (fo=2, routed)           0.826    69.119    FP_Stage/ce4/cf0/nand3_out
    SLICE_X23Y75         LUT2 (Prop_lut2_I0_O)        0.124    69.243 r  FP_Stage/ce4/cf0/nand4_out_inferred_i_1/O
                         net (fo=1, routed)           0.151    69.395    FP_Stage/ce4/cf0/nand4_out
    SLICE_X23Y75         LUT3 (Prop_lut3_I0_O)        0.124    69.519 f  FP_Stage/ce4/cf0/nand5_out_inferred_i_1/O
                         net (fo=3, routed)           0.831    70.350    FP_Stage/ce4/cf0/delay3/din
    SLICE_X21Y75         LUT1 (Prop_lut1_I0_O)        0.124    70.474 f  FP_Stage/ce4/cf0/delay3/buf_inst_00/O
                         net (fo=1, routed)           0.433    70.907    FP_Stage/ce4/cf0/delay3/t00
    SLICE_X21Y75         LUT1 (Prop_lut1_I0_O)        0.124    71.031 f  FP_Stage/ce4/cf0/delay3/buf_inst_01/O
                         net (fo=1, routed)           0.665    71.696    FP_Stage/ce4/cf0/delay3/t01
    SLICE_X21Y75         LUT1 (Prop_lut1_I0_O)        0.152    71.848 f  FP_Stage/ce4/cf0/delay3/buf_inst_02/O
                         net (fo=1, routed)           0.458    72.306    FP_Stage/ce4/cf0/delay3/t02
    SLICE_X21Y75         LUT1 (Prop_lut1_I0_O)        0.321    72.627 f  FP_Stage/ce4/cf0/delay3/buf_inst_03/O
                         net (fo=1, routed)           0.267    72.893    FP_Stage/ce4/cf0/delay3/t03
    SLICE_X21Y75         LUT1 (Prop_lut1_I0_O)        0.328    73.221 f  FP_Stage/ce4/cf0/delay3/buf_inst_04/O
                         net (fo=2, routed)           1.018    74.240    FP_Stage/ce4/cf0/delay4/din
    SLICE_X20Y85         LUT1 (Prop_lut1_I0_O)        0.351    74.591 f  FP_Stage/ce4/cf0/delay4/buf_inst_00/O
                         net (fo=1, routed)           0.845    75.436    FP_Stage/ce4/cf0/delay4/t00
    SLICE_X20Y85         LUT1 (Prop_lut1_I0_O)        0.356    75.792 f  FP_Stage/ce4/cf0/delay4/buf_inst_01/O
                         net (fo=1, routed)           0.286    76.078    FP_Stage/ce4/cf0/delay4/t01
    SLICE_X20Y85         LUT1 (Prop_lut1_I0_O)        0.341    76.419 f  FP_Stage/ce4/cf0/delay4/buf_inst_02/O
                         net (fo=2, routed)           0.304    76.723    FP_Stage/ce4/CF_Send_out
    SLICE_X20Y85         LUT2 (Prop_lut2_I0_O)        0.331    77.054 f  FP_Stage/ce4/or1_out_inferred_i_1/O
                         net (fo=2, routed)           1.012    78.066    MA_Stage/c5/Send_in
    SLICE_X23Y91         LUT4 (Prop_lut4_I1_O)        0.124    78.190 r  MA_Stage/c5/nand3_out_inferred_i_1/O
                         net (fo=2, routed)           0.592    78.782    MA_Stage/c5/nand3_out
    SLICE_X24Y91         LUT2 (Prop_lut2_I0_O)        0.124    78.906 f  MA_Stage/c5/nand4_out_inferred_i_1/O
                         net (fo=1, routed)           0.452    79.358    MA_Stage/c5/nand4_out
    SLICE_X24Y91         LUT3 (Prop_lut3_I0_O)        0.124    79.482 r  MA_Stage/c5/nand5_out_inferred_i_1/O
                         net (fo=3, routed)           0.522    80.004    MA_Stage/c5/delay3/din
    SLICE_X25Y91         LUT1 (Prop_lut1_I0_O)        0.124    80.128 r  MA_Stage/c5/delay3/buf_inst_00/O
                         net (fo=1, routed)           0.149    80.277    MA_Stage/c5/delay3/t00
    SLICE_X25Y91         LUT1 (Prop_lut1_I0_O)        0.124    80.401 r  MA_Stage/c5/delay3/buf_inst_01/O
                         net (fo=1, routed)           0.433    80.835    MA_Stage/c5/delay3/t01
    SLICE_X25Y91         LUT1 (Prop_lut1_I0_O)        0.124    80.959 r  MA_Stage/c5/delay3/buf_inst_02/O
                         net (fo=1, routed)           0.517    81.476    MA_Stage/c5/delay3/t02
    SLICE_X24Y91         LUT1 (Prop_lut1_I0_O)        0.124    81.600 r  MA_Stage/c5/delay3/buf_inst_03/O
                         net (fo=1, routed)           0.466    82.065    MA_Stage/c5/delay3/t03
    SLICE_X24Y91         LUT1 (Prop_lut1_I0_O)        0.124    82.189 r  MA_Stage/c5/delay3/buf_inst_04/O
                         net (fo=2, routed)           0.904    83.094    MA_Stage/c5/delay4/din
    SLICE_X27Y91         LUT1 (Prop_lut1_I0_O)        0.124    83.218 r  MA_Stage/c5/delay4/buf_inst_00/O
                         net (fo=1, routed)           0.505    83.723    MA_Stage/c5/delay4/t00
    SLICE_X26Y91         LUT1 (Prop_lut1_I0_O)        0.124    83.847 r  MA_Stage/c5/delay4/buf_inst_01/O
                         net (fo=1, routed)           0.279    84.126    MA_Stage/c5/delay4/t01
    SLICE_X26Y91         LUT1 (Prop_lut1_I0_O)        0.124    84.250 r  MA_Stage/c5/delay4/buf_inst_02/O
                         net (fo=1, routed)           0.158    84.408    MA_Stage/c5/delay4/t02
    SLICE_X26Y91         LUT1 (Prop_lut1_I0_O)        0.124    84.532 r  MA_Stage/c5/delay4/buf_inst_03/O
                         net (fo=1, routed)           0.433    84.966    MA_Stage/c5/delay4/t03
    SLICE_X26Y91         LUT1 (Prop_lut1_I0_O)        0.124    85.090 r  MA_Stage/c5/delay4/buf_inst_04/O
                         net (fo=2, routed)           0.897    85.986    COPY_Stage/cx2_6/cf0/Send_in
    SLICE_X32Y91         LUT4 (Prop_lut4_I1_O)        0.124    86.110 f  COPY_Stage/cx2_6/cf0/nand3_out_inferred_i_1/O
                         net (fo=2, routed)           0.683    86.793    COPY_Stage/cx2_6/cf0/nand3_out
    SLICE_X32Y91         LUT2 (Prop_lut2_I0_O)        0.124    86.917 r  COPY_Stage/cx2_6/cf0/nand4_out_inferred_i_1/O
                         net (fo=1, routed)           0.162    87.079    COPY_Stage/cx2_6/cf0/nand4_out
    SLICE_X32Y91         LUT3 (Prop_lut3_I0_O)        0.124    87.203 f  COPY_Stage/cx2_6/cf0/nand5_out_inferred_i_1/O
                         net (fo=3, routed)           0.679    87.882    COPY_Stage/cx2_6/cf0/delay3/din
    SLICE_X33Y91         LUT1 (Prop_lut1_I0_O)        0.124    88.006 f  COPY_Stage/cx2_6/cf0/delay3/buf_inst_00/O
                         net (fo=1, routed)           0.264    88.270    COPY_Stage/cx2_6/cf0/delay3/t00
    SLICE_X33Y91         LUT1 (Prop_lut1_I0_O)        0.124    88.394 f  COPY_Stage/cx2_6/cf0/delay3/buf_inst_01/O
                         net (fo=1, routed)           0.291    88.685    COPY_Stage/cx2_6/cf0/delay3/t01
    SLICE_X33Y92         LUT1 (Prop_lut1_I0_O)        0.124    88.809 f  COPY_Stage/cx2_6/cf0/delay3/buf_inst_02/O
                         net (fo=1, routed)           0.655    89.464    COPY_Stage/cx2_6/cf0/delay3/t02
    SLICE_X32Y92         LUT1 (Prop_lut1_I0_O)        0.124    89.588 f  COPY_Stage/cx2_6/cf0/delay3/buf_inst_03/O
                         net (fo=1, routed)           0.466    90.054    COPY_Stage/cx2_6/cf0/delay3/t03
    SLICE_X32Y92         LUT1 (Prop_lut1_I0_O)        0.124    90.178 f  COPY_Stage/cx2_6/cf0/delay3/buf_inst_04/O
                         net (fo=2, routed)           0.866    91.044    COPY_Stage/cx2_6/cf0/delay4/din
    SLICE_X36Y88         LUT1 (Prop_lut1_I0_O)        0.124    91.168 f  COPY_Stage/cx2_6/cf0/delay4/buf_inst_00/O
                         net (fo=1, routed)           0.853    92.021    COPY_Stage/cx2_6/cf0/delay4/t00
    SLICE_X36Y88         LUT1 (Prop_lut1_I0_O)        0.124    92.145 f  COPY_Stage/cx2_6/cf0/delay4/buf_inst_01/O
                         net (fo=1, routed)           0.658    92.803    COPY_Stage/cx2_6/cf0/delay4/t01
    SLICE_X37Y88         LUT1 (Prop_lut1_I0_O)        0.124    92.927 f  COPY_Stage/cx2_6/cf0/delay4/buf_inst_02/O
                         net (fo=3, routed)           0.869    93.796    COPY_Stage/cx2_6/CF1_Send_out
    SLICE_X37Y88         LUT2 (Prop_lut2_I0_O)        0.124    93.920 f  COPY_Stage/cx2_6/nand2_inferred_i_1/O
                         net (fo=1, routed)           0.648    94.568    COPY_Stage/cx2_6/nand2
    SLICE_X37Y88         LUT2 (Prop_lut2_I1_O)        0.124    94.692 f  COPY_Stage/cx2_6/and2_inferred_i_1/O
                         net (fo=2, routed)           1.804    96.496    B_Stage/cb7/CF1/Send_in
    SLICE_X43Y56         LUT4 (Prop_lut4_I1_O)        0.124    96.620 r  B_Stage/cb7/CF1/nand3_out_inferred_i_1/O
                         net (fo=2, routed)           0.264    96.885    B_Stage/cb7/CF1/nand3_out
    SLICE_X43Y56         LUT3 (Prop_lut3_I2_O)        0.124    97.009 f  B_Stage/cb7/CF1/nand2_out_inferred_i_1/O
                         net (fo=1, routed)           0.154    97.162    B_Stage/cb7/CF1/nand2_out
    SLICE_X43Y56         LUT2 (Prop_lut2_I1_O)        0.124    97.286 r  B_Stage/cb7/CF1/nand1_out_inferred_i_1/O
                         net (fo=3, routed)           0.680    97.967    B_Stage/cb7/CF1/delay2/din
    SLICE_X42Y58         LUT1 (Prop_lut1_I0_O)        0.124    98.091 r  B_Stage/cb7/CF1/delay2/buf_inst_00/O
                         net (fo=1, routed)           0.466    98.557    B_Stage/cb7/CF1/delay2/t00
    SLICE_X42Y58         LUT1 (Prop_lut1_I0_O)        0.124    98.681 r  B_Stage/cb7/CF1/delay2/buf_inst_01/O
                         net (fo=1, routed)           1.340   100.021    B_Stage/cb7/CF1/delay2/t01
    SLICE_X43Y73         LUT1 (Prop_lut1_I0_O)        0.124   100.145 r  B_Stage/cb7/CF1/delay2/buf_inst_02/O
                         net (fo=1, routed)           0.433   100.578    B_Stage/cb7/CF1/LB_out
    SLICE_X43Y73         LUT1 (Prop_lut1_I0_O)        0.124   100.702 f  B_Stage/cb7/CF1/Ack_out_INST_0/O
                         net (fo=4, routed)           1.607   102.309    COPY_Stage/cx2_6/cf1/Ack_in
    SLICE_X38Y89         LUT3 (Prop_lut3_I2_O)        0.124   102.433 r  COPY_Stage/cx2_6/cf1/nand5_out_inferred_i_1/O
                         net (fo=3, routed)           0.588   103.021    COPY_Stage/cx2_6/cf1/delay3/din
    SLICE_X37Y89         LUT1 (Prop_lut1_I0_O)        0.124   103.145 r  COPY_Stage/cx2_6/cf1/delay3/buf_inst_00/O
                         net (fo=1, routed)           0.264   103.410    COPY_Stage/cx2_6/cf1/delay3/t00
    SLICE_X37Y89         LUT1 (Prop_lut1_I0_O)        0.124   103.534 r  COPY_Stage/cx2_6/cf1/delay3/buf_inst_01/O
                         net (fo=1, routed)           0.656   104.190    COPY_Stage/cx2_6/cf1/delay3/t01
    SLICE_X36Y89         LUT1 (Prop_lut1_I0_O)        0.124   104.314 r  COPY_Stage/cx2_6/cf1/delay3/buf_inst_02/O
                         net (fo=1, routed)           0.279   104.593    COPY_Stage/cx2_6/cf1/delay3/t02
    SLICE_X36Y89         LUT1 (Prop_lut1_I0_O)        0.124   104.717 r  COPY_Stage/cx2_6/cf1/delay3/buf_inst_03/O
                         net (fo=1, routed)           0.652   105.368    COPY_Stage/cx2_6/cf1/delay3/t03
    SLICE_X36Y88         LUT1 (Prop_lut1_I0_O)        0.153   105.521 r  COPY_Stage/cx2_6/cf1/delay3/buf_inst_04/O
                         net (fo=2, routed)           0.605   106.127    COPY_Stage/cx2_6/cf1/LC_out
    SLICE_X38Y88         LUT4 (Prop_lut4_I3_O)        0.327   106.454 f  COPY_Stage/cx2_6/cf1/nand3_out_inferred_i_1/O
                         net (fo=2, routed)           0.427   106.880    COPY_Stage/cx2_6/cf1/nand3_out
    SLICE_X38Y89         LUT3 (Prop_lut3_I2_O)        0.124   107.004 r  COPY_Stage/cx2_6/cf1/nand2_out_inferred_i_1/O
                         net (fo=1, routed)           0.493   107.497    COPY_Stage/cx2_6/cf1/nand2_out
    SLICE_X39Y89         LUT2 (Prop_lut2_I1_O)        0.124   107.621 f  COPY_Stage/cx2_6/cf1/nand1_out_inferred_i_1/O
                         net (fo=3, routed)           0.849   108.470    COPY_Stage/cx2_6/cf1/delay2/din
    SLICE_X38Y88         LUT1 (Prop_lut1_I0_O)        0.124   108.594 f  COPY_Stage/cx2_6/cf1/delay2/buf_inst_00/O
                         net (fo=1, routed)           0.857   109.451    COPY_Stage/cx2_6/cf1/delay2/t00
    SLICE_X36Y88         LUT1 (Prop_lut1_I0_O)        0.150   109.601 f  COPY_Stage/cx2_6/cf1/delay2/buf_inst_01/O
                         net (fo=1, routed)           0.851   110.452    COPY_Stage/cx2_6/cf1/delay2/t01
    SLICE_X36Y88         LUT1 (Prop_lut1_I0_O)        0.354   110.806 f  COPY_Stage/cx2_6/cf1/delay2/buf_inst_02/O
                         net (fo=1, routed)           0.283   111.089    COPY_Stage/cx2_6/cf1/LB_out
    SLICE_X36Y88         LUT1 (Prop_lut1_I0_O)        0.332   111.421 r  COPY_Stage/cx2_6/cf1/Ack_out_INST_0/O
                         net (fo=1, routed)           0.674   112.095    COPY_Stage/cx2_6/CF2_Ack_out
    SLICE_X36Y88         LUT2 (Prop_lut2_I1_O)        0.124   112.219 r  COPY_Stage/cx2_6/or2_inferred_i_1/O
                         net (fo=2, routed)           0.682   112.901    COPY_Stage/cx2_6/dl1s/sd
    SLICE_X36Y88         LUT1 (Prop_lut1_I0_O)        0.149   113.050 f  COPY_Stage/cx2_6/dl1s/w_q_i_2/O
                         net (fo=3, routed)           0.606   113.656    COPY_Stage/cx2_6/dl1s/w_q_reg/PRE
    SLICE_X35Y87         FDPE                                         f  COPY_Stage/cx2_6/dl1s/w_q_reg/F2/PRE
  -------------------------------------------------------------------    -------------------

Slack:                    inf
  Source:                 MR
                            (input port)
  Destination:            COPY_Stage/cx2_6/dl1s/w_q_reg_P/PRE
  Path Group:             (none)
  Path Type:              Max at Slow Process Corner
  Data Path Delay:        113.656ns  (logic 24.899ns (21.908%)  route 88.757ns (78.092%))
  Logic Levels:           146  (IBUF=1 LUT1=99 LUT2=20 LUT3=16 LUT4=9 LUT6=1)

    Location             Delay type                Incr(ns)  Path(ns)    Netlist Resource(s)
  -------------------------------------------------------------------    -------------------
    T15                                               0.000     0.000 r  MR (IN)
                         net (fo=0)                   0.000     0.000    MR
    T15                  IBUF (Prop_ibuf_I_O)         0.996     0.996 r  MR_IBUF_inst/O
                         net (fo=1735, routed)        1.900     2.896    C10/MR
    SLICE_X41Y47         LUT1 (Prop_lut1_I0_O)        0.124     3.020 f  C10/not_out_inferred_i_1/O
                         net (fo=2, routed)           0.591     3.612    C10/not_out
    SLICE_X42Y47         LUT3 (Prop_lut3_I1_O)        0.124     3.736 r  C10/nand5_out_inferred_i_1/O
                         net (fo=3, routed)           0.597     4.332    C10/delay3/din
    SLICE_X40Y47         LUT1 (Prop_lut1_I0_O)        0.150     4.482 r  C10/delay3/buf_inst_00/O
                         net (fo=1, routed)           0.851     5.334    C10/delay3/t00
    SLICE_X40Y47         LUT1 (Prop_lut1_I0_O)        0.354     5.688 r  C10/delay3/buf_inst_01/O
                         net (fo=1, routed)           0.963     6.650    C10/delay3/t01
    SLICE_X43Y45         LUT1 (Prop_lut1_I0_O)        0.332     6.982 r  C10/delay3/buf_inst_02/O
                         net (fo=1, routed)           0.264     7.247    C10/delay3/t02
    SLICE_X43Y45         LUT1 (Prop_lut1_I0_O)        0.124     7.371 r  C10/delay3/buf_inst_03/O
                         net (fo=1, routed)           0.149     7.520    C10/delay3/t03
    SLICE_X43Y45         LUT1 (Prop_lut1_I0_O)        0.124     7.644 r  C10/delay3/buf_inst_04/O
                         net (fo=2, routed)           0.320     7.964    C10/LC_out
    SLICE_X42Y47         LUT4 (Prop_lut4_I3_O)        0.124     8.088 f  C10/nand3_out_inferred_i_1/O
                         net (fo=2, routed)           0.298     8.385    C10/nand3_out
    SLICE_X42Y47         LUT3 (Prop_lut3_I2_O)        0.124     8.509 r  C10/nand2_out_inferred_i_1/O
                         net (fo=1, routed)           0.656     9.165    C10/nand2_out
    SLICE_X43Y47         LUT2 (Prop_lut2_I1_O)        0.124     9.289 f  C10/nand1_out_inferred_i_1/O
                         net (fo=3, routed)           1.300    10.589    C10/delay2/din
    SLICE_X43Y51         LUT1 (Prop_lut1_I0_O)        0.124    10.713 f  C10/delay2/buf_inst_00/O
                         net (fo=1, routed)           0.729    11.442    C10/delay2/t00
    SLICE_X42Y51         LUT1 (Prop_lut1_I0_O)        0.124    11.566 f  C10/delay2/buf_inst_01/O
                         net (fo=1, routed)           0.286    11.852    C10/delay2/t01
    SLICE_X42Y51         LUT1 (Prop_lut1_I0_O)        0.124    11.976 f  C10/delay2/buf_inst_02/O
                         net (fo=1, routed)           0.161    12.137    C10/delay2/t02
    SLICE_X42Y51         LUT1 (Prop_lut1_I0_O)        0.124    12.261 f  C10/delay2/buf_inst_03/O
                         net (fo=1, routed)           0.466    12.727    C10/delay2/t03
    SLICE_X42Y51         LUT1 (Prop_lut1_I0_O)        0.124    12.851 f  C10/delay2/buf_inst_04/O
                         net (fo=1, routed)           0.872    13.724    C10/LB_out
    SLICE_X43Y51         LUT1 (Prop_lut1_I0_O)        0.124    13.848 r  C10/Ack_out_INST_0/O
                         net (fo=1, routed)           0.433    14.281    B_Stage/cb7/Ack_in_a
    SLICE_X43Y51         LUT2 (Prop_lut2_I0_O)        0.124    14.405 r  B_Stage/cb7/Ack_in_and_inferred_i_1/O
                         net (fo=2, routed)           1.101    15.505    B_Stage/cb7/CF1/Ack_in
    SLICE_X43Y56         LUT3 (Prop_lut3_I2_O)        0.124    15.629 f  B_Stage/cb7/CF1/nand5_out_inferred_i_1/O
                         net (fo=3, routed)           0.754    16.383    B_Stage/cb7/CF1/delay3/din
    SLICE_X42Y56         LUT1 (Prop_lut1_I0_O)        0.124    16.507 f  B_Stage/cb7/CF1/delay3/buf_inst_00/O
                         net (fo=1, routed)           0.984    17.491    B_Stage/cb7/CF1/delay3/t00
    SLICE_X42Y56         LUT1 (Prop_lut1_I0_O)        0.124    17.615 f  B_Stage/cb7/CF1/delay3/buf_inst_01/O
                         net (fo=1, routed)           0.466    18.081    B_Stage/cb7/CF1/delay3/t01
    SLICE_X42Y56         LUT1 (Prop_lut1_I0_O)        0.124    18.205 f  B_Stage/cb7/CF1/delay3/buf_inst_02/O
                         net (fo=1, routed)           0.680    18.885    B_Stage/cb7/CF1/delay3/t02
    SLICE_X42Y56         LUT1 (Prop_lut1_I0_O)        0.150    19.035 f  B_Stage/cb7/CF1/delay3/buf_inst_03/O
                         net (fo=1, routed)           0.845    19.881    B_Stage/cb7/CF1/delay3/t03
    SLICE_X42Y56         LUT1 (Prop_lut1_I0_O)        0.356    20.237 f  B_Stage/cb7/CF1/delay3/buf_inst_04/O
                         net (fo=2, routed)           0.302    20.539    B_Stage/cb7/CF1/delay4/din
    SLICE_X42Y56         LUT1 (Prop_lut1_I0_O)        0.341    20.880 f  B_Stage/cb7/CF1/delay4/buf_inst_00/O
                         net (fo=1, routed)           1.004    21.884    B_Stage/cb7/CF1/delay4/t00
    SLICE_X39Y51         LUT1 (Prop_lut1_I0_O)        0.331    22.215 f  B_Stage/cb7/CF1/delay4/buf_inst_01/O
                         net (fo=1, routed)           0.433    22.648    B_Stage/cb7/CF1/delay4/t01
    SLICE_X39Y51         LUT1 (Prop_lut1_I0_O)        0.124    22.772 f  B_Stage/cb7/CF1/delay4/buf_inst_02/O
                         net (fo=2, routed)           0.678    23.450    B_Stage/cb7/CF_Send_out
    SLICE_X39Y51         LUT2 (Prop_lut2_I0_O)        0.124    23.574 f  B_Stage/cb7/nand2_inferred_i_1/O
                         net (fo=3, routed)           0.607    24.181    M_Stage/cm0/arb/Send_in_b
    SLICE_X41Y50         LUT3 (Prop_lut3_I0_O)        0.124    24.305 r  M_Stage/cm0/arb/nand2_1_inferred_i_1/O
                         net (fo=1, routed)           0.505    24.810    M_Stage/cm0/arb/nand2_1
    SLICE_X40Y50         LUT3 (Prop_lut3_I2_O)        0.124    24.934 f  M_Stage/cm0/arb/nand2_2_inferred_i_1/O
                         net (fo=2, routed)           0.679    25.613    M_Stage/cm0/arb/nand2_2
    SLICE_X40Y50         LUT2 (Prop_lut2_I0_O)        0.124    25.737 r  M_Stage/cm0/arb/nand3_2_inferred_i_1/O
                         net (fo=2, routed)           0.816    26.553    M_Stage/cm0/arb/nand3_2
    SLICE_X39Y50         LUT3 (Prop_lut3_I1_O)        0.124    26.677 f  M_Stage/cm0/arb/nand4_2_inferred_i_1/O
                         net (fo=2, routed)           0.379    27.057    M_Stage/cm0/arb/nand4_2
    SLICE_X39Y50         LUT2 (Prop_lut2_I0_O)        0.124    27.181 r  M_Stage/cm0/arb/nand4_1_inferred_i_1/O
                         net (fo=2, routed)           0.608    27.789    M_Stage/cm0/cj2/g
    SLICE_X38Y48         LUT6 (Prop_lut6_I0_O)        0.124    27.913 f  M_Stage/cm0/cj2/nand3_out_inferred_i_1/O
                         net (fo=2, routed)           0.683    28.596    M_Stage/cm0/cj2/nand3_out
    SLICE_X38Y48         LUT2 (Prop_lut2_I0_O)        0.124    28.720 r  M_Stage/cm0/cj2/nand4_out_inferred_i_1/O
                         net (fo=1, routed)           0.162    28.882    M_Stage/cm0/cj2/nand4_out
    SLICE_X38Y48         LUT3 (Prop_lut3_I0_O)        0.124    29.006 f  M_Stage/cm0/cj2/nand5_out_inferred_i_1/O
                         net (fo=3, routed)           0.811    29.817    M_Stage/cm0/cj2/delay3/din
    SLICE_X37Y48         LUT1 (Prop_lut1_I0_O)        0.124    29.941 f  M_Stage/cm0/cj2/delay3/buf_inst_00/O
                         net (fo=1, routed)           0.433    30.374    M_Stage/cm0/cj2/delay3/t00
    SLICE_X37Y48         LUT1 (Prop_lut1_I0_O)        0.124    30.498 f  M_Stage/cm0/cj2/delay3/buf_inst_01/O
                         net (fo=1, routed)           0.665    31.163    M_Stage/cm0/cj2/delay3/t01
    SLICE_X37Y48         LUT1 (Prop_lut1_I0_O)        0.152    31.315 f  M_Stage/cm0/cj2/delay3/buf_inst_02/O
                         net (fo=1, routed)           0.848    32.163    M_Stage/cm0/cj2/delay3/t02
    SLICE_X37Y48         LUT1 (Prop_lut1_I0_O)        0.354    32.517 f  M_Stage/cm0/cj2/delay3/buf_inst_03/O
                         net (fo=1, routed)           0.267    32.783    M_Stage/cm0/cj2/delay3/t03
    SLICE_X37Y48         LUT1 (Prop_lut1_I0_O)        0.328    33.111 f  M_Stage/cm0/cj2/delay3/buf_inst_04/O
                         net (fo=2, routed)           0.301    33.412    M_Stage/cm0/cj2/delay4/din
    SLICE_X39Y48         LUT1 (Prop_lut1_I0_O)        0.327    33.739 f  M_Stage/cm0/cj2/delay4/buf_inst_00/O
                         net (fo=1, routed)           0.526    34.265    M_Stage/cm0/cj2/delay4/t00
    SLICE_X38Y48         LUT1 (Prop_lut1_I0_O)        0.124    34.389 f  M_Stage/cm0/cj2/delay4/buf_inst_01/O
                         net (fo=1, routed)           0.662    35.050    M_Stage/cm0/cj2/delay4/t01
    SLICE_X38Y50         LUT1 (Prop_lut1_I0_O)        0.124    35.174 f  M_Stage/cm0/cj2/delay4/buf_inst_02/O
                         net (fo=1, routed)           0.466    35.640    M_Stage/cm0/cj2/delay4/t02
    SLICE_X38Y50         LUT1 (Prop_lut1_I0_O)        0.124    35.764 f  M_Stage/cm0/cj2/delay4/buf_inst_03/O
                         net (fo=1, routed)           0.680    36.444    M_Stage/cm0/cj2/delay4/t03
    SLICE_X38Y50         LUT1 (Prop_lut1_I0_O)        0.150    36.594 f  M_Stage/cm0/cj2/delay4/buf_inst_04/O
                         net (fo=1, routed)           0.165    36.759    M_Stage/cm0/cj2/LD_out
    SLICE_X38Y50         LUT1 (Prop_lut1_I0_O)        0.328    37.087 r  M_Stage/cm0/cj2/Send_out_INST_0/O
                         net (fo=1, routed)           0.452    37.539    M_Stage/cm0/cop1
    SLICE_X38Y50         LUT2 (Prop_lut2_I1_O)        0.124    37.663 f  M_Stage/cm0/nor1_inferred_i_1/O
                         net (fo=2, routed)           0.816    38.479    MMCAM/c1/Send_in
    SLICE_X38Y53         LUT4 (Prop_lut4_I1_O)        0.124    38.603 r  MMCAM/c1/nand3_out_inferred_i_1/O
                         net (fo=2, routed)           0.841    39.444    MMCAM/c1/nand3_out
    SLICE_X38Y54         LUT2 (Prop_lut2_I0_O)        0.124    39.568 f  MMCAM/c1/nand4_out_inferred_i_1/O
                         net (fo=1, routed)           0.666    40.234    MMCAM/c1/nand4_out
    SLICE_X38Y54         LUT3 (Prop_lut3_I0_O)        0.124    40.358 r  MMCAM/c1/nand5_out_inferred_i_1/O
                         net (fo=3, routed)           0.963    41.321    MMCAM/c1/delay3/din
    SLICE_X41Y54         LUT1 (Prop_lut1_I0_O)        0.124    41.445 r  MMCAM/c1/delay3/buf_inst_00/O
                         net (fo=1, routed)           0.870    42.315    MMCAM/c1/delay3/t00
    SLICE_X40Y54         LUT1 (Prop_lut1_I0_O)        0.124    42.439 r  MMCAM/c1/delay3/buf_inst_01/O
                         net (fo=1, routed)           0.279    42.718    MMCAM/c1/delay3/t01
    SLICE_X40Y54         LUT1 (Prop_lut1_I0_O)        0.124    42.842 r  MMCAM/c1/delay3/buf_inst_02/O
                         net (fo=1, routed)           0.853    43.695    MMCAM/c1/delay3/t02
    SLICE_X40Y54         LUT1 (Prop_lut1_I0_O)        0.124    43.819 r  MMCAM/c1/delay3/buf_inst_03/O
                         net (fo=1, routed)           0.433    44.252    MMCAM/c1/delay3/t03
    SLICE_X40Y54         LUT1 (Prop_lut1_I0_O)        0.124    44.376 r  MMCAM/c1/delay3/buf_inst_04/O
                         net (fo=2, routed)           0.686    45.062    MMCAM/c1/delay4/din
    SLICE_X40Y54         LUT1 (Prop_lut1_I0_O)        0.152    45.214 r  MMCAM/c1/delay4/buf_inst_00/O
                         net (fo=1, routed)           0.851    46.066    MMCAM/c1/delay4/t00
    SLICE_X40Y54         LUT1 (Prop_lut1_I0_O)        0.354    46.420 r  MMCAM/c1/delay4/buf_inst_01/O
                         net (fo=1, routed)           0.288    46.708    MMCAM/c1/delay4/t01
    SLICE_X40Y54         LUT1 (Prop_lut1_I0_O)        0.328    47.036 r  MMCAM/c1/delay4/buf_inst_02/O
                         net (fo=1, routed)           0.809    47.844    MMCAM/c1/delay4/t02
    SLICE_X39Y54         LUT1 (Prop_lut1_I0_O)        0.327    48.171 r  MMCAM/c1/delay4/buf_inst_03/O
                         net (fo=1, routed)           0.264    48.436    MMCAM/c1/delay4/t03
    SLICE_X39Y54         LUT1 (Prop_lut1_I0_O)        0.124    48.560 r  MMCAM/c1/delay4/buf_inst_04/O
                         net (fo=2, routed)           0.812    49.372    MMRAM/ce2/cf0/Send_in
    SLICE_X38Y57         LUT4 (Prop_lut4_I1_O)        0.124    49.496 f  MMRAM/ce2/cf0/nand3_out_inferred_i_1/O
                         net (fo=2, routed)           0.701    50.197    MMRAM/ce2/cf0/nand3_out
    SLICE_X38Y57         LUT2 (Prop_lut2_I0_O)        0.124    50.321 r  MMRAM/ce2/cf0/nand4_out_inferred_i_1/O
                         net (fo=1, routed)           0.282    50.603    MMRAM/ce2/cf0/nand4_out
    SLICE_X38Y57         LUT3 (Prop_lut3_I0_O)        0.124    50.727 f  MMRAM/ce2/cf0/nand5_out_inferred_i_1/O
                         net (fo=3, routed)           0.808    51.535    MMRAM/ce2/cf0/delay3/din
    SLICE_X37Y57         LUT1 (Prop_lut1_I0_O)        0.124    51.659 f  MMRAM/ce2/cf0/delay3/buf_inst_00/O
                         net (fo=1, routed)           0.640    52.299    MMRAM/ce2/cf0/delay3/t00
    SLICE_X37Y57         LUT1 (Prop_lut1_I0_O)        0.124    52.423 f  MMRAM/ce2/cf0/delay3/buf_inst_01/O
                         net (fo=1, routed)           0.433    52.856    MMRAM/ce2/cf0/delay3/t01
    SLICE_X37Y57         LUT1 (Prop_lut1_I0_O)        0.124    52.980 f  MMRAM/ce2/cf0/delay3/buf_inst_02/O
                         net (fo=1, routed)           0.667    53.647    MMRAM/ce2/cf0/delay3/t02
    SLICE_X37Y57         LUT1 (Prop_lut1_I0_O)        0.152    53.799 f  MMRAM/ce2/cf0/delay3/buf_inst_03/O
                         net (fo=1, routed)           0.267    54.065    MMRAM/ce2/cf0/delay3/t03
    SLICE_X37Y57         LUT1 (Prop_lut1_I0_O)        0.328    54.393 f  MMRAM/ce2/cf0/delay3/buf_inst_04/O
                         net (fo=2, routed)           1.063    55.457    MMRAM/ce2/cf0/delay4/din
    SLICE_X32Y58         LUT1 (Prop_lut1_I0_O)        0.353    55.810 f  MMRAM/ce2/cf0/delay4/buf_inst_00/O
                         net (fo=1, routed)           0.848    56.658    MMRAM/ce2/cf0/delay4/t00
    SLICE_X32Y58         LUT1 (Prop_lut1_I0_O)        0.377    57.035 f  MMRAM/ce2/cf0/delay4/buf_inst_01/O
                         net (fo=1, routed)           0.692    57.727    MMRAM/ce2/cf0/delay4/t01
    SLICE_X32Y58         LUT1 (Prop_lut1_I0_O)        0.363    58.090 f  MMRAM/ce2/cf0/delay4/buf_inst_02/O
                         net (fo=2, routed)           0.468    58.558    MMRAM/ce2/CF_Send_out
    SLICE_X32Y58         LUT2 (Prop_lut2_I0_O)        0.355    58.913 f  MMRAM/ce2/or1_out_inferred_i_1/O
                         net (fo=2, routed)           0.997    59.910    PS_Stage/c3/Send_in
    SLICE_X22Y70         LUT4 (Prop_lut4_I1_O)        0.124    60.034 r  PS_Stage/c3/nand3_out_inferred_i_1/O
                         net (fo=2, routed)           0.681    60.714    PS_Stage/c3/nand3_out
    SLICE_X22Y70         LUT2 (Prop_lut2_I0_O)        0.124    60.838 f  PS_Stage/c3/nand4_out_inferred_i_1/O
                         net (fo=1, routed)           0.280    61.118    PS_Stage/c3/nand4_out
    SLICE_X22Y70         LUT3 (Prop_lut3_I0_O)        0.124    61.242 r  PS_Stage/c3/nand5_out_inferred_i_1/O
                         net (fo=3, routed)           0.602    61.844    PS_Stage/c3/delay3/din
    SLICE_X22Y71         LUT1 (Prop_lut1_I0_O)        0.124    61.968 r  PS_Stage/c3/delay3/buf_inst_00/O
                         net (fo=1, routed)           0.433    62.402    PS_Stage/c3/delay3/t00
    SLICE_X22Y71         LUT1 (Prop_lut1_I0_O)        0.124    62.526 r  PS_Stage/c3/delay3/buf_inst_01/O
                         net (fo=1, routed)           0.834    63.360    PS_Stage/c3/delay3/t01
    SLICE_X20Y71         LUT1 (Prop_lut1_I0_O)        0.124    63.484 r  PS_Stage/c3/delay3/buf_inst_02/O
                         net (fo=1, routed)           0.286    63.770    PS_Stage/c3/delay3/t02
    SLICE_X20Y71         LUT1 (Prop_lut1_I0_O)        0.124    63.894 r  PS_Stage/c3/delay3/buf_inst_03/O
                         net (fo=1, routed)           0.161    64.055    PS_Stage/c3/delay3/t03
    SLICE_X20Y71         LUT1 (Prop_lut1_I0_O)        0.124    64.179 r  PS_Stage/c3/delay3/buf_inst_04/O
                         net (fo=2, routed)           0.478    64.657    PS_Stage/c3/delay4/din
    SLICE_X20Y71         LUT1 (Prop_lut1_I0_O)        0.124    64.781 r  PS_Stage/c3/delay4/buf_inst_00/O
                         net (fo=1, routed)           0.873    65.655    PS_Stage/c3/delay4/t00
    SLICE_X21Y71         LUT1 (Prop_lut1_I0_O)        0.124    65.779 r  PS_Stage/c3/delay4/buf_inst_01/O
                         net (fo=1, routed)           0.264    66.043    PS_Stage/c3/delay4/t01
    SLICE_X21Y71         LUT1 (Prop_lut1_I0_O)        0.124    66.167 r  PS_Stage/c3/delay4/buf_inst_02/O
                         net (fo=1, routed)           0.149    66.316    PS_Stage/c3/delay4/t02
    SLICE_X21Y71         LUT1 (Prop_lut1_I0_O)        0.124    66.440 r  PS_Stage/c3/delay4/buf_inst_03/O
                         net (fo=1, routed)           0.433    66.873    PS_Stage/c3/delay4/t03
    SLICE_X21Y71         LUT1 (Prop_lut1_I0_O)        0.124    66.997 r  PS_Stage/c3/delay4/buf_inst_04/O
                         net (fo=2, routed)           1.172    68.170    FP_Stage/ce4/cf0/Send_in
    SLICE_X21Y75         LUT4 (Prop_lut4_I1_O)        0.124    68.294 f  FP_Stage/ce4/cf0/nand3_out_inferred_i_1/O
                         net (fo=2, routed)           0.826    69.119    FP_Stage/ce4/cf0/nand3_out
    SLICE_X23Y75         LUT2 (Prop_lut2_I0_O)        0.124    69.243 r  FP_Stage/ce4/cf0/nand4_out_inferred_i_1/O
                         net (fo=1, routed)           0.151    69.395    FP_Stage/ce4/cf0/nand4_out
    SLICE_X23Y75         LUT3 (Prop_lut3_I0_O)        0.124    69.519 f  FP_Stage/ce4/cf0/nand5_out_inferred_i_1/O
                         net (fo=3, routed)           0.831    70.350    FP_Stage/ce4/cf0/delay3/din
    SLICE_X21Y75         LUT1 (Prop_lut1_I0_O)        0.124    70.474 f  FP_Stage/ce4/cf0/delay3/buf_inst_00/O
                         net (fo=1, routed)           0.433    70.907    FP_Stage/ce4/cf0/delay3/t00
    SLICE_X21Y75         LUT1 (Prop_lut1_I0_O)        0.124    71.031 f  FP_Stage/ce4/cf0/delay3/buf_inst_01/O
                         net (fo=1, routed)           0.665    71.696    FP_Stage/ce4/cf0/delay3/t01
    SLICE_X21Y75         LUT1 (Prop_lut1_I0_O)        0.152    71.848 f  FP_Stage/ce4/cf0/delay3/buf_inst_02/O
                         net (fo=1, routed)           0.458    72.306    FP_Stage/ce4/cf0/delay3/t02
    SLICE_X21Y75         LUT1 (Prop_lut1_I0_O)        0.321    72.627 f  FP_Stage/ce4/cf0/delay3/buf_inst_03/O
                         net (fo=1, routed)           0.267    72.893    FP_Stage/ce4/cf0/delay3/t03
    SLICE_X21Y75         LUT1 (Prop_lut1_I0_O)        0.328    73.221 f  FP_Stage/ce4/cf0/delay3/buf_inst_04/O
                         net (fo=2, routed)           1.018    74.240    FP_Stage/ce4/cf0/delay4/din
    SLICE_X20Y85         LUT1 (Prop_lut1_I0_O)        0.351    74.591 f  FP_Stage/ce4/cf0/delay4/buf_inst_00/O
                         net (fo=1, routed)           0.845    75.436    FP_Stage/ce4/cf0/delay4/t00
    SLICE_X20Y85         LUT1 (Prop_lut1_I0_O)        0.356    75.792 f  FP_Stage/ce4/cf0/delay4/buf_inst_01/O
                         net (fo=1, routed)           0.286    76.078    FP_Stage/ce4/cf0/delay4/t01
    SLICE_X20Y85         LUT1 (Prop_lut1_I0_O)        0.341    76.419 f  FP_Stage/ce4/cf0/delay4/buf_inst_02/O
                         net (fo=2, routed)           0.304    76.723    FP_Stage/ce4/CF_Send_out
    SLICE_X20Y85         LUT2 (Prop_lut2_I0_O)        0.331    77.054 f  FP_Stage/ce4/or1_out_inferred_i_1/O
                         net (fo=2, routed)           1.012    78.066    MA_Stage/c5/Send_in
    SLICE_X23Y91         LUT4 (Prop_lut4_I1_O)        0.124    78.190 r  MA_Stage/c5/nand3_out_inferred_i_1/O
                         net (fo=2, routed)           0.592    78.782    MA_Stage/c5/nand3_out
    SLICE_X24Y91         LUT2 (Prop_lut2_I0_O)        0.124    78.906 f  MA_Stage/c5/nand4_out_inferred_i_1/O
                         net (fo=1, routed)           0.452    79.358    MA_Stage/c5/nand4_out
    SLICE_X24Y91         LUT3 (Prop_lut3_I0_O)        0.124    79.482 r  MA_Stage/c5/nand5_out_inferred_i_1/O
                         net (fo=3, routed)           0.522    80.004    MA_Stage/c5/delay3/din
    SLICE_X25Y91         LUT1 (Prop_lut1_I0_O)        0.124    80.128 r  MA_Stage/c5/delay3/buf_inst_00/O
                         net (fo=1, routed)           0.149    80.277    MA_Stage/c5/delay3/t00
    SLICE_X25Y91         LUT1 (Prop_lut1_I0_O)        0.124    80.401 r  MA_Stage/c5/delay3/buf_inst_01/O
                         net (fo=1, routed)           0.433    80.835    MA_Stage/c5/delay3/t01
    SLICE_X25Y91         LUT1 (Prop_lut1_I0_O)        0.124    80.959 r  MA_Stage/c5/delay3/buf_inst_02/O
                         net (fo=1, routed)           0.517    81.476    MA_Stage/c5/delay3/t02
    SLICE_X24Y91         LUT1 (Prop_lut1_I0_O)        0.124    81.600 r  MA_Stage/c5/delay3/buf_inst_03/O
                         net (fo=1, routed)           0.466    82.065    MA_Stage/c5/delay3/t03
    SLICE_X24Y91         LUT1 (Prop_lut1_I0_O)        0.124    82.189 r  MA_Stage/c5/delay3/buf_inst_04/O
                         net (fo=2, routed)           0.904    83.094    MA_Stage/c5/delay4/din
    SLICE_X27Y91         LUT1 (Prop_lut1_I0_O)        0.124    83.218 r  MA_Stage/c5/delay4/buf_inst_00/O
                         net (fo=1, routed)           0.505    83.723    MA_Stage/c5/delay4/t00
    SLICE_X26Y91         LUT1 (Prop_lut1_I0_O)        0.124    83.847 r  MA_Stage/c5/delay4/buf_inst_01/O
                         net (fo=1, routed)           0.279    84.126    MA_Stage/c5/delay4/t01
    SLICE_X26Y91         LUT1 (Prop_lut1_I0_O)        0.124    84.250 r  MA_Stage/c5/delay4/buf_inst_02/O
                         net (fo=1, routed)           0.158    84.408    MA_Stage/c5/delay4/t02
    SLICE_X26Y91         LUT1 (Prop_lut1_I0_O)        0.124    84.532 r  MA_Stage/c5/delay4/buf_inst_03/O
                         net (fo=1, routed)           0.433    84.966    MA_Stage/c5/delay4/t03
    SLICE_X26Y91         LUT1 (Prop_lut1_I0_O)        0.124    85.090 r  MA_Stage/c5/delay4/buf_inst_04/O
                         net (fo=2, routed)           0.897    85.986    COPY_Stage/cx2_6/cf0/Send_in
    SLICE_X32Y91         LUT4 (Prop_lut4_I1_O)        0.124    86.110 f  COPY_Stage/cx2_6/cf0/nand3_out_inferred_i_1/O
                         net (fo=2, routed)           0.683    86.793    COPY_Stage/cx2_6/cf0/nand3_out
    SLICE_X32Y91         LUT2 (Prop_lut2_I0_O)        0.124    86.917 r  COPY_Stage/cx2_6/cf0/nand4_out_inferred_i_1/O
                         net (fo=1, routed)           0.162    87.079    COPY_Stage/cx2_6/cf0/nand4_out
    SLICE_X32Y91         LUT3 (Prop_lut3_I0_O)        0.124    87.203 f  COPY_Stage/cx2_6/cf0/nand5_out_inferred_i_1/O
                         net (fo=3, routed)           0.679    87.882    COPY_Stage/cx2_6/cf0/delay3/din
    SLICE_X33Y91         LUT1 (Prop_lut1_I0_O)        0.124    88.006 f  COPY_Stage/cx2_6/cf0/delay3/buf_inst_00/O
                         net (fo=1, routed)           0.264    88.270    COPY_Stage/cx2_6/cf0/delay3/t00
    SLICE_X33Y91         LUT1 (Prop_lut1_I0_O)        0.124    88.394 f  COPY_Stage/cx2_6/cf0/delay3/buf_inst_01/O
                         net (fo=1, routed)           0.291    88.685    COPY_Stage/cx2_6/cf0/delay3/t01
    SLICE_X33Y92         LUT1 (Prop_lut1_I0_O)        0.124    88.809 f  COPY_Stage/cx2_6/cf0/delay3/buf_inst_02/O
                         net (fo=1, routed)           0.655    89.464    COPY_Stage/cx2_6/cf0/delay3/t02
    SLICE_X32Y92         LUT1 (Prop_lut1_I0_O)        0.124    89.588 f  COPY_Stage/cx2_6/cf0/delay3/buf_inst_03/O
                         net (fo=1, routed)           0.466    90.054    COPY_Stage/cx2_6/cf0/delay3/t03
    SLICE_X32Y92         LUT1 (Prop_lut1_I0_O)        0.124    90.178 f  COPY_Stage/cx2_6/cf0/delay3/buf_inst_04/O
                         net (fo=2, routed)           0.866    91.044    COPY_Stage/cx2_6/cf0/delay4/din
    SLICE_X36Y88         LUT1 (Prop_lut1_I0_O)        0.124    91.168 f  COPY_Stage/cx2_6/cf0/delay4/buf_inst_00/O
                         net (fo=1, routed)           0.853    92.021    COPY_Stage/cx2_6/cf0/delay4/t00
    SLICE_X36Y88         LUT1 (Prop_lut1_I0_O)        0.124    92.145 f  COPY_Stage/cx2_6/cf0/delay4/buf_inst_01/O
                         net (fo=1, routed)           0.658    92.803    COPY_Stage/cx2_6/cf0/delay4/t01
    SLICE_X37Y88         LUT1 (Prop_lut1_I0_O)        0.124    92.927 f  COPY_Stage/cx2_6/cf0/delay4/buf_inst_02/O
                         net (fo=3, routed)           0.869    93.796    COPY_Stage/cx2_6/CF1_Send_out
    SLICE_X37Y88         LUT2 (Prop_lut2_I0_O)        0.124    93.920 f  COPY_Stage/cx2_6/nand2_inferred_i_1/O
                         net (fo=1, routed)           0.648    94.568    COPY_Stage/cx2_6/nand2
    SLICE_X37Y88         LUT2 (Prop_lut2_I1_O)        0.124    94.692 f  COPY_Stage/cx2_6/and2_inferred_i_1/O
                         net (fo=2, routed)           1.804    96.496    B_Stage/cb7/CF1/Send_in
    SLICE_X43Y56         LUT4 (Prop_lut4_I1_O)        0.124    96.620 r  B_Stage/cb7/CF1/nand3_out_inferred_i_1/O
                         net (fo=2, routed)           0.264    96.885    B_Stage/cb7/CF1/nand3_out
    SLICE_X43Y56         LUT3 (Prop_lut3_I2_O)        0.124    97.009 f  B_Stage/cb7/CF1/nand2_out_inferred_i_1/O
                         net (fo=1, routed)           0.154    97.162    B_Stage/cb7/CF1/nand2_out
    SLICE_X43Y56         LUT2 (Prop_lut2_I1_O)        0.124    97.286 r  B_Stage/cb7/CF1/nand1_out_inferred_i_1/O
                         net (fo=3, routed)           0.680    97.967    B_Stage/cb7/CF1/delay2/din
    SLICE_X42Y58         LUT1 (Prop_lut1_I0_O)        0.124    98.091 r  B_Stage/cb7/CF1/delay2/buf_inst_00/O
                         net (fo=1, routed)           0.466    98.557    B_Stage/cb7/CF1/delay2/t00
    SLICE_X42Y58         LUT1 (Prop_lut1_I0_O)        0.124    98.681 r  B_Stage/cb7/CF1/delay2/buf_inst_01/O
                         net (fo=1, routed)           1.340   100.021    B_Stage/cb7/CF1/delay2/t01
    SLICE_X43Y73         LUT1 (Prop_lut1_I0_O)        0.124   100.145 r  B_Stage/cb7/CF1/delay2/buf_inst_02/O
                         net (fo=1, routed)           0.433   100.578    B_Stage/cb7/CF1/LB_out
    SLICE_X43Y73         LUT1 (Prop_lut1_I0_O)        0.124   100.702 f  B_Stage/cb7/CF1/Ack_out_INST_0/O
                         net (fo=4, routed)           1.607   102.309    COPY_Stage/cx2_6/cf1/Ack_in
    SLICE_X38Y89         LUT3 (Prop_lut3_I2_O)        0.124   102.433 r  COPY_Stage/cx2_6/cf1/nand5_out_inferred_i_1/O
                         net (fo=3, routed)           0.588   103.021    COPY_Stage/cx2_6/cf1/delay3/din
    SLICE_X37Y89         LUT1 (Prop_lut1_I0_O)        0.124   103.145 r  COPY_Stage/cx2_6/cf1/delay3/buf_inst_00/O
                         net (fo=1, routed)           0.264   103.410    COPY_Stage/cx2_6/cf1/delay3/t00
    SLICE_X37Y89         LUT1 (Prop_lut1_I0_O)        0.124   103.534 r  COPY_Stage/cx2_6/cf1/delay3/buf_inst_01/O
                         net (fo=1, routed)           0.656   104.190    COPY_Stage/cx2_6/cf1/delay3/t01
    SLICE_X36Y89         LUT1 (Prop_lut1_I0_O)        0.124   104.314 r  COPY_Stage/cx2_6/cf1/delay3/buf_inst_02/O
                         net (fo=1, routed)           0.279   104.593    COPY_Stage/cx2_6/cf1/delay3/t02
    SLICE_X36Y89         LUT1 (Prop_lut1_I0_O)        0.124   104.717 r  COPY_Stage/cx2_6/cf1/delay3/buf_inst_03/O
                         net (fo=1, routed)           0.652   105.368    COPY_Stage/cx2_6/cf1/delay3/t03
    SLICE_X36Y88         LUT1 (Prop_lut1_I0_O)        0.153   105.521 r  COPY_Stage/cx2_6/cf1/delay3/buf_inst_04/O
                         net (fo=2, routed)           0.605   106.127    COPY_Stage/cx2_6/cf1/LC_out
    SLICE_X38Y88         LUT4 (Prop_lut4_I3_O)        0.327   106.454 f  COPY_Stage/cx2_6/cf1/nand3_out_inferred_i_1/O
                         net (fo=2, routed)           0.427   106.880    COPY_Stage/cx2_6/cf1/nand3_out
    SLICE_X38Y89         LUT3 (Prop_lut3_I2_O)        0.124   107.004 r  COPY_Stage/cx2_6/cf1/nand2_out_inferred_i_1/O
                         net (fo=1, routed)           0.493   107.497    COPY_Stage/cx2_6/cf1/nand2_out
    SLICE_X39Y89         LUT2 (Prop_lut2_I1_O)        0.124   107.621 f  COPY_Stage/cx2_6/cf1/nand1_out_inferred_i_1/O
                         net (fo=3, routed)           0.849   108.470    COPY_Stage/cx2_6/cf1/delay2/din
    SLICE_X38Y88         LUT1 (Prop_lut1_I0_O)        0.124   108.594 f  COPY_Stage/cx2_6/cf1/delay2/buf_inst_00/O
                         net (fo=1, routed)           0.857   109.451    COPY_Stage/cx2_6/cf1/delay2/t00
    SLICE_X36Y88         LUT1 (Prop_lut1_I0_O)        0.150   109.601 f  COPY_Stage/cx2_6/cf1/delay2/buf_inst_01/O
                         net (fo=1, routed)           0.851   110.452    COPY_Stage/cx2_6/cf1/delay2/t01
    SLICE_X36Y88         LUT1 (Prop_lut1_I0_O)        0.354   110.806 f  COPY_Stage/cx2_6/cf1/delay2/buf_inst_02/O
                         net (fo=1, routed)           0.283   111.089    COPY_Stage/cx2_6/cf1/LB_out
    SLICE_X36Y88         LUT1 (Prop_lut1_I0_O)        0.332   111.421 r  COPY_Stage/cx2_6/cf1/Ack_out_INST_0/O
                         net (fo=1, routed)           0.674   112.095    COPY_Stage/cx2_6/CF2_Ack_out
    SLICE_X36Y88         LUT2 (Prop_lut2_I1_O)        0.124   112.219 r  COPY_Stage/cx2_6/or2_inferred_i_1/O
                         net (fo=2, routed)           0.682   112.901    COPY_Stage/cx2_6/dl1s/sd
    SLICE_X36Y88         LUT1 (Prop_lut1_I0_O)        0.149   113.050 f  COPY_Stage/cx2_6/dl1s/w_q_i_2/O
                         net (fo=3, routed)           0.606   113.656    COPY_Stage/cx2_6/dl1s/w_q_i_2_n_0
    SLICE_X35Y87         FDPE                                         f  COPY_Stage/cx2_6/dl1s/w_q_reg_P/PRE
  -------------------------------------------------------------------    -------------------

Slack:                    inf
  Source:                 MR
                            (input port)
  Destination:            B_Stage/subps/U0/inst_blk_mem_gen/gnbram.gnativebmg.native_blk_mem_gen/valid.cstr/ramloop[0].ram.r/prim_init.ram/DEVICE_7SERIES.NO_BMM_INFO.SP.WIDE_PRIM18.ram/ADDRARDADDR[10]
  Path Group:             (none)
  Path Type:              Max at Slow Process Corner
  Data Path Delay:        106.393ns  (logic 22.938ns (21.560%)  route 83.455ns (78.440%))
  Logic Levels:           136  (IBUF=1 LUT1=90 LUT2=20 LUT3=16 LUT4=8 LUT6=1)

    Location             Delay type                Incr(ns)  Path(ns)    Netlist Resource(s)
  -------------------------------------------------------------------    -------------------
    T15                                               0.000     0.000 f  MR (IN)
                         net (fo=0)                   0.000     0.000    MR
    T15                  IBUF (Prop_ibuf_I_O)         0.996     0.996 f  MR_IBUF_inst/O
                         net (fo=1735, routed)        1.900     2.896    C10/MR
    SLICE_X41Y47         LUT1 (Prop_lut1_I0_O)        0.124     3.020 r  C10/not_out_inferred_i_1/O
                         net (fo=2, routed)           0.591     3.612    C10/not_out
    SLICE_X42Y47         LUT3 (Prop_lut3_I1_O)        0.124     3.736 f  C10/nand5_out_inferred_i_1/O
                         net (fo=3, routed)           0.597     4.332    C10/delay3/din
    SLICE_X40Y47         LUT1 (Prop_lut1_I0_O)        0.150     4.482 f  C10/delay3/buf_inst_00/O
                         net (fo=1, routed)           0.851     5.334    C10/delay3/t00
    SLICE_X40Y47         LUT1 (Prop_lut1_I0_O)        0.354     5.688 f  C10/delay3/buf_inst_01/O
                         net (fo=1, routed)           0.963     6.650    C10/delay3/t01
    SLICE_X43Y45         LUT1 (Prop_lut1_I0_O)        0.332     6.982 f  C10/delay3/buf_inst_02/O
                         net (fo=1, routed)           0.264     7.247    C10/delay3/t02
    SLICE_X43Y45         LUT1 (Prop_lut1_I0_O)        0.124     7.371 f  C10/delay3/buf_inst_03/O
                         net (fo=1, routed)           0.149     7.520    C10/delay3/t03
    SLICE_X43Y45         LUT1 (Prop_lut1_I0_O)        0.124     7.644 f  C10/delay3/buf_inst_04/O
                         net (fo=2, routed)           0.320     7.964    C10/LC_out
    SLICE_X42Y47         LUT4 (Prop_lut4_I3_O)        0.124     8.088 r  C10/nand3_out_inferred_i_1/O
                         net (fo=2, routed)           0.298     8.385    C10/nand3_out
    SLICE_X42Y47         LUT3 (Prop_lut3_I2_O)        0.124     8.509 f  C10/nand2_out_inferred_i_1/O
                         net (fo=1, routed)           0.656     9.165    C10/nand2_out
    SLICE_X43Y47         LUT2 (Prop_lut2_I1_O)        0.124     9.289 r  C10/nand1_out_inferred_i_1/O
                         net (fo=3, routed)           1.300    10.589    C10/delay2/din
    SLICE_X43Y51         LUT1 (Prop_lut1_I0_O)        0.124    10.713 r  C10/delay2/buf_inst_00/O
                         net (fo=1, routed)           0.729    11.442    C10/delay2/t00
    SLICE_X42Y51         LUT1 (Prop_lut1_I0_O)        0.124    11.566 r  C10/delay2/buf_inst_01/O
                         net (fo=1, routed)           0.286    11.852    C10/delay2/t01
    SLICE_X42Y51         LUT1 (Prop_lut1_I0_O)        0.124    11.976 r  C10/delay2/buf_inst_02/O
                         net (fo=1, routed)           0.161    12.137    C10/delay2/t02
    SLICE_X42Y51         LUT1 (Prop_lut1_I0_O)        0.124    12.261 r  C10/delay2/buf_inst_03/O
                         net (fo=1, routed)           0.466    12.727    C10/delay2/t03
    SLICE_X42Y51         LUT1 (Prop_lut1_I0_O)        0.124    12.851 r  C10/delay2/buf_inst_04/O
                         net (fo=1, routed)           0.872    13.724    C10/LB_out
    SLICE_X43Y51         LUT1 (Prop_lut1_I0_O)        0.124    13.848 f  C10/Ack_out_INST_0/O
                         net (fo=1, routed)           0.433    14.281    B_Stage/cb7/Ack_in_a
    SLICE_X43Y51         LUT2 (Prop_lut2_I0_O)        0.124    14.405 f  B_Stage/cb7/Ack_in_and_inferred_i_1/O
                         net (fo=2, routed)           1.101    15.505    B_Stage/cb7/CF1/Ack_in
    SLICE_X43Y56         LUT3 (Prop_lut3_I2_O)        0.124    15.629 r  B_Stage/cb7/CF1/nand5_out_inferred_i_1/O
                         net (fo=3, routed)           0.754    16.383    B_Stage/cb7/CF1/delay3/din
    SLICE_X42Y56         LUT1 (Prop_lut1_I0_O)        0.124    16.507 r  B_Stage/cb7/CF1/delay3/buf_inst_00/O
                         net (fo=1, routed)           0.984    17.491    B_Stage/cb7/CF1/delay3/t00
    SLICE_X42Y56         LUT1 (Prop_lut1_I0_O)        0.124    17.615 r  B_Stage/cb7/CF1/delay3/buf_inst_01/O
                         net (fo=1, routed)           0.466    18.081    B_Stage/cb7/CF1/delay3/t01
    SLICE_X42Y56         LUT1 (Prop_lut1_I0_O)        0.124    18.205 r  B_Stage/cb7/CF1/delay3/buf_inst_02/O
                         net (fo=1, routed)           0.680    18.885    B_Stage/cb7/CF1/delay3/t02
    SLICE_X42Y56         LUT1 (Prop_lut1_I0_O)        0.150    19.035 r  B_Stage/cb7/CF1/delay3/buf_inst_03/O
                         net (fo=1, routed)           0.845    19.881    B_Stage/cb7/CF1/delay3/t03
    SLICE_X42Y56         LUT1 (Prop_lut1_I0_O)        0.356    20.237 r  B_Stage/cb7/CF1/delay3/buf_inst_04/O
                         net (fo=2, routed)           0.302    20.539    B_Stage/cb7/CF1/delay4/din
    SLICE_X42Y56         LUT1 (Prop_lut1_I0_O)        0.341    20.880 r  B_Stage/cb7/CF1/delay4/buf_inst_00/O
                         net (fo=1, routed)           1.004    21.884    B_Stage/cb7/CF1/delay4/t00
    SLICE_X39Y51         LUT1 (Prop_lut1_I0_O)        0.331    22.215 r  B_Stage/cb7/CF1/delay4/buf_inst_01/O
                         net (fo=1, routed)           0.433    22.648    B_Stage/cb7/CF1/delay4/t01
    SLICE_X39Y51         LUT1 (Prop_lut1_I0_O)        0.124    22.772 r  B_Stage/cb7/CF1/delay4/buf_inst_02/O
                         net (fo=2, routed)           0.678    23.450    B_Stage/cb7/CF_Send_out
    SLICE_X39Y51         LUT2 (Prop_lut2_I0_O)        0.124    23.574 r  B_Stage/cb7/nand2_inferred_i_1/O
                         net (fo=3, routed)           0.607    24.181    M_Stage/cm0/arb/Send_in_b
    SLICE_X41Y50         LUT3 (Prop_lut3_I0_O)        0.124    24.305 f  M_Stage/cm0/arb/nand2_1_inferred_i_1/O
                         net (fo=1, routed)           0.505    24.810    M_Stage/cm0/arb/nand2_1
    SLICE_X40Y50         LUT3 (Prop_lut3_I2_O)        0.124    24.934 r  M_Stage/cm0/arb/nand2_2_inferred_i_1/O
                         net (fo=2, routed)           0.679    25.613    M_Stage/cm0/arb/nand2_2
    SLICE_X40Y50         LUT2 (Prop_lut2_I0_O)        0.124    25.737 f  M_Stage/cm0/arb/nand3_2_inferred_i_1/O
                         net (fo=2, routed)           0.816    26.553    M_Stage/cm0/arb/nand3_2
    SLICE_X39Y50         LUT3 (Prop_lut3_I1_O)        0.124    26.677 r  M_Stage/cm0/arb/nand4_2_inferred_i_1/O
                         net (fo=2, routed)           0.379    27.057    M_Stage/cm0/arb/nand4_2
    SLICE_X39Y50         LUT2 (Prop_lut2_I0_O)        0.124    27.181 f  M_Stage/cm0/arb/nand4_1_inferred_i_1/O
                         net (fo=2, routed)           0.608    27.789    M_Stage/cm0/cj2/g
    SLICE_X38Y48         LUT6 (Prop_lut6_I0_O)        0.124    27.913 r  M_Stage/cm0/cj2/nand3_out_inferred_i_1/O
                         net (fo=2, routed)           0.683    28.596    M_Stage/cm0/cj2/nand3_out
    SLICE_X38Y48         LUT2 (Prop_lut2_I0_O)        0.124    28.720 f  M_Stage/cm0/cj2/nand4_out_inferred_i_1/O
                         net (fo=1, routed)           0.162    28.882    M_Stage/cm0/cj2/nand4_out
    SLICE_X38Y48         LUT3 (Prop_lut3_I0_O)        0.124    29.006 r  M_Stage/cm0/cj2/nand5_out_inferred_i_1/O
                         net (fo=3, routed)           0.811    29.817    M_Stage/cm0/cj2/delay3/din
    SLICE_X37Y48         LUT1 (Prop_lut1_I0_O)        0.124    29.941 r  M_Stage/cm0/cj2/delay3/buf_inst_00/O
                         net (fo=1, routed)           0.433    30.374    M_Stage/cm0/cj2/delay3/t00
    SLICE_X37Y48         LUT1 (Prop_lut1_I0_O)        0.124    30.498 r  M_Stage/cm0/cj2/delay3/buf_inst_01/O
                         net (fo=1, routed)           0.665    31.163    M_Stage/cm0/cj2/delay3/t01
    SLICE_X37Y48         LUT1 (Prop_lut1_I0_O)        0.152    31.315 r  M_Stage/cm0/cj2/delay3/buf_inst_02/O
                         net (fo=1, routed)           0.848    32.163    M_Stage/cm0/cj2/delay3/t02
    SLICE_X37Y48         LUT1 (Prop_lut1_I0_O)        0.354    32.517 r  M_Stage/cm0/cj2/delay3/buf_inst_03/O
                         net (fo=1, routed)           0.267    32.783    M_Stage/cm0/cj2/delay3/t03
    SLICE_X37Y48         LUT1 (Prop_lut1_I0_O)        0.328    33.111 r  M_Stage/cm0/cj2/delay3/buf_inst_04/O
                         net (fo=2, routed)           0.301    33.412    M_Stage/cm0/cj2/delay4/din
    SLICE_X39Y48         LUT1 (Prop_lut1_I0_O)        0.327    33.739 r  M_Stage/cm0/cj2/delay4/buf_inst_00/O
                         net (fo=1, routed)           0.526    34.265    M_Stage/cm0/cj2/delay4/t00
    SLICE_X38Y48         LUT1 (Prop_lut1_I0_O)        0.124    34.389 r  M_Stage/cm0/cj2/delay4/buf_inst_01/O
                         net (fo=1, routed)           0.662    35.050    M_Stage/cm0/cj2/delay4/t01
    SLICE_X38Y50         LUT1 (Prop_lut1_I0_O)        0.124    35.174 r  M_Stage/cm0/cj2/delay4/buf_inst_02/O
                         net (fo=1, routed)           0.466    35.640    M_Stage/cm0/cj2/delay4/t02
    SLICE_X38Y50         LUT1 (Prop_lut1_I0_O)        0.124    35.764 r  M_Stage/cm0/cj2/delay4/buf_inst_03/O
                         net (fo=1, routed)           0.680    36.444    M_Stage/cm0/cj2/delay4/t03
    SLICE_X38Y50         LUT1 (Prop_lut1_I0_O)        0.150    36.594 r  M_Stage/cm0/cj2/delay4/buf_inst_04/O
                         net (fo=1, routed)           0.165    36.759    M_Stage/cm0/cj2/LD_out
    SLICE_X38Y50         LUT1 (Prop_lut1_I0_O)        0.328    37.087 f  M_Stage/cm0/cj2/Send_out_INST_0/O
                         net (fo=1, routed)           0.452    37.539    M_Stage/cm0/cop1
    SLICE_X38Y50         LUT2 (Prop_lut2_I1_O)        0.124    37.663 r  M_Stage/cm0/nor1_inferred_i_1/O
                         net (fo=2, routed)           0.816    38.479    MMCAM/c1/Send_in
    SLICE_X38Y53         LUT4 (Prop_lut4_I1_O)        0.124    38.603 f  MMCAM/c1/nand3_out_inferred_i_1/O
                         net (fo=2, routed)           0.841    39.444    MMCAM/c1/nand3_out
    SLICE_X38Y54         LUT2 (Prop_lut2_I0_O)        0.124    39.568 r  MMCAM/c1/nand4_out_inferred_i_1/O
                         net (fo=1, routed)           0.666    40.234    MMCAM/c1/nand4_out
    SLICE_X38Y54         LUT3 (Prop_lut3_I0_O)        0.124    40.358 f  MMCAM/c1/nand5_out_inferred_i_1/O
                         net (fo=3, routed)           0.963    41.321    MMCAM/c1/delay3/din
    SLICE_X41Y54         LUT1 (Prop_lut1_I0_O)        0.124    41.445 f  MMCAM/c1/delay3/buf_inst_00/O
                         net (fo=1, routed)           0.870    42.315    MMCAM/c1/delay3/t00
    SLICE_X40Y54         LUT1 (Prop_lut1_I0_O)        0.124    42.439 f  MMCAM/c1/delay3/buf_inst_01/O
                         net (fo=1, routed)           0.279    42.718    MMCAM/c1/delay3/t01
    SLICE_X40Y54         LUT1 (Prop_lut1_I0_O)        0.124    42.842 f  MMCAM/c1/delay3/buf_inst_02/O
                         net (fo=1, routed)           0.853    43.695    MMCAM/c1/delay3/t02
    SLICE_X40Y54         LUT1 (Prop_lut1_I0_O)        0.124    43.819 f  MMCAM/c1/delay3/buf_inst_03/O
                         net (fo=1, routed)           0.433    44.252    MMCAM/c1/delay3/t03
    SLICE_X40Y54         LUT1 (Prop_lut1_I0_O)        0.124    44.376 f  MMCAM/c1/delay3/buf_inst_04/O
                         net (fo=2, routed)           0.686    45.062    MMCAM/c1/delay4/din
    SLICE_X40Y54         LUT1 (Prop_lut1_I0_O)        0.152    45.214 f  MMCAM/c1/delay4/buf_inst_00/O
                         net (fo=1, routed)           0.851    46.066    MMCAM/c1/delay4/t00
    SLICE_X40Y54         LUT1 (Prop_lut1_I0_O)        0.354    46.420 f  MMCAM/c1/delay4/buf_inst_01/O
                         net (fo=1, routed)           0.288    46.708    MMCAM/c1/delay4/t01
    SLICE_X40Y54         LUT1 (Prop_lut1_I0_O)        0.328    47.036 f  MMCAM/c1/delay4/buf_inst_02/O
                         net (fo=1, routed)           0.809    47.844    MMCAM/c1/delay4/t02
    SLICE_X39Y54         LUT1 (Prop_lut1_I0_O)        0.327    48.171 f  MMCAM/c1/delay4/buf_inst_03/O
                         net (fo=1, routed)           0.264    48.436    MMCAM/c1/delay4/t03
    SLICE_X39Y54         LUT1 (Prop_lut1_I0_O)        0.124    48.560 f  MMCAM/c1/delay4/buf_inst_04/O
                         net (fo=2, routed)           0.812    49.372    MMRAM/ce2/cf0/Send_in
    SLICE_X38Y57         LUT4 (Prop_lut4_I1_O)        0.124    49.496 r  MMRAM/ce2/cf0/nand3_out_inferred_i_1/O
                         net (fo=2, routed)           0.701    50.197    MMRAM/ce2/cf0/nand3_out
    SLICE_X38Y57         LUT2 (Prop_lut2_I0_O)        0.124    50.321 f  MMRAM/ce2/cf0/nand4_out_inferred_i_1/O
                         net (fo=1, routed)           0.282    50.603    MMRAM/ce2/cf0/nand4_out
    SLICE_X38Y57         LUT3 (Prop_lut3_I0_O)        0.124    50.727 r  MMRAM/ce2/cf0/nand5_out_inferred_i_1/O
                         net (fo=3, routed)           0.808    51.535    MMRAM/ce2/cf0/delay3/din
    SLICE_X37Y57         LUT1 (Prop_lut1_I0_O)        0.124    51.659 r  MMRAM/ce2/cf0/delay3/buf_inst_00/O
                         net (fo=1, routed)           0.640    52.299    MMRAM/ce2/cf0/delay3/t00
    SLICE_X37Y57         LUT1 (Prop_lut1_I0_O)        0.124    52.423 r  MMRAM/ce2/cf0/delay3/buf_inst_01/O
                         net (fo=1, routed)           0.433    52.856    MMRAM/ce2/cf0/delay3/t01
    SLICE_X37Y57         LUT1 (Prop_lut1_I0_O)        0.124    52.980 r  MMRAM/ce2/cf0/delay3/buf_inst_02/O
                         net (fo=1, routed)           0.667    53.647    MMRAM/ce2/cf0/delay3/t02
    SLICE_X37Y57         LUT1 (Prop_lut1_I0_O)        0.152    53.799 r  MMRAM/ce2/cf0/delay3/buf_inst_03/O
                         net (fo=1, routed)           0.267    54.065    MMRAM/ce2/cf0/delay3/t03
    SLICE_X37Y57         LUT1 (Prop_lut1_I0_O)        0.328    54.393 r  MMRAM/ce2/cf0/delay3/buf_inst_04/O
                         net (fo=2, routed)           1.063    55.457    MMRAM/ce2/cf0/delay4/din
    SLICE_X32Y58         LUT1 (Prop_lut1_I0_O)        0.353    55.810 r  MMRAM/ce2/cf0/delay4/buf_inst_00/O
                         net (fo=1, routed)           0.848    56.658    MMRAM/ce2/cf0/delay4/t00
    SLICE_X32Y58         LUT1 (Prop_lut1_I0_O)        0.377    57.035 r  MMRAM/ce2/cf0/delay4/buf_inst_01/O
                         net (fo=1, routed)           0.692    57.727    MMRAM/ce2/cf0/delay4/t01
    SLICE_X32Y58         LUT1 (Prop_lut1_I0_O)        0.363    58.090 r  MMRAM/ce2/cf0/delay4/buf_inst_02/O
                         net (fo=2, routed)           0.468    58.558    MMRAM/ce2/CF_Send_out
    SLICE_X32Y58         LUT2 (Prop_lut2_I0_O)        0.355    58.913 r  MMRAM/ce2/or1_out_inferred_i_1/O
                         net (fo=2, routed)           0.997    59.910    PS_Stage/c3/Send_in
    SLICE_X22Y70         LUT4 (Prop_lut4_I1_O)        0.124    60.034 f  PS_Stage/c3/nand3_out_inferred_i_1/O
                         net (fo=2, routed)           0.681    60.714    PS_Stage/c3/nand3_out
    SLICE_X22Y70         LUT2 (Prop_lut2_I0_O)        0.124    60.838 r  PS_Stage/c3/nand4_out_inferred_i_1/O
                         net (fo=1, routed)           0.280    61.118    PS_Stage/c3/nand4_out
    SLICE_X22Y70         LUT3 (Prop_lut3_I0_O)        0.124    61.242 f  PS_Stage/c3/nand5_out_inferred_i_1/O
                         net (fo=3, routed)           0.602    61.844    PS_Stage/c3/delay3/din
    SLICE_X22Y71         LUT1 (Prop_lut1_I0_O)        0.124    61.968 f  PS_Stage/c3/delay3/buf_inst_00/O
                         net (fo=1, routed)           0.433    62.402    PS_Stage/c3/delay3/t00
    SLICE_X22Y71         LUT1 (Prop_lut1_I0_O)        0.124    62.526 f  PS_Stage/c3/delay3/buf_inst_01/O
                         net (fo=1, routed)           0.834    63.360    PS_Stage/c3/delay3/t01
    SLICE_X20Y71         LUT1 (Prop_lut1_I0_O)        0.124    63.484 f  PS_Stage/c3/delay3/buf_inst_02/O
                         net (fo=1, routed)           0.286    63.770    PS_Stage/c3/delay3/t02
    SLICE_X20Y71         LUT1 (Prop_lut1_I0_O)        0.124    63.894 f  PS_Stage/c3/delay3/buf_inst_03/O
                         net (fo=1, routed)           0.161    64.055    PS_Stage/c3/delay3/t03
    SLICE_X20Y71         LUT1 (Prop_lut1_I0_O)        0.124    64.179 f  PS_Stage/c3/delay3/buf_inst_04/O
                         net (fo=2, routed)           0.478    64.657    PS_Stage/c3/delay4/din
    SLICE_X20Y71         LUT1 (Prop_lut1_I0_O)        0.124    64.781 f  PS_Stage/c3/delay4/buf_inst_00/O
                         net (fo=1, routed)           0.873    65.655    PS_Stage/c3/delay4/t00
    SLICE_X21Y71         LUT1 (Prop_lut1_I0_O)        0.124    65.779 f  PS_Stage/c3/delay4/buf_inst_01/O
                         net (fo=1, routed)           0.264    66.043    PS_Stage/c3/delay4/t01
    SLICE_X21Y71         LUT1 (Prop_lut1_I0_O)        0.124    66.167 f  PS_Stage/c3/delay4/buf_inst_02/O
                         net (fo=1, routed)           0.149    66.316    PS_Stage/c3/delay4/t02
    SLICE_X21Y71         LUT1 (Prop_lut1_I0_O)        0.124    66.440 f  PS_Stage/c3/delay4/buf_inst_03/O
                         net (fo=1, routed)           0.433    66.873    PS_Stage/c3/delay4/t03
    SLICE_X21Y71         LUT1 (Prop_lut1_I0_O)        0.124    66.997 f  PS_Stage/c3/delay4/buf_inst_04/O
                         net (fo=2, routed)           1.172    68.170    FP_Stage/ce4/cf0/Send_in
    SLICE_X21Y75         LUT4 (Prop_lut4_I1_O)        0.124    68.294 r  FP_Stage/ce4/cf0/nand3_out_inferred_i_1/O
                         net (fo=2, routed)           0.826    69.119    FP_Stage/ce4/cf0/nand3_out
    SLICE_X23Y75         LUT2 (Prop_lut2_I0_O)        0.124    69.243 f  FP_Stage/ce4/cf0/nand4_out_inferred_i_1/O
                         net (fo=1, routed)           0.151    69.395    FP_Stage/ce4/cf0/nand4_out
    SLICE_X23Y75         LUT3 (Prop_lut3_I0_O)        0.124    69.519 r  FP_Stage/ce4/cf0/nand5_out_inferred_i_1/O
                         net (fo=3, routed)           0.831    70.350    FP_Stage/ce4/cf0/delay3/din
    SLICE_X21Y75         LUT1 (Prop_lut1_I0_O)        0.124    70.474 r  FP_Stage/ce4/cf0/delay3/buf_inst_00/O
                         net (fo=1, routed)           0.433    70.907    FP_Stage/ce4/cf0/delay3/t00
    SLICE_X21Y75         LUT1 (Prop_lut1_I0_O)        0.124    71.031 r  FP_Stage/ce4/cf0/delay3/buf_inst_01/O
                         net (fo=1, routed)           0.665    71.696    FP_Stage/ce4/cf0/delay3/t01
    SLICE_X21Y75         LUT1 (Prop_lut1_I0_O)        0.152    71.848 r  FP_Stage/ce4/cf0/delay3/buf_inst_02/O
                         net (fo=1, routed)           0.458    72.306    FP_Stage/ce4/cf0/delay3/t02
    SLICE_X21Y75         LUT1 (Prop_lut1_I0_O)        0.321    72.627 r  FP_Stage/ce4/cf0/delay3/buf_inst_03/O
                         net (fo=1, routed)           0.267    72.893    FP_Stage/ce4/cf0/delay3/t03
    SLICE_X21Y75         LUT1 (Prop_lut1_I0_O)        0.328    73.221 r  FP_Stage/ce4/cf0/delay3/buf_inst_04/O
                         net (fo=2, routed)           1.018    74.240    FP_Stage/ce4/cf0/delay4/din
    SLICE_X20Y85         LUT1 (Prop_lut1_I0_O)        0.351    74.591 r  FP_Stage/ce4/cf0/delay4/buf_inst_00/O
                         net (fo=1, routed)           0.845    75.436    FP_Stage/ce4/cf0/delay4/t00
    SLICE_X20Y85         LUT1 (Prop_lut1_I0_O)        0.356    75.792 r  FP_Stage/ce4/cf0/delay4/buf_inst_01/O
                         net (fo=1, routed)           0.286    76.078    FP_Stage/ce4/cf0/delay4/t01
    SLICE_X20Y85         LUT1 (Prop_lut1_I0_O)        0.341    76.419 r  FP_Stage/ce4/cf0/delay4/buf_inst_02/O
                         net (fo=2, routed)           0.304    76.723    FP_Stage/ce4/CF_Send_out
    SLICE_X20Y85         LUT2 (Prop_lut2_I0_O)        0.331    77.054 r  FP_Stage/ce4/or1_out_inferred_i_1/O
                         net (fo=2, routed)           1.012    78.066    MA_Stage/c5/Send_in
    SLICE_X23Y91         LUT4 (Prop_lut4_I1_O)        0.124    78.190 f  MA_Stage/c5/nand3_out_inferred_i_1/O
                         net (fo=2, routed)           0.592    78.782    MA_Stage/c5/nand3_out
    SLICE_X24Y91         LUT2 (Prop_lut2_I0_O)        0.124    78.906 r  MA_Stage/c5/nand4_out_inferred_i_1/O
                         net (fo=1, routed)           0.452    79.358    MA_Stage/c5/nand4_out
    SLICE_X24Y91         LUT3 (Prop_lut3_I0_O)        0.124    79.482 f  MA_Stage/c5/nand5_out_inferred_i_1/O
                         net (fo=3, routed)           0.522    80.004    MA_Stage/c5/delay3/din
    SLICE_X25Y91         LUT1 (Prop_lut1_I0_O)        0.124    80.128 f  MA_Stage/c5/delay3/buf_inst_00/O
                         net (fo=1, routed)           0.149    80.277    MA_Stage/c5/delay3/t00
    SLICE_X25Y91         LUT1 (Prop_lut1_I0_O)        0.124    80.401 f  MA_Stage/c5/delay3/buf_inst_01/O
                         net (fo=1, routed)           0.433    80.835    MA_Stage/c5/delay3/t01
    SLICE_X25Y91         LUT1 (Prop_lut1_I0_O)        0.124    80.959 f  MA_Stage/c5/delay3/buf_inst_02/O
                         net (fo=1, routed)           0.517    81.476    MA_Stage/c5/delay3/t02
    SLICE_X24Y91         LUT1 (Prop_lut1_I0_O)        0.124    81.600 f  MA_Stage/c5/delay3/buf_inst_03/O
                         net (fo=1, routed)           0.466    82.065    MA_Stage/c5/delay3/t03
    SLICE_X24Y91         LUT1 (Prop_lut1_I0_O)        0.124    82.189 f  MA_Stage/c5/delay3/buf_inst_04/O
                         net (fo=2, routed)           0.904    83.094    MA_Stage/c5/delay4/din
    SLICE_X27Y91         LUT1 (Prop_lut1_I0_O)        0.124    83.218 f  MA_Stage/c5/delay4/buf_inst_00/O
                         net (fo=1, routed)           0.505    83.723    MA_Stage/c5/delay4/t00
    SLICE_X26Y91         LUT1 (Prop_lut1_I0_O)        0.124    83.847 f  MA_Stage/c5/delay4/buf_inst_01/O
                         net (fo=1, routed)           0.279    84.126    MA_Stage/c5/delay4/t01
    SLICE_X26Y91         LUT1 (Prop_lut1_I0_O)        0.124    84.250 f  MA_Stage/c5/delay4/buf_inst_02/O
                         net (fo=1, routed)           0.158    84.408    MA_Stage/c5/delay4/t02
    SLICE_X26Y91         LUT1 (Prop_lut1_I0_O)        0.124    84.532 f  MA_Stage/c5/delay4/buf_inst_03/O
                         net (fo=1, routed)           0.433    84.966    MA_Stage/c5/delay4/t03
    SLICE_X26Y91         LUT1 (Prop_lut1_I0_O)        0.124    85.090 f  MA_Stage/c5/delay4/buf_inst_04/O
                         net (fo=2, routed)           0.897    85.986    COPY_Stage/cx2_6/cf0/Send_in
    SLICE_X32Y91         LUT4 (Prop_lut4_I1_O)        0.124    86.110 r  COPY_Stage/cx2_6/cf0/nand3_out_inferred_i_1/O
                         net (fo=2, routed)           0.683    86.793    COPY_Stage/cx2_6/cf0/nand3_out
    SLICE_X32Y91         LUT2 (Prop_lut2_I0_O)        0.124    86.917 f  COPY_Stage/cx2_6/cf0/nand4_out_inferred_i_1/O
                         net (fo=1, routed)           0.162    87.079    COPY_Stage/cx2_6/cf0/nand4_out
    SLICE_X32Y91         LUT3 (Prop_lut3_I0_O)        0.124    87.203 r  COPY_Stage/cx2_6/cf0/nand5_out_inferred_i_1/O
                         net (fo=3, routed)           0.679    87.882    COPY_Stage/cx2_6/cf0/delay3/din
    SLICE_X33Y91         LUT1 (Prop_lut1_I0_O)        0.124    88.006 r  COPY_Stage/cx2_6/cf0/delay3/buf_inst_00/O
                         net (fo=1, routed)           0.264    88.270    COPY_Stage/cx2_6/cf0/delay3/t00
    SLICE_X33Y91         LUT1 (Prop_lut1_I0_O)        0.124    88.394 r  COPY_Stage/cx2_6/cf0/delay3/buf_inst_01/O
                         net (fo=1, routed)           0.291    88.685    COPY_Stage/cx2_6/cf0/delay3/t01
    SLICE_X33Y92         LUT1 (Prop_lut1_I0_O)        0.124    88.809 r  COPY_Stage/cx2_6/cf0/delay3/buf_inst_02/O
                         net (fo=1, routed)           0.655    89.464    COPY_Stage/cx2_6/cf0/delay3/t02
    SLICE_X32Y92         LUT1 (Prop_lut1_I0_O)        0.124    89.588 r  COPY_Stage/cx2_6/cf0/delay3/buf_inst_03/O
                         net (fo=1, routed)           0.466    90.054    COPY_Stage/cx2_6/cf0/delay3/t03
    SLICE_X32Y92         LUT1 (Prop_lut1_I0_O)        0.124    90.178 r  COPY_Stage/cx2_6/cf0/delay3/buf_inst_04/O
                         net (fo=2, routed)           0.866    91.044    COPY_Stage/cx2_6/cf0/delay4/din
    SLICE_X36Y88         LUT1 (Prop_lut1_I0_O)        0.124    91.168 r  COPY_Stage/cx2_6/cf0/delay4/buf_inst_00/O
                         net (fo=1, routed)           0.853    92.021    COPY_Stage/cx2_6/cf0/delay4/t00
    SLICE_X36Y88         LUT1 (Prop_lut1_I0_O)        0.124    92.145 r  COPY_Stage/cx2_6/cf0/delay4/buf_inst_01/O
                         net (fo=1, routed)           0.658    92.803    COPY_Stage/cx2_6/cf0/delay4/t01
    SLICE_X37Y88         LUT1 (Prop_lut1_I0_O)        0.124    92.927 r  COPY_Stage/cx2_6/cf0/delay4/buf_inst_02/O
                         net (fo=3, routed)           0.869    93.796    COPY_Stage/cx2_6/CF1_Send_out
    SLICE_X37Y88         LUT2 (Prop_lut2_I0_O)        0.124    93.920 r  COPY_Stage/cx2_6/nand2_inferred_i_1/O
                         net (fo=1, routed)           0.648    94.568    COPY_Stage/cx2_6/nand2
    SLICE_X37Y88         LUT2 (Prop_lut2_I1_O)        0.124    94.692 r  COPY_Stage/cx2_6/and2_inferred_i_1/O
                         net (fo=2, routed)           1.804    96.496    B_Stage/cb7/CF1/Send_in
    SLICE_X43Y56         LUT4 (Prop_lut4_I1_O)        0.124    96.620 f  B_Stage/cb7/CF1/nand3_out_inferred_i_1/O
                         net (fo=2, routed)           0.264    96.885    B_Stage/cb7/CF1/nand3_out
    SLICE_X43Y56         LUT3 (Prop_lut3_I2_O)        0.124    97.009 r  B_Stage/cb7/CF1/nand2_out_inferred_i_1/O
                         net (fo=1, routed)           0.154    97.162    B_Stage/cb7/CF1/nand2_out
    SLICE_X43Y56         LUT2 (Prop_lut2_I1_O)        0.124    97.286 f  B_Stage/cb7/CF1/nand1_out_inferred_i_1/O
                         net (fo=3, routed)           0.680    97.967    B_Stage/cb7/CF1/delay2/din
    SLICE_X42Y58         LUT1 (Prop_lut1_I0_O)        0.124    98.091 f  B_Stage/cb7/CF1/delay2/buf_inst_00/O
                         net (fo=1, routed)           0.466    98.557    B_Stage/cb7/CF1/delay2/t00
    SLICE_X42Y58         LUT1 (Prop_lut1_I0_O)        0.124    98.681 f  B_Stage/cb7/CF1/delay2/buf_inst_01/O
                         net (fo=1, routed)           1.340   100.021    B_Stage/cb7/CF1/delay2/t01
    SLICE_X43Y73         LUT1 (Prop_lut1_I0_O)        0.124   100.145 f  B_Stage/cb7/CF1/delay2/buf_inst_02/O
                         net (fo=1, routed)           0.433   100.578    B_Stage/cb7/CF1/LB_out
    SLICE_X43Y73         LUT1 (Prop_lut1_I0_O)        0.124   100.702 r  B_Stage/cb7/CF1/Ack_out_INST_0/O
                         net (fo=4, routed)           1.607   102.309    COPY_Stage/cx2_6/cf1/Ack_in
    SLICE_X38Y89         LUT3 (Prop_lut3_I2_O)        0.124   102.433 f  COPY_Stage/cx2_6/cf1/nand5_out_inferred_i_1/O
                         net (fo=3, routed)           0.678   103.111    COPY_Stage/cx2_6/cf1/nand5_out
    SLICE_X39Y89         LUT1 (Prop_lut1_I0_O)        0.124   103.235 r  COPY_Stage/cx2_6/cf1/CP_INST_0/O
                         net (fo=2, routed)           0.602   103.838    COPY_Stage/cx2_6/CF2_cp
    SLICE_X38Y87         LUT2 (Prop_lut2_I0_O)        0.124   103.962 f  COPY_Stage/cx2_6/nor1_inferred_i_1/O
                         net (fo=1, routed)           0.161   104.123    COPY_Stage/cx2_6/nor1
    SLICE_X38Y87         LUT2 (Prop_lut2_I1_O)        0.124   104.247 r  COPY_Stage/cx2_6/nor2_inferred_i_1/O
                         net (fo=9, routed)           1.160   105.406    COPY_Stage/FEB
    SLICE_X42Y85         LUT3 (Prop_lut3_I2_O)        0.124   105.530 r  COPY_Stage/MUX1_dest_inferred_i_2/O
                         net (fo=3, routed)           0.863   106.394    B_Stage/subps/U0/inst_blk_mem_gen/gnbram.gnativebmg.native_blk_mem_gen/valid.cstr/ramloop[0].ram.r/prim_init.ram/addra[5]
    RAMB18_X2Y34         RAMB18E1                                     r  B_Stage/subps/U0/inst_blk_mem_gen/gnbram.gnativebmg.native_blk_mem_gen/valid.cstr/ramloop[0].ram.r/prim_init.ram/DEVICE_7SERIES.NO_BMM_INFO.SP.WIDE_PRIM18.ram/ADDRARDADDR[10]
  -------------------------------------------------------------------    -------------------

Slack:                    inf
  Source:                 MR
                            (input port)
  Destination:            B_Stage/subps/U0/inst_blk_mem_gen/gnbram.gnativebmg.native_blk_mem_gen/valid.cstr/ramloop[0].ram.r/prim_init.ram/DEVICE_7SERIES.NO_BMM_INFO.SP.WIDE_PRIM18.ram/ADDRBWRADDR[10]
  Path Group:             (none)
  Path Type:              Max at Slow Process Corner
  Data Path Delay:        106.393ns  (logic 22.938ns (21.560%)  route 83.455ns (78.440%))
  Logic Levels:           136  (IBUF=1 LUT1=90 LUT2=20 LUT3=16 LUT4=8 LUT6=1)

    Location             Delay type                Incr(ns)  Path(ns)    Netlist Resource(s)
  -------------------------------------------------------------------    -------------------
    T15                                               0.000     0.000 f  MR (IN)
                         net (fo=0)                   0.000     0.000    MR
    T15                  IBUF (Prop_ibuf_I_O)         0.996     0.996 f  MR_IBUF_inst/O
                         net (fo=1735, routed)        1.900     2.896    C10/MR
    SLICE_X41Y47         LUT1 (Prop_lut1_I0_O)        0.124     3.020 r  C10/not_out_inferred_i_1/O
                         net (fo=2, routed)           0.591     3.612    C10/not_out
    SLICE_X42Y47         LUT3 (Prop_lut3_I1_O)        0.124     3.736 f  C10/nand5_out_inferred_i_1/O
                         net (fo=3, routed)           0.597     4.332    C10/delay3/din
    SLICE_X40Y47         LUT1 (Prop_lut1_I0_O)        0.150     4.482 f  C10/delay3/buf_inst_00/O
                         net (fo=1, routed)           0.851     5.334    C10/delay3/t00
    SLICE_X40Y47         LUT1 (Prop_lut1_I0_O)        0.354     5.688 f  C10/delay3/buf_inst_01/O
                         net (fo=1, routed)           0.963     6.650    C10/delay3/t01
    SLICE_X43Y45         LUT1 (Prop_lut1_I0_O)        0.332     6.982 f  C10/delay3/buf_inst_02/O
                         net (fo=1, routed)           0.264     7.247    C10/delay3/t02
    SLICE_X43Y45         LUT1 (Prop_lut1_I0_O)        0.124     7.371 f  C10/delay3/buf_inst_03/O
                         net (fo=1, routed)           0.149     7.520    C10/delay3/t03
    SLICE_X43Y45         LUT1 (Prop_lut1_I0_O)        0.124     7.644 f  C10/delay3/buf_inst_04/O
                         net (fo=2, routed)           0.320     7.964    C10/LC_out
    SLICE_X42Y47         LUT4 (Prop_lut4_I3_O)        0.124     8.088 r  C10/nand3_out_inferred_i_1/O
                         net (fo=2, routed)           0.298     8.385    C10/nand3_out
    SLICE_X42Y47         LUT3 (Prop_lut3_I2_O)        0.124     8.509 f  C10/nand2_out_inferred_i_1/O
                         net (fo=1, routed)           0.656     9.165    C10/nand2_out
    SLICE_X43Y47         LUT2 (Prop_lut2_I1_O)        0.124     9.289 r  C10/nand1_out_inferred_i_1/O
                         net (fo=3, routed)           1.300    10.589    C10/delay2/din
    SLICE_X43Y51         LUT1 (Prop_lut1_I0_O)        0.124    10.713 r  C10/delay2/buf_inst_00/O
                         net (fo=1, routed)           0.729    11.442    C10/delay2/t00
    SLICE_X42Y51         LUT1 (Prop_lut1_I0_O)        0.124    11.566 r  C10/delay2/buf_inst_01/O
                         net (fo=1, routed)           0.286    11.852    C10/delay2/t01
    SLICE_X42Y51         LUT1 (Prop_lut1_I0_O)        0.124    11.976 r  C10/delay2/buf_inst_02/O
                         net (fo=1, routed)           0.161    12.137    C10/delay2/t02
    SLICE_X42Y51         LUT1 (Prop_lut1_I0_O)        0.124    12.261 r  C10/delay2/buf_inst_03/O
                         net (fo=1, routed)           0.466    12.727    C10/delay2/t03
    SLICE_X42Y51         LUT1 (Prop_lut1_I0_O)        0.124    12.851 r  C10/delay2/buf_inst_04/O
                         net (fo=1, routed)           0.872    13.724    C10/LB_out
    SLICE_X43Y51         LUT1 (Prop_lut1_I0_O)        0.124    13.848 f  C10/Ack_out_INST_0/O
                         net (fo=1, routed)           0.433    14.281    B_Stage/cb7/Ack_in_a
    SLICE_X43Y51         LUT2 (Prop_lut2_I0_O)        0.124    14.405 f  B_Stage/cb7/Ack_in_and_inferred_i_1/O
                         net (fo=2, routed)           1.101    15.505    B_Stage/cb7/CF1/Ack_in
    SLICE_X43Y56         LUT3 (Prop_lut3_I2_O)        0.124    15.629 r  B_Stage/cb7/CF1/nand5_out_inferred_i_1/O
                         net (fo=3, routed)           0.754    16.383    B_Stage/cb7/CF1/delay3/din
    SLICE_X42Y56         LUT1 (Prop_lut1_I0_O)        0.124    16.507 r  B_Stage/cb7/CF1/delay3/buf_inst_00/O
                         net (fo=1, routed)           0.984    17.491    B_Stage/cb7/CF1/delay3/t00
    SLICE_X42Y56         LUT1 (Prop_lut1_I0_O)        0.124    17.615 r  B_Stage/cb7/CF1/delay3/buf_inst_01/O
                         net (fo=1, routed)           0.466    18.081    B_Stage/cb7/CF1/delay3/t01
    SLICE_X42Y56         LUT1 (Prop_lut1_I0_O)        0.124    18.205 r  B_Stage/cb7/CF1/delay3/buf_inst_02/O
                         net (fo=1, routed)           0.680    18.885    B_Stage/cb7/CF1/delay3/t02
    SLICE_X42Y56         LUT1 (Prop_lut1_I0_O)        0.150    19.035 r  B_Stage/cb7/CF1/delay3/buf_inst_03/O
                         net (fo=1, routed)           0.845    19.881    B_Stage/cb7/CF1/delay3/t03
    SLICE_X42Y56         LUT1 (Prop_lut1_I0_O)        0.356    20.237 r  B_Stage/cb7/CF1/delay3/buf_inst_04/O
                         net (fo=2, routed)           0.302    20.539    B_Stage/cb7/CF1/delay4/din
    SLICE_X42Y56         LUT1 (Prop_lut1_I0_O)        0.341    20.880 r  B_Stage/cb7/CF1/delay4/buf_inst_00/O
                         net (fo=1, routed)           1.004    21.884    B_Stage/cb7/CF1/delay4/t00
    SLICE_X39Y51         LUT1 (Prop_lut1_I0_O)        0.331    22.215 r  B_Stage/cb7/CF1/delay4/buf_inst_01/O
                         net (fo=1, routed)           0.433    22.648    B_Stage/cb7/CF1/delay4/t01
    SLICE_X39Y51         LUT1 (Prop_lut1_I0_O)        0.124    22.772 r  B_Stage/cb7/CF1/delay4/buf_inst_02/O
                         net (fo=2, routed)           0.678    23.450    B_Stage/cb7/CF_Send_out
    SLICE_X39Y51         LUT2 (Prop_lut2_I0_O)        0.124    23.574 r  B_Stage/cb7/nand2_inferred_i_1/O
                         net (fo=3, routed)           0.607    24.181    M_Stage/cm0/arb/Send_in_b
    SLICE_X41Y50         LUT3 (Prop_lut3_I0_O)        0.124    24.305 f  M_Stage/cm0/arb/nand2_1_inferred_i_1/O
                         net (fo=1, routed)           0.505    24.810    M_Stage/cm0/arb/nand2_1
    SLICE_X40Y50         LUT3 (Prop_lut3_I2_O)        0.124    24.934 r  M_Stage/cm0/arb/nand2_2_inferred_i_1/O
                         net (fo=2, routed)           0.679    25.613    M_Stage/cm0/arb/nand2_2
    SLICE_X40Y50         LUT2 (Prop_lut2_I0_O)        0.124    25.737 f  M_Stage/cm0/arb/nand3_2_inferred_i_1/O
                         net (fo=2, routed)           0.816    26.553    M_Stage/cm0/arb/nand3_2
    SLICE_X39Y50         LUT3 (Prop_lut3_I1_O)        0.124    26.677 r  M_Stage/cm0/arb/nand4_2_inferred_i_1/O
                         net (fo=2, routed)           0.379    27.057    M_Stage/cm0/arb/nand4_2
    SLICE_X39Y50         LUT2 (Prop_lut2_I0_O)        0.124    27.181 f  M_Stage/cm0/arb/nand4_1_inferred_i_1/O
                         net (fo=2, routed)           0.608    27.789    M_Stage/cm0/cj2/g
    SLICE_X38Y48         LUT6 (Prop_lut6_I0_O)        0.124    27.913 r  M_Stage/cm0/cj2/nand3_out_inferred_i_1/O
                         net (fo=2, routed)           0.683    28.596    M_Stage/cm0/cj2/nand3_out
    SLICE_X38Y48         LUT2 (Prop_lut2_I0_O)        0.124    28.720 f  M_Stage/cm0/cj2/nand4_out_inferred_i_1/O
                         net (fo=1, routed)           0.162    28.882    M_Stage/cm0/cj2/nand4_out
    SLICE_X38Y48         LUT3 (Prop_lut3_I0_O)        0.124    29.006 r  M_Stage/cm0/cj2/nand5_out_inferred_i_1/O
                         net (fo=3, routed)           0.811    29.817    M_Stage/cm0/cj2/delay3/din
    SLICE_X37Y48         LUT1 (Prop_lut1_I0_O)        0.124    29.941 r  M_Stage/cm0/cj2/delay3/buf_inst_00/O
                         net (fo=1, routed)           0.433    30.374    M_Stage/cm0/cj2/delay3/t00
    SLICE_X37Y48         LUT1 (Prop_lut1_I0_O)        0.124    30.498 r  M_Stage/cm0/cj2/delay3/buf_inst_01/O
                         net (fo=1, routed)           0.665    31.163    M_Stage/cm0/cj2/delay3/t01
    SLICE_X37Y48         LUT1 (Prop_lut1_I0_O)        0.152    31.315 r  M_Stage/cm0/cj2/delay3/buf_inst_02/O
                         net (fo=1, routed)           0.848    32.163    M_Stage/cm0/cj2/delay3/t02
    SLICE_X37Y48         LUT1 (Prop_lut1_I0_O)        0.354    32.517 r  M_Stage/cm0/cj2/delay3/buf_inst_03/O
                         net (fo=1, routed)           0.267    32.783    M_Stage/cm0/cj2/delay3/t03
    SLICE_X37Y48         LUT1 (Prop_lut1_I0_O)        0.328    33.111 r  M_Stage/cm0/cj2/delay3/buf_inst_04/O
                         net (fo=2, routed)           0.301    33.412    M_Stage/cm0/cj2/delay4/din
    SLICE_X39Y48         LUT1 (Prop_lut1_I0_O)        0.327    33.739 r  M_Stage/cm0/cj2/delay4/buf_inst_00/O
                         net (fo=1, routed)           0.526    34.265    M_Stage/cm0/cj2/delay4/t00
    SLICE_X38Y48         LUT1 (Prop_lut1_I0_O)        0.124    34.389 r  M_Stage/cm0/cj2/delay4/buf_inst_01/O
                         net (fo=1, routed)           0.662    35.050    M_Stage/cm0/cj2/delay4/t01
    SLICE_X38Y50         LUT1 (Prop_lut1_I0_O)        0.124    35.174 r  M_Stage/cm0/cj2/delay4/buf_inst_02/O
                         net (fo=1, routed)           0.466    35.640    M_Stage/cm0/cj2/delay4/t02
    SLICE_X38Y50         LUT1 (Prop_lut1_I0_O)        0.124    35.764 r  M_Stage/cm0/cj2/delay4/buf_inst_03/O
                         net (fo=1, routed)           0.680    36.444    M_Stage/cm0/cj2/delay4/t03
    SLICE_X38Y50         LUT1 (Prop_lut1_I0_O)        0.150    36.594 r  M_Stage/cm0/cj2/delay4/buf_inst_04/O
                         net (fo=1, routed)           0.165    36.759    M_Stage/cm0/cj2/LD_out
    SLICE_X38Y50         LUT1 (Prop_lut1_I0_O)        0.328    37.087 f  M_Stage/cm0/cj2/Send_out_INST_0/O
                         net (fo=1, routed)           0.452    37.539    M_Stage/cm0/cop1
    SLICE_X38Y50         LUT2 (Prop_lut2_I1_O)        0.124    37.663 r  M_Stage/cm0/nor1_inferred_i_1/O
                         net (fo=2, routed)           0.816    38.479    MMCAM/c1/Send_in
    SLICE_X38Y53         LUT4 (Prop_lut4_I1_O)        0.124    38.603 f  MMCAM/c1/nand3_out_inferred_i_1/O
                         net (fo=2, routed)           0.841    39.444    MMCAM/c1/nand3_out
    SLICE_X38Y54         LUT2 (Prop_lut2_I0_O)        0.124    39.568 r  MMCAM/c1/nand4_out_inferred_i_1/O
                         net (fo=1, routed)           0.666    40.234    MMCAM/c1/nand4_out
    SLICE_X38Y54         LUT3 (Prop_lut3_I0_O)        0.124    40.358 f  MMCAM/c1/nand5_out_inferred_i_1/O
                         net (fo=3, routed)           0.963    41.321    MMCAM/c1/delay3/din
    SLICE_X41Y54         LUT1 (Prop_lut1_I0_O)        0.124    41.445 f  MMCAM/c1/delay3/buf_inst_00/O
                         net (fo=1, routed)           0.870    42.315    MMCAM/c1/delay3/t00
    SLICE_X40Y54         LUT1 (Prop_lut1_I0_O)        0.124    42.439 f  MMCAM/c1/delay3/buf_inst_01/O
                         net (fo=1, routed)           0.279    42.718    MMCAM/c1/delay3/t01
    SLICE_X40Y54         LUT1 (Prop_lut1_I0_O)        0.124    42.842 f  MMCAM/c1/delay3/buf_inst_02/O
                         net (fo=1, routed)           0.853    43.695    MMCAM/c1/delay3/t02
    SLICE_X40Y54         LUT1 (Prop_lut1_I0_O)        0.124    43.819 f  MMCAM/c1/delay3/buf_inst_03/O
                         net (fo=1, routed)           0.433    44.252    MMCAM/c1/delay3/t03
    SLICE_X40Y54         LUT1 (Prop_lut1_I0_O)        0.124    44.376 f  MMCAM/c1/delay3/buf_inst_04/O
                         net (fo=2, routed)           0.686    45.062    MMCAM/c1/delay4/din
    SLICE_X40Y54         LUT1 (Prop_lut1_I0_O)        0.152    45.214 f  MMCAM/c1/delay4/buf_inst_00/O
                         net (fo=1, routed)           0.851    46.066    MMCAM/c1/delay4/t00
    SLICE_X40Y54         LUT1 (Prop_lut1_I0_O)        0.354    46.420 f  MMCAM/c1/delay4/buf_inst_01/O
                         net (fo=1, routed)           0.288    46.708    MMCAM/c1/delay4/t01
    SLICE_X40Y54         LUT1 (Prop_lut1_I0_O)        0.328    47.036 f  MMCAM/c1/delay4/buf_inst_02/O
                         net (fo=1, routed)           0.809    47.844    MMCAM/c1/delay4/t02
    SLICE_X39Y54         LUT1 (Prop_lut1_I0_O)        0.327    48.171 f  MMCAM/c1/delay4/buf_inst_03/O
                         net (fo=1, routed)           0.264    48.436    MMCAM/c1/delay4/t03
    SLICE_X39Y54         LUT1 (Prop_lut1_I0_O)        0.124    48.560 f  MMCAM/c1/delay4/buf_inst_04/O
                         net (fo=2, routed)           0.812    49.372    MMRAM/ce2/cf0/Send_in
    SLICE_X38Y57         LUT4 (Prop_lut4_I1_O)        0.124    49.496 r  MMRAM/ce2/cf0/nand3_out_inferred_i_1/O
                         net (fo=2, routed)           0.701    50.197    MMRAM/ce2/cf0/nand3_out
    SLICE_X38Y57         LUT2 (Prop_lut2_I0_O)        0.124    50.321 f  MMRAM/ce2/cf0/nand4_out_inferred_i_1/O
                         net (fo=1, routed)           0.282    50.603    MMRAM/ce2/cf0/nand4_out
    SLICE_X38Y57         LUT3 (Prop_lut3_I0_O)        0.124    50.727 r  MMRAM/ce2/cf0/nand5_out_inferred_i_1/O
                         net (fo=3, routed)           0.808    51.535    MMRAM/ce2/cf0/delay3/din
    SLICE_X37Y57         LUT1 (Prop_lut1_I0_O)        0.124    51.659 r  MMRAM/ce2/cf0/delay3/buf_inst_00/O
                         net (fo=1, routed)           0.640    52.299    MMRAM/ce2/cf0/delay3/t00
    SLICE_X37Y57         LUT1 (Prop_lut1_I0_O)        0.124    52.423 r  MMRAM/ce2/cf0/delay3/buf_inst_01/O
                         net (fo=1, routed)           0.433    52.856    MMRAM/ce2/cf0/delay3/t01
    SLICE_X37Y57         LUT1 (Prop_lut1_I0_O)        0.124    52.980 r  MMRAM/ce2/cf0/delay3/buf_inst_02/O
                         net (fo=1, routed)           0.667    53.647    MMRAM/ce2/cf0/delay3/t02
    SLICE_X37Y57         LUT1 (Prop_lut1_I0_O)        0.152    53.799 r  MMRAM/ce2/cf0/delay3/buf_inst_03/O
                         net (fo=1, routed)           0.267    54.065    MMRAM/ce2/cf0/delay3/t03
    SLICE_X37Y57         LUT1 (Prop_lut1_I0_O)        0.328    54.393 r  MMRAM/ce2/cf0/delay3/buf_inst_04/O
                         net (fo=2, routed)           1.063    55.457    MMRAM/ce2/cf0/delay4/din
    SLICE_X32Y58         LUT1 (Prop_lut1_I0_O)        0.353    55.810 r  MMRAM/ce2/cf0/delay4/buf_inst_00/O
                         net (fo=1, routed)           0.848    56.658    MMRAM/ce2/cf0/delay4/t00
    SLICE_X32Y58         LUT1 (Prop_lut1_I0_O)        0.377    57.035 r  MMRAM/ce2/cf0/delay4/buf_inst_01/O
                         net (fo=1, routed)           0.692    57.727    MMRAM/ce2/cf0/delay4/t01
    SLICE_X32Y58         LUT1 (Prop_lut1_I0_O)        0.363    58.090 r  MMRAM/ce2/cf0/delay4/buf_inst_02/O
                         net (fo=2, routed)           0.468    58.558    MMRAM/ce2/CF_Send_out
    SLICE_X32Y58         LUT2 (Prop_lut2_I0_O)        0.355    58.913 r  MMRAM/ce2/or1_out_inferred_i_1/O
                         net (fo=2, routed)           0.997    59.910    PS_Stage/c3/Send_in
    SLICE_X22Y70         LUT4 (Prop_lut4_I1_O)        0.124    60.034 f  PS_Stage/c3/nand3_out_inferred_i_1/O
                         net (fo=2, routed)           0.681    60.714    PS_Stage/c3/nand3_out
    SLICE_X22Y70         LUT2 (Prop_lut2_I0_O)        0.124    60.838 r  PS_Stage/c3/nand4_out_inferred_i_1/O
                         net (fo=1, routed)           0.280    61.118    PS_Stage/c3/nand4_out
    SLICE_X22Y70         LUT3 (Prop_lut3_I0_O)        0.124    61.242 f  PS_Stage/c3/nand5_out_inferred_i_1/O
                         net (fo=3, routed)           0.602    61.844    PS_Stage/c3/delay3/din
    SLICE_X22Y71         LUT1 (Prop_lut1_I0_O)        0.124    61.968 f  PS_Stage/c3/delay3/buf_inst_00/O
                         net (fo=1, routed)           0.433    62.402    PS_Stage/c3/delay3/t00
    SLICE_X22Y71         LUT1 (Prop_lut1_I0_O)        0.124    62.526 f  PS_Stage/c3/delay3/buf_inst_01/O
                         net (fo=1, routed)           0.834    63.360    PS_Stage/c3/delay3/t01
    SLICE_X20Y71         LUT1 (Prop_lut1_I0_O)        0.124    63.484 f  PS_Stage/c3/delay3/buf_inst_02/O
                         net (fo=1, routed)           0.286    63.770    PS_Stage/c3/delay3/t02
    SLICE_X20Y71         LUT1 (Prop_lut1_I0_O)        0.124    63.894 f  PS_Stage/c3/delay3/buf_inst_03/O
                         net (fo=1, routed)           0.161    64.055    PS_Stage/c3/delay3/t03
    SLICE_X20Y71         LUT1 (Prop_lut1_I0_O)        0.124    64.179 f  PS_Stage/c3/delay3/buf_inst_04/O
                         net (fo=2, routed)           0.478    64.657    PS_Stage/c3/delay4/din
    SLICE_X20Y71         LUT1 (Prop_lut1_I0_O)        0.124    64.781 f  PS_Stage/c3/delay4/buf_inst_00/O
                         net (fo=1, routed)           0.873    65.655    PS_Stage/c3/delay4/t00
    SLICE_X21Y71         LUT1 (Prop_lut1_I0_O)        0.124    65.779 f  PS_Stage/c3/delay4/buf_inst_01/O
                         net (fo=1, routed)           0.264    66.043    PS_Stage/c3/delay4/t01
    SLICE_X21Y71         LUT1 (Prop_lut1_I0_O)        0.124    66.167 f  PS_Stage/c3/delay4/buf_inst_02/O
                         net (fo=1, routed)           0.149    66.316    PS_Stage/c3/delay4/t02
    SLICE_X21Y71         LUT1 (Prop_lut1_I0_O)        0.124    66.440 f  PS_Stage/c3/delay4/buf_inst_03/O
                         net (fo=1, routed)           0.433    66.873    PS_Stage/c3/delay4/t03
    SLICE_X21Y71         LUT1 (Prop_lut1_I0_O)        0.124    66.997 f  PS_Stage/c3/delay4/buf_inst_04/O
                         net (fo=2, routed)           1.172    68.170    FP_Stage/ce4/cf0/Send_in
    SLICE_X21Y75         LUT4 (Prop_lut4_I1_O)        0.124    68.294 r  FP_Stage/ce4/cf0/nand3_out_inferred_i_1/O
                         net (fo=2, routed)           0.826    69.119    FP_Stage/ce4/cf0/nand3_out
    SLICE_X23Y75         LUT2 (Prop_lut2_I0_O)        0.124    69.243 f  FP_Stage/ce4/cf0/nand4_out_inferred_i_1/O
                         net (fo=1, routed)           0.151    69.395    FP_Stage/ce4/cf0/nand4_out
    SLICE_X23Y75         LUT3 (Prop_lut3_I0_O)        0.124    69.519 r  FP_Stage/ce4/cf0/nand5_out_inferred_i_1/O
                         net (fo=3, routed)           0.831    70.350    FP_Stage/ce4/cf0/delay3/din
    SLICE_X21Y75         LUT1 (Prop_lut1_I0_O)        0.124    70.474 r  FP_Stage/ce4/cf0/delay3/buf_inst_00/O
                         net (fo=1, routed)           0.433    70.907    FP_Stage/ce4/cf0/delay3/t00
    SLICE_X21Y75         LUT1 (Prop_lut1_I0_O)        0.124    71.031 r  FP_Stage/ce4/cf0/delay3/buf_inst_01/O
                         net (fo=1, routed)           0.665    71.696    FP_Stage/ce4/cf0/delay3/t01
    SLICE_X21Y75         LUT1 (Prop_lut1_I0_O)        0.152    71.848 r  FP_Stage/ce4/cf0/delay3/buf_inst_02/O
                         net (fo=1, routed)           0.458    72.306    FP_Stage/ce4/cf0/delay3/t02
    SLICE_X21Y75         LUT1 (Prop_lut1_I0_O)        0.321    72.627 r  FP_Stage/ce4/cf0/delay3/buf_inst_03/O
                         net (fo=1, routed)           0.267    72.893    FP_Stage/ce4/cf0/delay3/t03
    SLICE_X21Y75         LUT1 (Prop_lut1_I0_O)        0.328    73.221 r  FP_Stage/ce4/cf0/delay3/buf_inst_04/O
                         net (fo=2, routed)           1.018    74.240    FP_Stage/ce4/cf0/delay4/din
    SLICE_X20Y85         LUT1 (Prop_lut1_I0_O)        0.351    74.591 r  FP_Stage/ce4/cf0/delay4/buf_inst_00/O
                         net (fo=1, routed)           0.845    75.436    FP_Stage/ce4/cf0/delay4/t00
    SLICE_X20Y85         LUT1 (Prop_lut1_I0_O)        0.356    75.792 r  FP_Stage/ce4/cf0/delay4/buf_inst_01/O
                         net (fo=1, routed)           0.286    76.078    FP_Stage/ce4/cf0/delay4/t01
    SLICE_X20Y85         LUT1 (Prop_lut1_I0_O)        0.341    76.419 r  FP_Stage/ce4/cf0/delay4/buf_inst_02/O
                         net (fo=2, routed)           0.304    76.723    FP_Stage/ce4/CF_Send_out
    SLICE_X20Y85         LUT2 (Prop_lut2_I0_O)        0.331    77.054 r  FP_Stage/ce4/or1_out_inferred_i_1/O
                         net (fo=2, routed)           1.012    78.066    MA_Stage/c5/Send_in
    SLICE_X23Y91         LUT4 (Prop_lut4_I1_O)        0.124    78.190 f  MA_Stage/c5/nand3_out_inferred_i_1/O
                         net (fo=2, routed)           0.592    78.782    MA_Stage/c5/nand3_out
    SLICE_X24Y91         LUT2 (Prop_lut2_I0_O)        0.124    78.906 r  MA_Stage/c5/nand4_out_inferred_i_1/O
                         net (fo=1, routed)           0.452    79.358    MA_Stage/c5/nand4_out
    SLICE_X24Y91         LUT3 (Prop_lut3_I0_O)        0.124    79.482 f  MA_Stage/c5/nand5_out_inferred_i_1/O
                         net (fo=3, routed)           0.522    80.004    MA_Stage/c5/delay3/din
    SLICE_X25Y91         LUT1 (Prop_lut1_I0_O)        0.124    80.128 f  MA_Stage/c5/delay3/buf_inst_00/O
                         net (fo=1, routed)           0.149    80.277    MA_Stage/c5/delay3/t00
    SLICE_X25Y91         LUT1 (Prop_lut1_I0_O)        0.124    80.401 f  MA_Stage/c5/delay3/buf_inst_01/O
                         net (fo=1, routed)           0.433    80.835    MA_Stage/c5/delay3/t01
    SLICE_X25Y91         LUT1 (Prop_lut1_I0_O)        0.124    80.959 f  MA_Stage/c5/delay3/buf_inst_02/O
                         net (fo=1, routed)           0.517    81.476    MA_Stage/c5/delay3/t02
    SLICE_X24Y91         LUT1 (Prop_lut1_I0_O)        0.124    81.600 f  MA_Stage/c5/delay3/buf_inst_03/O
                         net (fo=1, routed)           0.466    82.065    MA_Stage/c5/delay3/t03
    SLICE_X24Y91         LUT1 (Prop_lut1_I0_O)        0.124    82.189 f  MA_Stage/c5/delay3/buf_inst_04/O
                         net (fo=2, routed)           0.904    83.094    MA_Stage/c5/delay4/din
    SLICE_X27Y91         LUT1 (Prop_lut1_I0_O)        0.124    83.218 f  MA_Stage/c5/delay4/buf_inst_00/O
                         net (fo=1, routed)           0.505    83.723    MA_Stage/c5/delay4/t00
    SLICE_X26Y91         LUT1 (Prop_lut1_I0_O)        0.124    83.847 f  MA_Stage/c5/delay4/buf_inst_01/O
                         net (fo=1, routed)           0.279    84.126    MA_Stage/c5/delay4/t01
    SLICE_X26Y91         LUT1 (Prop_lut1_I0_O)        0.124    84.250 f  MA_Stage/c5/delay4/buf_inst_02/O
                         net (fo=1, routed)           0.158    84.408    MA_Stage/c5/delay4/t02
    SLICE_X26Y91         LUT1 (Prop_lut1_I0_O)        0.124    84.532 f  MA_Stage/c5/delay4/buf_inst_03/O
                         net (fo=1, routed)           0.433    84.966    MA_Stage/c5/delay4/t03
    SLICE_X26Y91         LUT1 (Prop_lut1_I0_O)        0.124    85.090 f  MA_Stage/c5/delay4/buf_inst_04/O
                         net (fo=2, routed)           0.897    85.986    COPY_Stage/cx2_6/cf0/Send_in
    SLICE_X32Y91         LUT4 (Prop_lut4_I1_O)        0.124    86.110 r  COPY_Stage/cx2_6/cf0/nand3_out_inferred_i_1/O
                         net (fo=2, routed)           0.683    86.793    COPY_Stage/cx2_6/cf0/nand3_out
    SLICE_X32Y91         LUT2 (Prop_lut2_I0_O)        0.124    86.917 f  COPY_Stage/cx2_6/cf0/nand4_out_inferred_i_1/O
                         net (fo=1, routed)           0.162    87.079    COPY_Stage/cx2_6/cf0/nand4_out
    SLICE_X32Y91         LUT3 (Prop_lut3_I0_O)        0.124    87.203 r  COPY_Stage/cx2_6/cf0/nand5_out_inferred_i_1/O
                         net (fo=3, routed)           0.679    87.882    COPY_Stage/cx2_6/cf0/delay3/din
    SLICE_X33Y91         LUT1 (Prop_lut1_I0_O)        0.124    88.006 r  COPY_Stage/cx2_6/cf0/delay3/buf_inst_00/O
                         net (fo=1, routed)           0.264    88.270    COPY_Stage/cx2_6/cf0/delay3/t00
    SLICE_X33Y91         LUT1 (Prop_lut1_I0_O)        0.124    88.394 r  COPY_Stage/cx2_6/cf0/delay3/buf_inst_01/O
                         net (fo=1, routed)           0.291    88.685    COPY_Stage/cx2_6/cf0/delay3/t01
    SLICE_X33Y92         LUT1 (Prop_lut1_I0_O)        0.124    88.809 r  COPY_Stage/cx2_6/cf0/delay3/buf_inst_02/O
                         net (fo=1, routed)           0.655    89.464    COPY_Stage/cx2_6/cf0/delay3/t02
    SLICE_X32Y92         LUT1 (Prop_lut1_I0_O)        0.124    89.588 r  COPY_Stage/cx2_6/cf0/delay3/buf_inst_03/O
                         net (fo=1, routed)           0.466    90.054    COPY_Stage/cx2_6/cf0/delay3/t03
    SLICE_X32Y92         LUT1 (Prop_lut1_I0_O)        0.124    90.178 r  COPY_Stage/cx2_6/cf0/delay3/buf_inst_04/O
                         net (fo=2, routed)           0.866    91.044    COPY_Stage/cx2_6/cf0/delay4/din
    SLICE_X36Y88         LUT1 (Prop_lut1_I0_O)        0.124    91.168 r  COPY_Stage/cx2_6/cf0/delay4/buf_inst_00/O
                         net (fo=1, routed)           0.853    92.021    COPY_Stage/cx2_6/cf0/delay4/t00
    SLICE_X36Y88         LUT1 (Prop_lut1_I0_O)        0.124    92.145 r  COPY_Stage/cx2_6/cf0/delay4/buf_inst_01/O
                         net (fo=1, routed)           0.658    92.803    COPY_Stage/cx2_6/cf0/delay4/t01
    SLICE_X37Y88         LUT1 (Prop_lut1_I0_O)        0.124    92.927 r  COPY_Stage/cx2_6/cf0/delay4/buf_inst_02/O
                         net (fo=3, routed)           0.869    93.796    COPY_Stage/cx2_6/CF1_Send_out
    SLICE_X37Y88         LUT2 (Prop_lut2_I0_O)        0.124    93.920 r  COPY_Stage/cx2_6/nand2_inferred_i_1/O
                         net (fo=1, routed)           0.648    94.568    COPY_Stage/cx2_6/nand2
    SLICE_X37Y88         LUT2 (Prop_lut2_I1_O)        0.124    94.692 r  COPY_Stage/cx2_6/and2_inferred_i_1/O
                         net (fo=2, routed)           1.804    96.496    B_Stage/cb7/CF1/Send_in
    SLICE_X43Y56         LUT4 (Prop_lut4_I1_O)        0.124    96.620 f  B_Stage/cb7/CF1/nand3_out_inferred_i_1/O
                         net (fo=2, routed)           0.264    96.885    B_Stage/cb7/CF1/nand3_out
    SLICE_X43Y56         LUT3 (Prop_lut3_I2_O)        0.124    97.009 r  B_Stage/cb7/CF1/nand2_out_inferred_i_1/O
                         net (fo=1, routed)           0.154    97.162    B_Stage/cb7/CF1/nand2_out
    SLICE_X43Y56         LUT2 (Prop_lut2_I1_O)        0.124    97.286 f  B_Stage/cb7/CF1/nand1_out_inferred_i_1/O
                         net (fo=3, routed)           0.680    97.967    B_Stage/cb7/CF1/delay2/din
    SLICE_X42Y58         LUT1 (Prop_lut1_I0_O)        0.124    98.091 f  B_Stage/cb7/CF1/delay2/buf_inst_00/O
                         net (fo=1, routed)           0.466    98.557    B_Stage/cb7/CF1/delay2/t00
    SLICE_X42Y58         LUT1 (Prop_lut1_I0_O)        0.124    98.681 f  B_Stage/cb7/CF1/delay2/buf_inst_01/O
                         net (fo=1, routed)           1.340   100.021    B_Stage/cb7/CF1/delay2/t01
    SLICE_X43Y73         LUT1 (Prop_lut1_I0_O)        0.124   100.145 f  B_Stage/cb7/CF1/delay2/buf_inst_02/O
                         net (fo=1, routed)           0.433   100.578    B_Stage/cb7/CF1/LB_out
    SLICE_X43Y73         LUT1 (Prop_lut1_I0_O)        0.124   100.702 r  B_Stage/cb7/CF1/Ack_out_INST_0/O
                         net (fo=4, routed)           1.607   102.309    COPY_Stage/cx2_6/cf1/Ack_in
    SLICE_X38Y89         LUT3 (Prop_lut3_I2_O)        0.124   102.433 f  COPY_Stage/cx2_6/cf1/nand5_out_inferred_i_1/O
                         net (fo=3, routed)           0.678   103.111    COPY_Stage/cx2_6/cf1/nand5_out
    SLICE_X39Y89         LUT1 (Prop_lut1_I0_O)        0.124   103.235 r  COPY_Stage/cx2_6/cf1/CP_INST_0/O
                         net (fo=2, routed)           0.602   103.838    COPY_Stage/cx2_6/CF2_cp
    SLICE_X38Y87         LUT2 (Prop_lut2_I0_O)        0.124   103.962 f  COPY_Stage/cx2_6/nor1_inferred_i_1/O
                         net (fo=1, routed)           0.161   104.123    COPY_Stage/cx2_6/nor1
    SLICE_X38Y87         LUT2 (Prop_lut2_I1_O)        0.124   104.247 r  COPY_Stage/cx2_6/nor2_inferred_i_1/O
                         net (fo=9, routed)           1.160   105.406    COPY_Stage/FEB
    SLICE_X42Y85         LUT3 (Prop_lut3_I2_O)        0.124   105.530 r  COPY_Stage/MUX1_dest_inferred_i_2/O
                         net (fo=3, routed)           0.863   106.394    B_Stage/subps/U0/inst_blk_mem_gen/gnbram.gnativebmg.native_blk_mem_gen/valid.cstr/ramloop[0].ram.r/prim_init.ram/addra[5]
    RAMB18_X2Y34         RAMB18E1                                     r  B_Stage/subps/U0/inst_blk_mem_gen/gnbram.gnativebmg.native_blk_mem_gen/valid.cstr/ramloop[0].ram.r/prim_init.ram/DEVICE_7SERIES.NO_BMM_INFO.SP.WIDE_PRIM18.ram/ADDRBWRADDR[10]
  -------------------------------------------------------------------    -------------------

Slack:                    inf
  Source:                 MR
                            (input port)
  Destination:            B_Stage/subps/U0/inst_blk_mem_gen/gnbram.gnativebmg.native_blk_mem_gen/valid.cstr/ramloop[0].ram.r/prim_init.ram/DEVICE_7SERIES.NO_BMM_INFO.SP.WIDE_PRIM18.ram/ADDRARDADDR[7]
  Path Group:             (none)
  Path Type:              Max at Slow Process Corner
  Data Path Delay:        106.320ns  (logic 22.938ns (21.575%)  route 83.382ns (78.425%))
  Logic Levels:           136  (IBUF=1 LUT1=90 LUT2=20 LUT3=16 LUT4=8 LUT6=1)

    Location             Delay type                Incr(ns)  Path(ns)    Netlist Resource(s)
  -------------------------------------------------------------------    -------------------
    T15                                               0.000     0.000 f  MR (IN)
                         net (fo=0)                   0.000     0.000    MR
    T15                  IBUF (Prop_ibuf_I_O)         0.996     0.996 f  MR_IBUF_inst/O
                         net (fo=1735, routed)        1.900     2.896    C10/MR
    SLICE_X41Y47         LUT1 (Prop_lut1_I0_O)        0.124     3.020 r  C10/not_out_inferred_i_1/O
                         net (fo=2, routed)           0.591     3.612    C10/not_out
    SLICE_X42Y47         LUT3 (Prop_lut3_I1_O)        0.124     3.736 f  C10/nand5_out_inferred_i_1/O
                         net (fo=3, routed)           0.597     4.332    C10/delay3/din
    SLICE_X40Y47         LUT1 (Prop_lut1_I0_O)        0.150     4.482 f  C10/delay3/buf_inst_00/O
                         net (fo=1, routed)           0.851     5.334    C10/delay3/t00
    SLICE_X40Y47         LUT1 (Prop_lut1_I0_O)        0.354     5.688 f  C10/delay3/buf_inst_01/O
                         net (fo=1, routed)           0.963     6.650    C10/delay3/t01
    SLICE_X43Y45         LUT1 (Prop_lut1_I0_O)        0.332     6.982 f  C10/delay3/buf_inst_02/O
                         net (fo=1, routed)           0.264     7.247    C10/delay3/t02
    SLICE_X43Y45         LUT1 (Prop_lut1_I0_O)        0.124     7.371 f  C10/delay3/buf_inst_03/O
                         net (fo=1, routed)           0.149     7.520    C10/delay3/t03
    SLICE_X43Y45         LUT1 (Prop_lut1_I0_O)        0.124     7.644 f  C10/delay3/buf_inst_04/O
                         net (fo=2, routed)           0.320     7.964    C10/LC_out
    SLICE_X42Y47         LUT4 (Prop_lut4_I3_O)        0.124     8.088 r  C10/nand3_out_inferred_i_1/O
                         net (fo=2, routed)           0.298     8.385    C10/nand3_out
    SLICE_X42Y47         LUT3 (Prop_lut3_I2_O)        0.124     8.509 f  C10/nand2_out_inferred_i_1/O
                         net (fo=1, routed)           0.656     9.165    C10/nand2_out
    SLICE_X43Y47         LUT2 (Prop_lut2_I1_O)        0.124     9.289 r  C10/nand1_out_inferred_i_1/O
                         net (fo=3, routed)           1.300    10.589    C10/delay2/din
    SLICE_X43Y51         LUT1 (Prop_lut1_I0_O)        0.124    10.713 r  C10/delay2/buf_inst_00/O
                         net (fo=1, routed)           0.729    11.442    C10/delay2/t00
    SLICE_X42Y51         LUT1 (Prop_lut1_I0_O)        0.124    11.566 r  C10/delay2/buf_inst_01/O
                         net (fo=1, routed)           0.286    11.852    C10/delay2/t01
    SLICE_X42Y51         LUT1 (Prop_lut1_I0_O)        0.124    11.976 r  C10/delay2/buf_inst_02/O
                         net (fo=1, routed)           0.161    12.137    C10/delay2/t02
    SLICE_X42Y51         LUT1 (Prop_lut1_I0_O)        0.124    12.261 r  C10/delay2/buf_inst_03/O
                         net (fo=1, routed)           0.466    12.727    C10/delay2/t03
    SLICE_X42Y51         LUT1 (Prop_lut1_I0_O)        0.124    12.851 r  C10/delay2/buf_inst_04/O
                         net (fo=1, routed)           0.872    13.724    C10/LB_out
    SLICE_X43Y51         LUT1 (Prop_lut1_I0_O)        0.124    13.848 f  C10/Ack_out_INST_0/O
                         net (fo=1, routed)           0.433    14.281    B_Stage/cb7/Ack_in_a
    SLICE_X43Y51         LUT2 (Prop_lut2_I0_O)        0.124    14.405 f  B_Stage/cb7/Ack_in_and_inferred_i_1/O
                         net (fo=2, routed)           1.101    15.505    B_Stage/cb7/CF1/Ack_in
    SLICE_X43Y56         LUT3 (Prop_lut3_I2_O)        0.124    15.629 r  B_Stage/cb7/CF1/nand5_out_inferred_i_1/O
                         net (fo=3, routed)           0.754    16.383    B_Stage/cb7/CF1/delay3/din
    SLICE_X42Y56         LUT1 (Prop_lut1_I0_O)        0.124    16.507 r  B_Stage/cb7/CF1/delay3/buf_inst_00/O
                         net (fo=1, routed)           0.984    17.491    B_Stage/cb7/CF1/delay3/t00
    SLICE_X42Y56         LUT1 (Prop_lut1_I0_O)        0.124    17.615 r  B_Stage/cb7/CF1/delay3/buf_inst_01/O
                         net (fo=1, routed)           0.466    18.081    B_Stage/cb7/CF1/delay3/t01
    SLICE_X42Y56         LUT1 (Prop_lut1_I0_O)        0.124    18.205 r  B_Stage/cb7/CF1/delay3/buf_inst_02/O
                         net (fo=1, routed)           0.680    18.885    B_Stage/cb7/CF1/delay3/t02
    SLICE_X42Y56         LUT1 (Prop_lut1_I0_O)        0.150    19.035 r  B_Stage/cb7/CF1/delay3/buf_inst_03/O
                         net (fo=1, routed)           0.845    19.881    B_Stage/cb7/CF1/delay3/t03
    SLICE_X42Y56         LUT1 (Prop_lut1_I0_O)        0.356    20.237 r  B_Stage/cb7/CF1/delay3/buf_inst_04/O
                         net (fo=2, routed)           0.302    20.539    B_Stage/cb7/CF1/delay4/din
    SLICE_X42Y56         LUT1 (Prop_lut1_I0_O)        0.341    20.880 r  B_Stage/cb7/CF1/delay4/buf_inst_00/O
                         net (fo=1, routed)           1.004    21.884    B_Stage/cb7/CF1/delay4/t00
    SLICE_X39Y51         LUT1 (Prop_lut1_I0_O)        0.331    22.215 r  B_Stage/cb7/CF1/delay4/buf_inst_01/O
                         net (fo=1, routed)           0.433    22.648    B_Stage/cb7/CF1/delay4/t01
    SLICE_X39Y51         LUT1 (Prop_lut1_I0_O)        0.124    22.772 r  B_Stage/cb7/CF1/delay4/buf_inst_02/O
                         net (fo=2, routed)           0.678    23.450    B_Stage/cb7/CF_Send_out
    SLICE_X39Y51         LUT2 (Prop_lut2_I0_O)        0.124    23.574 r  B_Stage/cb7/nand2_inferred_i_1/O
                         net (fo=3, routed)           0.607    24.181    M_Stage/cm0/arb/Send_in_b
    SLICE_X41Y50         LUT3 (Prop_lut3_I0_O)        0.124    24.305 f  M_Stage/cm0/arb/nand2_1_inferred_i_1/O
                         net (fo=1, routed)           0.505    24.810    M_Stage/cm0/arb/nand2_1
    SLICE_X40Y50         LUT3 (Prop_lut3_I2_O)        0.124    24.934 r  M_Stage/cm0/arb/nand2_2_inferred_i_1/O
                         net (fo=2, routed)           0.679    25.613    M_Stage/cm0/arb/nand2_2
    SLICE_X40Y50         LUT2 (Prop_lut2_I0_O)        0.124    25.737 f  M_Stage/cm0/arb/nand3_2_inferred_i_1/O
                         net (fo=2, routed)           0.816    26.553    M_Stage/cm0/arb/nand3_2
    SLICE_X39Y50         LUT3 (Prop_lut3_I1_O)        0.124    26.677 r  M_Stage/cm0/arb/nand4_2_inferred_i_1/O
                         net (fo=2, routed)           0.379    27.057    M_Stage/cm0/arb/nand4_2
    SLICE_X39Y50         LUT2 (Prop_lut2_I0_O)        0.124    27.181 f  M_Stage/cm0/arb/nand4_1_inferred_i_1/O
                         net (fo=2, routed)           0.608    27.789    M_Stage/cm0/cj2/g
    SLICE_X38Y48         LUT6 (Prop_lut6_I0_O)        0.124    27.913 r  M_Stage/cm0/cj2/nand3_out_inferred_i_1/O
                         net (fo=2, routed)           0.683    28.596    M_Stage/cm0/cj2/nand3_out
    SLICE_X38Y48         LUT2 (Prop_lut2_I0_O)        0.124    28.720 f  M_Stage/cm0/cj2/nand4_out_inferred_i_1/O
                         net (fo=1, routed)           0.162    28.882    M_Stage/cm0/cj2/nand4_out
    SLICE_X38Y48         LUT3 (Prop_lut3_I0_O)        0.124    29.006 r  M_Stage/cm0/cj2/nand5_out_inferred_i_1/O
                         net (fo=3, routed)           0.811    29.817    M_Stage/cm0/cj2/delay3/din
    SLICE_X37Y48         LUT1 (Prop_lut1_I0_O)        0.124    29.941 r  M_Stage/cm0/cj2/delay3/buf_inst_00/O
                         net (fo=1, routed)           0.433    30.374    M_Stage/cm0/cj2/delay3/t00
    SLICE_X37Y48         LUT1 (Prop_lut1_I0_O)        0.124    30.498 r  M_Stage/cm0/cj2/delay3/buf_inst_01/O
                         net (fo=1, routed)           0.665    31.163    M_Stage/cm0/cj2/delay3/t01
    SLICE_X37Y48         LUT1 (Prop_lut1_I0_O)        0.152    31.315 r  M_Stage/cm0/cj2/delay3/buf_inst_02/O
                         net (fo=1, routed)           0.848    32.163    M_Stage/cm0/cj2/delay3/t02
    SLICE_X37Y48         LUT1 (Prop_lut1_I0_O)        0.354    32.517 r  M_Stage/cm0/cj2/delay3/buf_inst_03/O
                         net (fo=1, routed)           0.267    32.783    M_Stage/cm0/cj2/delay3/t03
    SLICE_X37Y48         LUT1 (Prop_lut1_I0_O)        0.328    33.111 r  M_Stage/cm0/cj2/delay3/buf_inst_04/O
                         net (fo=2, routed)           0.301    33.412    M_Stage/cm0/cj2/delay4/din
    SLICE_X39Y48         LUT1 (Prop_lut1_I0_O)        0.327    33.739 r  M_Stage/cm0/cj2/delay4/buf_inst_00/O
                         net (fo=1, routed)           0.526    34.265    M_Stage/cm0/cj2/delay4/t00
    SLICE_X38Y48         LUT1 (Prop_lut1_I0_O)        0.124    34.389 r  M_Stage/cm0/cj2/delay4/buf_inst_01/O
                         net (fo=1, routed)           0.662    35.050    M_Stage/cm0/cj2/delay4/t01
    SLICE_X38Y50         LUT1 (Prop_lut1_I0_O)        0.124    35.174 r  M_Stage/cm0/cj2/delay4/buf_inst_02/O
                         net (fo=1, routed)           0.466    35.640    M_Stage/cm0/cj2/delay4/t02
    SLICE_X38Y50         LUT1 (Prop_lut1_I0_O)        0.124    35.764 r  M_Stage/cm0/cj2/delay4/buf_inst_03/O
                         net (fo=1, routed)           0.680    36.444    M_Stage/cm0/cj2/delay4/t03
    SLICE_X38Y50         LUT1 (Prop_lut1_I0_O)        0.150    36.594 r  M_Stage/cm0/cj2/delay4/buf_inst_04/O
                         net (fo=1, routed)           0.165    36.759    M_Stage/cm0/cj2/LD_out
    SLICE_X38Y50         LUT1 (Prop_lut1_I0_O)        0.328    37.087 f  M_Stage/cm0/cj2/Send_out_INST_0/O
                         net (fo=1, routed)           0.452    37.539    M_Stage/cm0/cop1
    SLICE_X38Y50         LUT2 (Prop_lut2_I1_O)        0.124    37.663 r  M_Stage/cm0/nor1_inferred_i_1/O
                         net (fo=2, routed)           0.816    38.479    MMCAM/c1/Send_in
    SLICE_X38Y53         LUT4 (Prop_lut4_I1_O)        0.124    38.603 f  MMCAM/c1/nand3_out_inferred_i_1/O
                         net (fo=2, routed)           0.841    39.444    MMCAM/c1/nand3_out
    SLICE_X38Y54         LUT2 (Prop_lut2_I0_O)        0.124    39.568 r  MMCAM/c1/nand4_out_inferred_i_1/O
                         net (fo=1, routed)           0.666    40.234    MMCAM/c1/nand4_out
    SLICE_X38Y54         LUT3 (Prop_lut3_I0_O)        0.124    40.358 f  MMCAM/c1/nand5_out_inferred_i_1/O
                         net (fo=3, routed)           0.963    41.321    MMCAM/c1/delay3/din
    SLICE_X41Y54         LUT1 (Prop_lut1_I0_O)        0.124    41.445 f  MMCAM/c1/delay3/buf_inst_00/O
                         net (fo=1, routed)           0.870    42.315    MMCAM/c1/delay3/t00
    SLICE_X40Y54         LUT1 (Prop_lut1_I0_O)        0.124    42.439 f  MMCAM/c1/delay3/buf_inst_01/O
                         net (fo=1, routed)           0.279    42.718    MMCAM/c1/delay3/t01
    SLICE_X40Y54         LUT1 (Prop_lut1_I0_O)        0.124    42.842 f  MMCAM/c1/delay3/buf_inst_02/O
                         net (fo=1, routed)           0.853    43.695    MMCAM/c1/delay3/t02
    SLICE_X40Y54         LUT1 (Prop_lut1_I0_O)        0.124    43.819 f  MMCAM/c1/delay3/buf_inst_03/O
                         net (fo=1, routed)           0.433    44.252    MMCAM/c1/delay3/t03
    SLICE_X40Y54         LUT1 (Prop_lut1_I0_O)        0.124    44.376 f  MMCAM/c1/delay3/buf_inst_04/O
                         net (fo=2, routed)           0.686    45.062    MMCAM/c1/delay4/din
    SLICE_X40Y54         LUT1 (Prop_lut1_I0_O)        0.152    45.214 f  MMCAM/c1/delay4/buf_inst_00/O
                         net (fo=1, routed)           0.851    46.066    MMCAM/c1/delay4/t00
    SLICE_X40Y54         LUT1 (Prop_lut1_I0_O)        0.354    46.420 f  MMCAM/c1/delay4/buf_inst_01/O
                         net (fo=1, routed)           0.288    46.708    MMCAM/c1/delay4/t01
    SLICE_X40Y54         LUT1 (Prop_lut1_I0_O)        0.328    47.036 f  MMCAM/c1/delay4/buf_inst_02/O
                         net (fo=1, routed)           0.809    47.844    MMCAM/c1/delay4/t02
    SLICE_X39Y54         LUT1 (Prop_lut1_I0_O)        0.327    48.171 f  MMCAM/c1/delay4/buf_inst_03/O
                         net (fo=1, routed)           0.264    48.436    MMCAM/c1/delay4/t03
    SLICE_X39Y54         LUT1 (Prop_lut1_I0_O)        0.124    48.560 f  MMCAM/c1/delay4/buf_inst_04/O
                         net (fo=2, routed)           0.812    49.372    MMRAM/ce2/cf0/Send_in
    SLICE_X38Y57         LUT4 (Prop_lut4_I1_O)        0.124    49.496 r  MMRAM/ce2/cf0/nand3_out_inferred_i_1/O
                         net (fo=2, routed)           0.701    50.197    MMRAM/ce2/cf0/nand3_out
    SLICE_X38Y57         LUT2 (Prop_lut2_I0_O)        0.124    50.321 f  MMRAM/ce2/cf0/nand4_out_inferred_i_1/O
                         net (fo=1, routed)           0.282    50.603    MMRAM/ce2/cf0/nand4_out
    SLICE_X38Y57         LUT3 (Prop_lut3_I0_O)        0.124    50.727 r  MMRAM/ce2/cf0/nand5_out_inferred_i_1/O
                         net (fo=3, routed)           0.808    51.535    MMRAM/ce2/cf0/delay3/din
    SLICE_X37Y57         LUT1 (Prop_lut1_I0_O)        0.124    51.659 r  MMRAM/ce2/cf0/delay3/buf_inst_00/O
                         net (fo=1, routed)           0.640    52.299    MMRAM/ce2/cf0/delay3/t00
    SLICE_X37Y57         LUT1 (Prop_lut1_I0_O)        0.124    52.423 r  MMRAM/ce2/cf0/delay3/buf_inst_01/O
                         net (fo=1, routed)           0.433    52.856    MMRAM/ce2/cf0/delay3/t01
    SLICE_X37Y57         LUT1 (Prop_lut1_I0_O)        0.124    52.980 r  MMRAM/ce2/cf0/delay3/buf_inst_02/O
                         net (fo=1, routed)           0.667    53.647    MMRAM/ce2/cf0/delay3/t02
    SLICE_X37Y57         LUT1 (Prop_lut1_I0_O)        0.152    53.799 r  MMRAM/ce2/cf0/delay3/buf_inst_03/O
                         net (fo=1, routed)           0.267    54.065    MMRAM/ce2/cf0/delay3/t03
    SLICE_X37Y57         LUT1 (Prop_lut1_I0_O)        0.328    54.393 r  MMRAM/ce2/cf0/delay3/buf_inst_04/O
                         net (fo=2, routed)           1.063    55.457    MMRAM/ce2/cf0/delay4/din
    SLICE_X32Y58         LUT1 (Prop_lut1_I0_O)        0.353    55.810 r  MMRAM/ce2/cf0/delay4/buf_inst_00/O
                         net (fo=1, routed)           0.848    56.658    MMRAM/ce2/cf0/delay4/t00
    SLICE_X32Y58         LUT1 (Prop_lut1_I0_O)        0.377    57.035 r  MMRAM/ce2/cf0/delay4/buf_inst_01/O
                         net (fo=1, routed)           0.692    57.727    MMRAM/ce2/cf0/delay4/t01
    SLICE_X32Y58         LUT1 (Prop_lut1_I0_O)        0.363    58.090 r  MMRAM/ce2/cf0/delay4/buf_inst_02/O
                         net (fo=2, routed)           0.468    58.558    MMRAM/ce2/CF_Send_out
    SLICE_X32Y58         LUT2 (Prop_lut2_I0_O)        0.355    58.913 r  MMRAM/ce2/or1_out_inferred_i_1/O
                         net (fo=2, routed)           0.997    59.910    PS_Stage/c3/Send_in
    SLICE_X22Y70         LUT4 (Prop_lut4_I1_O)        0.124    60.034 f  PS_Stage/c3/nand3_out_inferred_i_1/O
                         net (fo=2, routed)           0.681    60.714    PS_Stage/c3/nand3_out
    SLICE_X22Y70         LUT2 (Prop_lut2_I0_O)        0.124    60.838 r  PS_Stage/c3/nand4_out_inferred_i_1/O
                         net (fo=1, routed)           0.280    61.118    PS_Stage/c3/nand4_out
    SLICE_X22Y70         LUT3 (Prop_lut3_I0_O)        0.124    61.242 f  PS_Stage/c3/nand5_out_inferred_i_1/O
                         net (fo=3, routed)           0.602    61.844    PS_Stage/c3/delay3/din
    SLICE_X22Y71         LUT1 (Prop_lut1_I0_O)        0.124    61.968 f  PS_Stage/c3/delay3/buf_inst_00/O
                         net (fo=1, routed)           0.433    62.402    PS_Stage/c3/delay3/t00
    SLICE_X22Y71         LUT1 (Prop_lut1_I0_O)        0.124    62.526 f  PS_Stage/c3/delay3/buf_inst_01/O
                         net (fo=1, routed)           0.834    63.360    PS_Stage/c3/delay3/t01
    SLICE_X20Y71         LUT1 (Prop_lut1_I0_O)        0.124    63.484 f  PS_Stage/c3/delay3/buf_inst_02/O
                         net (fo=1, routed)           0.286    63.770    PS_Stage/c3/delay3/t02
    SLICE_X20Y71         LUT1 (Prop_lut1_I0_O)        0.124    63.894 f  PS_Stage/c3/delay3/buf_inst_03/O
                         net (fo=1, routed)           0.161    64.055    PS_Stage/c3/delay3/t03
    SLICE_X20Y71         LUT1 (Prop_lut1_I0_O)        0.124    64.179 f  PS_Stage/c3/delay3/buf_inst_04/O
                         net (fo=2, routed)           0.478    64.657    PS_Stage/c3/delay4/din
    SLICE_X20Y71         LUT1 (Prop_lut1_I0_O)        0.124    64.781 f  PS_Stage/c3/delay4/buf_inst_00/O
                         net (fo=1, routed)           0.873    65.655    PS_Stage/c3/delay4/t00
    SLICE_X21Y71         LUT1 (Prop_lut1_I0_O)        0.124    65.779 f  PS_Stage/c3/delay4/buf_inst_01/O
                         net (fo=1, routed)           0.264    66.043    PS_Stage/c3/delay4/t01
    SLICE_X21Y71         LUT1 (Prop_lut1_I0_O)        0.124    66.167 f  PS_Stage/c3/delay4/buf_inst_02/O
                         net (fo=1, routed)           0.149    66.316    PS_Stage/c3/delay4/t02
    SLICE_X21Y71         LUT1 (Prop_lut1_I0_O)        0.124    66.440 f  PS_Stage/c3/delay4/buf_inst_03/O
                         net (fo=1, routed)           0.433    66.873    PS_Stage/c3/delay4/t03
    SLICE_X21Y71         LUT1 (Prop_lut1_I0_O)        0.124    66.997 f  PS_Stage/c3/delay4/buf_inst_04/O
                         net (fo=2, routed)           1.172    68.170    FP_Stage/ce4/cf0/Send_in
    SLICE_X21Y75         LUT4 (Prop_lut4_I1_O)        0.124    68.294 r  FP_Stage/ce4/cf0/nand3_out_inferred_i_1/O
                         net (fo=2, routed)           0.826    69.119    FP_Stage/ce4/cf0/nand3_out
    SLICE_X23Y75         LUT2 (Prop_lut2_I0_O)        0.124    69.243 f  FP_Stage/ce4/cf0/nand4_out_inferred_i_1/O
                         net (fo=1, routed)           0.151    69.395    FP_Stage/ce4/cf0/nand4_out
    SLICE_X23Y75         LUT3 (Prop_lut3_I0_O)        0.124    69.519 r  FP_Stage/ce4/cf0/nand5_out_inferred_i_1/O
                         net (fo=3, routed)           0.831    70.350    FP_Stage/ce4/cf0/delay3/din
    SLICE_X21Y75         LUT1 (Prop_lut1_I0_O)        0.124    70.474 r  FP_Stage/ce4/cf0/delay3/buf_inst_00/O
                         net (fo=1, routed)           0.433    70.907    FP_Stage/ce4/cf0/delay3/t00
    SLICE_X21Y75         LUT1 (Prop_lut1_I0_O)        0.124    71.031 r  FP_Stage/ce4/cf0/delay3/buf_inst_01/O
                         net (fo=1, routed)           0.665    71.696    FP_Stage/ce4/cf0/delay3/t01
    SLICE_X21Y75         LUT1 (Prop_lut1_I0_O)        0.152    71.848 r  FP_Stage/ce4/cf0/delay3/buf_inst_02/O
                         net (fo=1, routed)           0.458    72.306    FP_Stage/ce4/cf0/delay3/t02
    SLICE_X21Y75         LUT1 (Prop_lut1_I0_O)        0.321    72.627 r  FP_Stage/ce4/cf0/delay3/buf_inst_03/O
                         net (fo=1, routed)           0.267    72.893    FP_Stage/ce4/cf0/delay3/t03
    SLICE_X21Y75         LUT1 (Prop_lut1_I0_O)        0.328    73.221 r  FP_Stage/ce4/cf0/delay3/buf_inst_04/O
                         net (fo=2, routed)           1.018    74.240    FP_Stage/ce4/cf0/delay4/din
    SLICE_X20Y85         LUT1 (Prop_lut1_I0_O)        0.351    74.591 r  FP_Stage/ce4/cf0/delay4/buf_inst_00/O
                         net (fo=1, routed)           0.845    75.436    FP_Stage/ce4/cf0/delay4/t00
    SLICE_X20Y85         LUT1 (Prop_lut1_I0_O)        0.356    75.792 r  FP_Stage/ce4/cf0/delay4/buf_inst_01/O
                         net (fo=1, routed)           0.286    76.078    FP_Stage/ce4/cf0/delay4/t01
    SLICE_X20Y85         LUT1 (Prop_lut1_I0_O)        0.341    76.419 r  FP_Stage/ce4/cf0/delay4/buf_inst_02/O
                         net (fo=2, routed)           0.304    76.723    FP_Stage/ce4/CF_Send_out
    SLICE_X20Y85         LUT2 (Prop_lut2_I0_O)        0.331    77.054 r  FP_Stage/ce4/or1_out_inferred_i_1/O
                         net (fo=2, routed)           1.012    78.066    MA_Stage/c5/Send_in
    SLICE_X23Y91         LUT4 (Prop_lut4_I1_O)        0.124    78.190 f  MA_Stage/c5/nand3_out_inferred_i_1/O
                         net (fo=2, routed)           0.592    78.782    MA_Stage/c5/nand3_out
    SLICE_X24Y91         LUT2 (Prop_lut2_I0_O)        0.124    78.906 r  MA_Stage/c5/nand4_out_inferred_i_1/O
                         net (fo=1, routed)           0.452    79.358    MA_Stage/c5/nand4_out
    SLICE_X24Y91         LUT3 (Prop_lut3_I0_O)        0.124    79.482 f  MA_Stage/c5/nand5_out_inferred_i_1/O
                         net (fo=3, routed)           0.522    80.004    MA_Stage/c5/delay3/din
    SLICE_X25Y91         LUT1 (Prop_lut1_I0_O)        0.124    80.128 f  MA_Stage/c5/delay3/buf_inst_00/O
                         net (fo=1, routed)           0.149    80.277    MA_Stage/c5/delay3/t00
    SLICE_X25Y91         LUT1 (Prop_lut1_I0_O)        0.124    80.401 f  MA_Stage/c5/delay3/buf_inst_01/O
                         net (fo=1, routed)           0.433    80.835    MA_Stage/c5/delay3/t01
    SLICE_X25Y91         LUT1 (Prop_lut1_I0_O)        0.124    80.959 f  MA_Stage/c5/delay3/buf_inst_02/O
                         net (fo=1, routed)           0.517    81.476    MA_Stage/c5/delay3/t02
    SLICE_X24Y91         LUT1 (Prop_lut1_I0_O)        0.124    81.600 f  MA_Stage/c5/delay3/buf_inst_03/O
                         net (fo=1, routed)           0.466    82.065    MA_Stage/c5/delay3/t03
    SLICE_X24Y91         LUT1 (Prop_lut1_I0_O)        0.124    82.189 f  MA_Stage/c5/delay3/buf_inst_04/O
                         net (fo=2, routed)           0.904    83.094    MA_Stage/c5/delay4/din
    SLICE_X27Y91         LUT1 (Prop_lut1_I0_O)        0.124    83.218 f  MA_Stage/c5/delay4/buf_inst_00/O
                         net (fo=1, routed)           0.505    83.723    MA_Stage/c5/delay4/t00
    SLICE_X26Y91         LUT1 (Prop_lut1_I0_O)        0.124    83.847 f  MA_Stage/c5/delay4/buf_inst_01/O
                         net (fo=1, routed)           0.279    84.126    MA_Stage/c5/delay4/t01
    SLICE_X26Y91         LUT1 (Prop_lut1_I0_O)        0.124    84.250 f  MA_Stage/c5/delay4/buf_inst_02/O
                         net (fo=1, routed)           0.158    84.408    MA_Stage/c5/delay4/t02
    SLICE_X26Y91         LUT1 (Prop_lut1_I0_O)        0.124    84.532 f  MA_Stage/c5/delay4/buf_inst_03/O
                         net (fo=1, routed)           0.433    84.966    MA_Stage/c5/delay4/t03
    SLICE_X26Y91         LUT1 (Prop_lut1_I0_O)        0.124    85.090 f  MA_Stage/c5/delay4/buf_inst_04/O
                         net (fo=2, routed)           0.897    85.986    COPY_Stage/cx2_6/cf0/Send_in
    SLICE_X32Y91         LUT4 (Prop_lut4_I1_O)        0.124    86.110 r  COPY_Stage/cx2_6/cf0/nand3_out_inferred_i_1/O
                         net (fo=2, routed)           0.683    86.793    COPY_Stage/cx2_6/cf0/nand3_out
    SLICE_X32Y91         LUT2 (Prop_lut2_I0_O)        0.124    86.917 f  COPY_Stage/cx2_6/cf0/nand4_out_inferred_i_1/O
                         net (fo=1, routed)           0.162    87.079    COPY_Stage/cx2_6/cf0/nand4_out
    SLICE_X32Y91         LUT3 (Prop_lut3_I0_O)        0.124    87.203 r  COPY_Stage/cx2_6/cf0/nand5_out_inferred_i_1/O
                         net (fo=3, routed)           0.679    87.882    COPY_Stage/cx2_6/cf0/delay3/din
    SLICE_X33Y91         LUT1 (Prop_lut1_I0_O)        0.124    88.006 r  COPY_Stage/cx2_6/cf0/delay3/buf_inst_00/O
                         net (fo=1, routed)           0.264    88.270    COPY_Stage/cx2_6/cf0/delay3/t00
    SLICE_X33Y91         LUT1 (Prop_lut1_I0_O)        0.124    88.394 r  COPY_Stage/cx2_6/cf0/delay3/buf_inst_01/O
                         net (fo=1, routed)           0.291    88.685    COPY_Stage/cx2_6/cf0/delay3/t01
    SLICE_X33Y92         LUT1 (Prop_lut1_I0_O)        0.124    88.809 r  COPY_Stage/cx2_6/cf0/delay3/buf_inst_02/O
                         net (fo=1, routed)           0.655    89.464    COPY_Stage/cx2_6/cf0/delay3/t02
    SLICE_X32Y92         LUT1 (Prop_lut1_I0_O)        0.124    89.588 r  COPY_Stage/cx2_6/cf0/delay3/buf_inst_03/O
                         net (fo=1, routed)           0.466    90.054    COPY_Stage/cx2_6/cf0/delay3/t03
    SLICE_X32Y92         LUT1 (Prop_lut1_I0_O)        0.124    90.178 r  COPY_Stage/cx2_6/cf0/delay3/buf_inst_04/O
                         net (fo=2, routed)           0.866    91.044    COPY_Stage/cx2_6/cf0/delay4/din
    SLICE_X36Y88         LUT1 (Prop_lut1_I0_O)        0.124    91.168 r  COPY_Stage/cx2_6/cf0/delay4/buf_inst_00/O
                         net (fo=1, routed)           0.853    92.021    COPY_Stage/cx2_6/cf0/delay4/t00
    SLICE_X36Y88         LUT1 (Prop_lut1_I0_O)        0.124    92.145 r  COPY_Stage/cx2_6/cf0/delay4/buf_inst_01/O
                         net (fo=1, routed)           0.658    92.803    COPY_Stage/cx2_6/cf0/delay4/t01
    SLICE_X37Y88         LUT1 (Prop_lut1_I0_O)        0.124    92.927 r  COPY_Stage/cx2_6/cf0/delay4/buf_inst_02/O
                         net (fo=3, routed)           0.869    93.796    COPY_Stage/cx2_6/CF1_Send_out
    SLICE_X37Y88         LUT2 (Prop_lut2_I0_O)        0.124    93.920 r  COPY_Stage/cx2_6/nand2_inferred_i_1/O
                         net (fo=1, routed)           0.648    94.568    COPY_Stage/cx2_6/nand2
    SLICE_X37Y88         LUT2 (Prop_lut2_I1_O)        0.124    94.692 r  COPY_Stage/cx2_6/and2_inferred_i_1/O
                         net (fo=2, routed)           1.804    96.496    B_Stage/cb7/CF1/Send_in
    SLICE_X43Y56         LUT4 (Prop_lut4_I1_O)        0.124    96.620 f  B_Stage/cb7/CF1/nand3_out_inferred_i_1/O
                         net (fo=2, routed)           0.264    96.885    B_Stage/cb7/CF1/nand3_out
    SLICE_X43Y56         LUT3 (Prop_lut3_I2_O)        0.124    97.009 r  B_Stage/cb7/CF1/nand2_out_inferred_i_1/O
                         net (fo=1, routed)           0.154    97.162    B_Stage/cb7/CF1/nand2_out
    SLICE_X43Y56         LUT2 (Prop_lut2_I1_O)        0.124    97.286 f  B_Stage/cb7/CF1/nand1_out_inferred_i_1/O
                         net (fo=3, routed)           0.680    97.967    B_Stage/cb7/CF1/delay2/din
    SLICE_X42Y58         LUT1 (Prop_lut1_I0_O)        0.124    98.091 f  B_Stage/cb7/CF1/delay2/buf_inst_00/O
                         net (fo=1, routed)           0.466    98.557    B_Stage/cb7/CF1/delay2/t00
    SLICE_X42Y58         LUT1 (Prop_lut1_I0_O)        0.124    98.681 f  B_Stage/cb7/CF1/delay2/buf_inst_01/O
                         net (fo=1, routed)           1.340   100.021    B_Stage/cb7/CF1/delay2/t01
    SLICE_X43Y73         LUT1 (Prop_lut1_I0_O)        0.124   100.145 f  B_Stage/cb7/CF1/delay2/buf_inst_02/O
                         net (fo=1, routed)           0.433   100.578    B_Stage/cb7/CF1/LB_out
    SLICE_X43Y73         LUT1 (Prop_lut1_I0_O)        0.124   100.702 r  B_Stage/cb7/CF1/Ack_out_INST_0/O
                         net (fo=4, routed)           1.607   102.309    COPY_Stage/cx2_6/cf1/Ack_in
    SLICE_X38Y89         LUT3 (Prop_lut3_I2_O)        0.124   102.433 f  COPY_Stage/cx2_6/cf1/nand5_out_inferred_i_1/O
                         net (fo=3, routed)           0.678   103.111    COPY_Stage/cx2_6/cf1/nand5_out
    SLICE_X39Y89         LUT1 (Prop_lut1_I0_O)        0.124   103.235 r  COPY_Stage/cx2_6/cf1/CP_INST_0/O
                         net (fo=2, routed)           0.602   103.838    COPY_Stage/cx2_6/CF2_cp
    SLICE_X38Y87         LUT2 (Prop_lut2_I0_O)        0.124   103.962 f  COPY_Stage/cx2_6/nor1_inferred_i_1/O
                         net (fo=1, routed)           0.161   104.123    COPY_Stage/cx2_6/nor1
    SLICE_X38Y87         LUT2 (Prop_lut2_I1_O)        0.124   104.247 r  COPY_Stage/cx2_6/nor2_inferred_i_1/O
                         net (fo=9, routed)           1.260   105.506    COPY_Stage/FEB
    SLICE_X38Y84         LUT3 (Prop_lut3_I2_O)        0.124   105.630 r  COPY_Stage/MUX1_dest_inferred_i_5/O
                         net (fo=3, routed)           0.690   106.320    B_Stage/subps/U0/inst_blk_mem_gen/gnbram.gnativebmg.native_blk_mem_gen/valid.cstr/ramloop[0].ram.r/prim_init.ram/addra[2]
    RAMB18_X2Y34         RAMB18E1                                     r  B_Stage/subps/U0/inst_blk_mem_gen/gnbram.gnativebmg.native_blk_mem_gen/valid.cstr/ramloop[0].ram.r/prim_init.ram/DEVICE_7SERIES.NO_BMM_INFO.SP.WIDE_PRIM18.ram/ADDRARDADDR[7]
  -------------------------------------------------------------------    -------------------

Slack:                    inf
  Source:                 MR
                            (input port)
  Destination:            B_Stage/subps/U0/inst_blk_mem_gen/gnbram.gnativebmg.native_blk_mem_gen/valid.cstr/ramloop[0].ram.r/prim_init.ram/DEVICE_7SERIES.NO_BMM_INFO.SP.WIDE_PRIM18.ram/ADDRBWRADDR[7]
  Path Group:             (none)
  Path Type:              Max at Slow Process Corner
  Data Path Delay:        106.318ns  (logic 22.938ns (21.575%)  route 83.380ns (78.425%))
  Logic Levels:           136  (IBUF=1 LUT1=90 LUT2=20 LUT3=16 LUT4=8 LUT6=1)

    Location             Delay type                Incr(ns)  Path(ns)    Netlist Resource(s)
  -------------------------------------------------------------------    -------------------
    T15                                               0.000     0.000 f  MR (IN)
                         net (fo=0)                   0.000     0.000    MR
    T15                  IBUF (Prop_ibuf_I_O)         0.996     0.996 f  MR_IBUF_inst/O
                         net (fo=1735, routed)        1.900     2.896    C10/MR
    SLICE_X41Y47         LUT1 (Prop_lut1_I0_O)        0.124     3.020 r  C10/not_out_inferred_i_1/O
                         net (fo=2, routed)           0.591     3.612    C10/not_out
    SLICE_X42Y47         LUT3 (Prop_lut3_I1_O)        0.124     3.736 f  C10/nand5_out_inferred_i_1/O
                         net (fo=3, routed)           0.597     4.332    C10/delay3/din
    SLICE_X40Y47         LUT1 (Prop_lut1_I0_O)        0.150     4.482 f  C10/delay3/buf_inst_00/O
                         net (fo=1, routed)           0.851     5.334    C10/delay3/t00
    SLICE_X40Y47         LUT1 (Prop_lut1_I0_O)        0.354     5.688 f  C10/delay3/buf_inst_01/O
                         net (fo=1, routed)           0.963     6.650    C10/delay3/t01
    SLICE_X43Y45         LUT1 (Prop_lut1_I0_O)        0.332     6.982 f  C10/delay3/buf_inst_02/O
                         net (fo=1, routed)           0.264     7.247    C10/delay3/t02
    SLICE_X43Y45         LUT1 (Prop_lut1_I0_O)        0.124     7.371 f  C10/delay3/buf_inst_03/O
                         net (fo=1, routed)           0.149     7.520    C10/delay3/t03
    SLICE_X43Y45         LUT1 (Prop_lut1_I0_O)        0.124     7.644 f  C10/delay3/buf_inst_04/O
                         net (fo=2, routed)           0.320     7.964    C10/LC_out
    SLICE_X42Y47         LUT4 (Prop_lut4_I3_O)        0.124     8.088 r  C10/nand3_out_inferred_i_1/O
                         net (fo=2, routed)           0.298     8.385    C10/nand3_out
    SLICE_X42Y47         LUT3 (Prop_lut3_I2_O)        0.124     8.509 f  C10/nand2_out_inferred_i_1/O
                         net (fo=1, routed)           0.656     9.165    C10/nand2_out
    SLICE_X43Y47         LUT2 (Prop_lut2_I1_O)        0.124     9.289 r  C10/nand1_out_inferred_i_1/O
                         net (fo=3, routed)           1.300    10.589    C10/delay2/din
    SLICE_X43Y51         LUT1 (Prop_lut1_I0_O)        0.124    10.713 r  C10/delay2/buf_inst_00/O
                         net (fo=1, routed)           0.729    11.442    C10/delay2/t00
    SLICE_X42Y51         LUT1 (Prop_lut1_I0_O)        0.124    11.566 r  C10/delay2/buf_inst_01/O
                         net (fo=1, routed)           0.286    11.852    C10/delay2/t01
    SLICE_X42Y51         LUT1 (Prop_lut1_I0_O)        0.124    11.976 r  C10/delay2/buf_inst_02/O
                         net (fo=1, routed)           0.161    12.137    C10/delay2/t02
    SLICE_X42Y51         LUT1 (Prop_lut1_I0_O)        0.124    12.261 r  C10/delay2/buf_inst_03/O
                         net (fo=1, routed)           0.466    12.727    C10/delay2/t03
    SLICE_X42Y51         LUT1 (Prop_lut1_I0_O)        0.124    12.851 r  C10/delay2/buf_inst_04/O
                         net (fo=1, routed)           0.872    13.724    C10/LB_out
    SLICE_X43Y51         LUT1 (Prop_lut1_I0_O)        0.124    13.848 f  C10/Ack_out_INST_0/O
                         net (fo=1, routed)           0.433    14.281    B_Stage/cb7/Ack_in_a
    SLICE_X43Y51         LUT2 (Prop_lut2_I0_O)        0.124    14.405 f  B_Stage/cb7/Ack_in_and_inferred_i_1/O
                         net (fo=2, routed)           1.101    15.505    B_Stage/cb7/CF1/Ack_in
    SLICE_X43Y56         LUT3 (Prop_lut3_I2_O)        0.124    15.629 r  B_Stage/cb7/CF1/nand5_out_inferred_i_1/O
                         net (fo=3, routed)           0.754    16.383    B_Stage/cb7/CF1/delay3/din
    SLICE_X42Y56         LUT1 (Prop_lut1_I0_O)        0.124    16.507 r  B_Stage/cb7/CF1/delay3/buf_inst_00/O
                         net (fo=1, routed)           0.984    17.491    B_Stage/cb7/CF1/delay3/t00
    SLICE_X42Y56         LUT1 (Prop_lut1_I0_O)        0.124    17.615 r  B_Stage/cb7/CF1/delay3/buf_inst_01/O
                         net (fo=1, routed)           0.466    18.081    B_Stage/cb7/CF1/delay3/t01
    SLICE_X42Y56         LUT1 (Prop_lut1_I0_O)        0.124    18.205 r  B_Stage/cb7/CF1/delay3/buf_inst_02/O
                         net (fo=1, routed)           0.680    18.885    B_Stage/cb7/CF1/delay3/t02
    SLICE_X42Y56         LUT1 (Prop_lut1_I0_O)        0.150    19.035 r  B_Stage/cb7/CF1/delay3/buf_inst_03/O
                         net (fo=1, routed)           0.845    19.881    B_Stage/cb7/CF1/delay3/t03
    SLICE_X42Y56         LUT1 (Prop_lut1_I0_O)        0.356    20.237 r  B_Stage/cb7/CF1/delay3/buf_inst_04/O
                         net (fo=2, routed)           0.302    20.539    B_Stage/cb7/CF1/delay4/din
    SLICE_X42Y56         LUT1 (Prop_lut1_I0_O)        0.341    20.880 r  B_Stage/cb7/CF1/delay4/buf_inst_00/O
                         net (fo=1, routed)           1.004    21.884    B_Stage/cb7/CF1/delay4/t00
    SLICE_X39Y51         LUT1 (Prop_lut1_I0_O)        0.331    22.215 r  B_Stage/cb7/CF1/delay4/buf_inst_01/O
                         net (fo=1, routed)           0.433    22.648    B_Stage/cb7/CF1/delay4/t01
    SLICE_X39Y51         LUT1 (Prop_lut1_I0_O)        0.124    22.772 r  B_Stage/cb7/CF1/delay4/buf_inst_02/O
                         net (fo=2, routed)           0.678    23.450    B_Stage/cb7/CF_Send_out
    SLICE_X39Y51         LUT2 (Prop_lut2_I0_O)        0.124    23.574 r  B_Stage/cb7/nand2_inferred_i_1/O
                         net (fo=3, routed)           0.607    24.181    M_Stage/cm0/arb/Send_in_b
    SLICE_X41Y50         LUT3 (Prop_lut3_I0_O)        0.124    24.305 f  M_Stage/cm0/arb/nand2_1_inferred_i_1/O
                         net (fo=1, routed)           0.505    24.810    M_Stage/cm0/arb/nand2_1
    SLICE_X40Y50         LUT3 (Prop_lut3_I2_O)        0.124    24.934 r  M_Stage/cm0/arb/nand2_2_inferred_i_1/O
                         net (fo=2, routed)           0.679    25.613    M_Stage/cm0/arb/nand2_2
    SLICE_X40Y50         LUT2 (Prop_lut2_I0_O)        0.124    25.737 f  M_Stage/cm0/arb/nand3_2_inferred_i_1/O
                         net (fo=2, routed)           0.816    26.553    M_Stage/cm0/arb/nand3_2
    SLICE_X39Y50         LUT3 (Prop_lut3_I1_O)        0.124    26.677 r  M_Stage/cm0/arb/nand4_2_inferred_i_1/O
                         net (fo=2, routed)           0.379    27.057    M_Stage/cm0/arb/nand4_2
    SLICE_X39Y50         LUT2 (Prop_lut2_I0_O)        0.124    27.181 f  M_Stage/cm0/arb/nand4_1_inferred_i_1/O
                         net (fo=2, routed)           0.608    27.789    M_Stage/cm0/cj2/g
    SLICE_X38Y48         LUT6 (Prop_lut6_I0_O)        0.124    27.913 r  M_Stage/cm0/cj2/nand3_out_inferred_i_1/O
                         net (fo=2, routed)           0.683    28.596    M_Stage/cm0/cj2/nand3_out
    SLICE_X38Y48         LUT2 (Prop_lut2_I0_O)        0.124    28.720 f  M_Stage/cm0/cj2/nand4_out_inferred_i_1/O
                         net (fo=1, routed)           0.162    28.882    M_Stage/cm0/cj2/nand4_out
    SLICE_X38Y48         LUT3 (Prop_lut3_I0_O)        0.124    29.006 r  M_Stage/cm0/cj2/nand5_out_inferred_i_1/O
                         net (fo=3, routed)           0.811    29.817    M_Stage/cm0/cj2/delay3/din
    SLICE_X37Y48         LUT1 (Prop_lut1_I0_O)        0.124    29.941 r  M_Stage/cm0/cj2/delay3/buf_inst_00/O
                         net (fo=1, routed)           0.433    30.374    M_Stage/cm0/cj2/delay3/t00
    SLICE_X37Y48         LUT1 (Prop_lut1_I0_O)        0.124    30.498 r  M_Stage/cm0/cj2/delay3/buf_inst_01/O
                         net (fo=1, routed)           0.665    31.163    M_Stage/cm0/cj2/delay3/t01
    SLICE_X37Y48         LUT1 (Prop_lut1_I0_O)        0.152    31.315 r  M_Stage/cm0/cj2/delay3/buf_inst_02/O
                         net (fo=1, routed)           0.848    32.163    M_Stage/cm0/cj2/delay3/t02
    SLICE_X37Y48         LUT1 (Prop_lut1_I0_O)        0.354    32.517 r  M_Stage/cm0/cj2/delay3/buf_inst_03/O
                         net (fo=1, routed)           0.267    32.783    M_Stage/cm0/cj2/delay3/t03
    SLICE_X37Y48         LUT1 (Prop_lut1_I0_O)        0.328    33.111 r  M_Stage/cm0/cj2/delay3/buf_inst_04/O
                         net (fo=2, routed)           0.301    33.412    M_Stage/cm0/cj2/delay4/din
    SLICE_X39Y48         LUT1 (Prop_lut1_I0_O)        0.327    33.739 r  M_Stage/cm0/cj2/delay4/buf_inst_00/O
                         net (fo=1, routed)           0.526    34.265    M_Stage/cm0/cj2/delay4/t00
    SLICE_X38Y48         LUT1 (Prop_lut1_I0_O)        0.124    34.389 r  M_Stage/cm0/cj2/delay4/buf_inst_01/O
                         net (fo=1, routed)           0.662    35.050    M_Stage/cm0/cj2/delay4/t01
    SLICE_X38Y50         LUT1 (Prop_lut1_I0_O)        0.124    35.174 r  M_Stage/cm0/cj2/delay4/buf_inst_02/O
                         net (fo=1, routed)           0.466    35.640    M_Stage/cm0/cj2/delay4/t02
    SLICE_X38Y50         LUT1 (Prop_lut1_I0_O)        0.124    35.764 r  M_Stage/cm0/cj2/delay4/buf_inst_03/O
                         net (fo=1, routed)           0.680    36.444    M_Stage/cm0/cj2/delay4/t03
    SLICE_X38Y50         LUT1 (Prop_lut1_I0_O)        0.150    36.594 r  M_Stage/cm0/cj2/delay4/buf_inst_04/O
                         net (fo=1, routed)           0.165    36.759    M_Stage/cm0/cj2/LD_out
    SLICE_X38Y50         LUT1 (Prop_lut1_I0_O)        0.328    37.087 f  M_Stage/cm0/cj2/Send_out_INST_0/O
                         net (fo=1, routed)           0.452    37.539    M_Stage/cm0/cop1
    SLICE_X38Y50         LUT2 (Prop_lut2_I1_O)        0.124    37.663 r  M_Stage/cm0/nor1_inferred_i_1/O
                         net (fo=2, routed)           0.816    38.479    MMCAM/c1/Send_in
    SLICE_X38Y53         LUT4 (Prop_lut4_I1_O)        0.124    38.603 f  MMCAM/c1/nand3_out_inferred_i_1/O
                         net (fo=2, routed)           0.841    39.444    MMCAM/c1/nand3_out
    SLICE_X38Y54         LUT2 (Prop_lut2_I0_O)        0.124    39.568 r  MMCAM/c1/nand4_out_inferred_i_1/O
                         net (fo=1, routed)           0.666    40.234    MMCAM/c1/nand4_out
    SLICE_X38Y54         LUT3 (Prop_lut3_I0_O)        0.124    40.358 f  MMCAM/c1/nand5_out_inferred_i_1/O
                         net (fo=3, routed)           0.963    41.321    MMCAM/c1/delay3/din
    SLICE_X41Y54         LUT1 (Prop_lut1_I0_O)        0.124    41.445 f  MMCAM/c1/delay3/buf_inst_00/O
                         net (fo=1, routed)           0.870    42.315    MMCAM/c1/delay3/t00
    SLICE_X40Y54         LUT1 (Prop_lut1_I0_O)        0.124    42.439 f  MMCAM/c1/delay3/buf_inst_01/O
                         net (fo=1, routed)           0.279    42.718    MMCAM/c1/delay3/t01
    SLICE_X40Y54         LUT1 (Prop_lut1_I0_O)        0.124    42.842 f  MMCAM/c1/delay3/buf_inst_02/O
                         net (fo=1, routed)           0.853    43.695    MMCAM/c1/delay3/t02
    SLICE_X40Y54         LUT1 (Prop_lut1_I0_O)        0.124    43.819 f  MMCAM/c1/delay3/buf_inst_03/O
                         net (fo=1, routed)           0.433    44.252    MMCAM/c1/delay3/t03
    SLICE_X40Y54         LUT1 (Prop_lut1_I0_O)        0.124    44.376 f  MMCAM/c1/delay3/buf_inst_04/O
                         net (fo=2, routed)           0.686    45.062    MMCAM/c1/delay4/din
    SLICE_X40Y54         LUT1 (Prop_lut1_I0_O)        0.152    45.214 f  MMCAM/c1/delay4/buf_inst_00/O
                         net (fo=1, routed)           0.851    46.066    MMCAM/c1/delay4/t00
    SLICE_X40Y54         LUT1 (Prop_lut1_I0_O)        0.354    46.420 f  MMCAM/c1/delay4/buf_inst_01/O
                         net (fo=1, routed)           0.288    46.708    MMCAM/c1/delay4/t01
    SLICE_X40Y54         LUT1 (Prop_lut1_I0_O)        0.328    47.036 f  MMCAM/c1/delay4/buf_inst_02/O
                         net (fo=1, routed)           0.809    47.844    MMCAM/c1/delay4/t02
    SLICE_X39Y54         LUT1 (Prop_lut1_I0_O)        0.327    48.171 f  MMCAM/c1/delay4/buf_inst_03/O
                         net (fo=1, routed)           0.264    48.436    MMCAM/c1/delay4/t03
    SLICE_X39Y54         LUT1 (Prop_lut1_I0_O)        0.124    48.560 f  MMCAM/c1/delay4/buf_inst_04/O
                         net (fo=2, routed)           0.812    49.372    MMRAM/ce2/cf0/Send_in
    SLICE_X38Y57         LUT4 (Prop_lut4_I1_O)        0.124    49.496 r  MMRAM/ce2/cf0/nand3_out_inferred_i_1/O
                         net (fo=2, routed)           0.701    50.197    MMRAM/ce2/cf0/nand3_out
    SLICE_X38Y57         LUT2 (Prop_lut2_I0_O)        0.124    50.321 f  MMRAM/ce2/cf0/nand4_out_inferred_i_1/O
                         net (fo=1, routed)           0.282    50.603    MMRAM/ce2/cf0/nand4_out
    SLICE_X38Y57         LUT3 (Prop_lut3_I0_O)        0.124    50.727 r  MMRAM/ce2/cf0/nand5_out_inferred_i_1/O
                         net (fo=3, routed)           0.808    51.535    MMRAM/ce2/cf0/delay3/din
    SLICE_X37Y57         LUT1 (Prop_lut1_I0_O)        0.124    51.659 r  MMRAM/ce2/cf0/delay3/buf_inst_00/O
                         net (fo=1, routed)           0.640    52.299    MMRAM/ce2/cf0/delay3/t00
    SLICE_X37Y57         LUT1 (Prop_lut1_I0_O)        0.124    52.423 r  MMRAM/ce2/cf0/delay3/buf_inst_01/O
                         net (fo=1, routed)           0.433    52.856    MMRAM/ce2/cf0/delay3/t01
    SLICE_X37Y57         LUT1 (Prop_lut1_I0_O)        0.124    52.980 r  MMRAM/ce2/cf0/delay3/buf_inst_02/O
                         net (fo=1, routed)           0.667    53.647    MMRAM/ce2/cf0/delay3/t02
    SLICE_X37Y57         LUT1 (Prop_lut1_I0_O)        0.152    53.799 r  MMRAM/ce2/cf0/delay3/buf_inst_03/O
                         net (fo=1, routed)           0.267    54.065    MMRAM/ce2/cf0/delay3/t03
    SLICE_X37Y57         LUT1 (Prop_lut1_I0_O)        0.328    54.393 r  MMRAM/ce2/cf0/delay3/buf_inst_04/O
                         net (fo=2, routed)           1.063    55.457    MMRAM/ce2/cf0/delay4/din
    SLICE_X32Y58         LUT1 (Prop_lut1_I0_O)        0.353    55.810 r  MMRAM/ce2/cf0/delay4/buf_inst_00/O
                         net (fo=1, routed)           0.848    56.658    MMRAM/ce2/cf0/delay4/t00
    SLICE_X32Y58         LUT1 (Prop_lut1_I0_O)        0.377    57.035 r  MMRAM/ce2/cf0/delay4/buf_inst_01/O
                         net (fo=1, routed)           0.692    57.727    MMRAM/ce2/cf0/delay4/t01
    SLICE_X32Y58         LUT1 (Prop_lut1_I0_O)        0.363    58.090 r  MMRAM/ce2/cf0/delay4/buf_inst_02/O
                         net (fo=2, routed)           0.468    58.558    MMRAM/ce2/CF_Send_out
    SLICE_X32Y58         LUT2 (Prop_lut2_I0_O)        0.355    58.913 r  MMRAM/ce2/or1_out_inferred_i_1/O
                         net (fo=2, routed)           0.997    59.910    PS_Stage/c3/Send_in
    SLICE_X22Y70         LUT4 (Prop_lut4_I1_O)        0.124    60.034 f  PS_Stage/c3/nand3_out_inferred_i_1/O
                         net (fo=2, routed)           0.681    60.714    PS_Stage/c3/nand3_out
    SLICE_X22Y70         LUT2 (Prop_lut2_I0_O)        0.124    60.838 r  PS_Stage/c3/nand4_out_inferred_i_1/O
                         net (fo=1, routed)           0.280    61.118    PS_Stage/c3/nand4_out
    SLICE_X22Y70         LUT3 (Prop_lut3_I0_O)        0.124    61.242 f  PS_Stage/c3/nand5_out_inferred_i_1/O
                         net (fo=3, routed)           0.602    61.844    PS_Stage/c3/delay3/din
    SLICE_X22Y71         LUT1 (Prop_lut1_I0_O)        0.124    61.968 f  PS_Stage/c3/delay3/buf_inst_00/O
                         net (fo=1, routed)           0.433    62.402    PS_Stage/c3/delay3/t00
    SLICE_X22Y71         LUT1 (Prop_lut1_I0_O)        0.124    62.526 f  PS_Stage/c3/delay3/buf_inst_01/O
                         net (fo=1, routed)           0.834    63.360    PS_Stage/c3/delay3/t01
    SLICE_X20Y71         LUT1 (Prop_lut1_I0_O)        0.124    63.484 f  PS_Stage/c3/delay3/buf_inst_02/O
                         net (fo=1, routed)           0.286    63.770    PS_Stage/c3/delay3/t02
    SLICE_X20Y71         LUT1 (Prop_lut1_I0_O)        0.124    63.894 f  PS_Stage/c3/delay3/buf_inst_03/O
                         net (fo=1, routed)           0.161    64.055    PS_Stage/c3/delay3/t03
    SLICE_X20Y71         LUT1 (Prop_lut1_I0_O)        0.124    64.179 f  PS_Stage/c3/delay3/buf_inst_04/O
                         net (fo=2, routed)           0.478    64.657    PS_Stage/c3/delay4/din
    SLICE_X20Y71         LUT1 (Prop_lut1_I0_O)        0.124    64.781 f  PS_Stage/c3/delay4/buf_inst_00/O
                         net (fo=1, routed)           0.873    65.655    PS_Stage/c3/delay4/t00
    SLICE_X21Y71         LUT1 (Prop_lut1_I0_O)        0.124    65.779 f  PS_Stage/c3/delay4/buf_inst_01/O
                         net (fo=1, routed)           0.264    66.043    PS_Stage/c3/delay4/t01
    SLICE_X21Y71         LUT1 (Prop_lut1_I0_O)        0.124    66.167 f  PS_Stage/c3/delay4/buf_inst_02/O
                         net (fo=1, routed)           0.149    66.316    PS_Stage/c3/delay4/t02
    SLICE_X21Y71         LUT1 (Prop_lut1_I0_O)        0.124    66.440 f  PS_Stage/c3/delay4/buf_inst_03/O
                         net (fo=1, routed)           0.433    66.873    PS_Stage/c3/delay4/t03
    SLICE_X21Y71         LUT1 (Prop_lut1_I0_O)        0.124    66.997 f  PS_Stage/c3/delay4/buf_inst_04/O
                         net (fo=2, routed)           1.172    68.170    FP_Stage/ce4/cf0/Send_in
    SLICE_X21Y75         LUT4 (Prop_lut4_I1_O)        0.124    68.294 r  FP_Stage/ce4/cf0/nand3_out_inferred_i_1/O
                         net (fo=2, routed)           0.826    69.119    FP_Stage/ce4/cf0/nand3_out
    SLICE_X23Y75         LUT2 (Prop_lut2_I0_O)        0.124    69.243 f  FP_Stage/ce4/cf0/nand4_out_inferred_i_1/O
                         net (fo=1, routed)           0.151    69.395    FP_Stage/ce4/cf0/nand4_out
    SLICE_X23Y75         LUT3 (Prop_lut3_I0_O)        0.124    69.519 r  FP_Stage/ce4/cf0/nand5_out_inferred_i_1/O
                         net (fo=3, routed)           0.831    70.350    FP_Stage/ce4/cf0/delay3/din
    SLICE_X21Y75         LUT1 (Prop_lut1_I0_O)        0.124    70.474 r  FP_Stage/ce4/cf0/delay3/buf_inst_00/O
                         net (fo=1, routed)           0.433    70.907    FP_Stage/ce4/cf0/delay3/t00
    SLICE_X21Y75         LUT1 (Prop_lut1_I0_O)        0.124    71.031 r  FP_Stage/ce4/cf0/delay3/buf_inst_01/O
                         net (fo=1, routed)           0.665    71.696    FP_Stage/ce4/cf0/delay3/t01
    SLICE_X21Y75         LUT1 (Prop_lut1_I0_O)        0.152    71.848 r  FP_Stage/ce4/cf0/delay3/buf_inst_02/O
                         net (fo=1, routed)           0.458    72.306    FP_Stage/ce4/cf0/delay3/t02
    SLICE_X21Y75         LUT1 (Prop_lut1_I0_O)        0.321    72.627 r  FP_Stage/ce4/cf0/delay3/buf_inst_03/O
                         net (fo=1, routed)           0.267    72.893    FP_Stage/ce4/cf0/delay3/t03
    SLICE_X21Y75         LUT1 (Prop_lut1_I0_O)        0.328    73.221 r  FP_Stage/ce4/cf0/delay3/buf_inst_04/O
                         net (fo=2, routed)           1.018    74.240    FP_Stage/ce4/cf0/delay4/din
    SLICE_X20Y85         LUT1 (Prop_lut1_I0_O)        0.351    74.591 r  FP_Stage/ce4/cf0/delay4/buf_inst_00/O
                         net (fo=1, routed)           0.845    75.436    FP_Stage/ce4/cf0/delay4/t00
    SLICE_X20Y85         LUT1 (Prop_lut1_I0_O)        0.356    75.792 r  FP_Stage/ce4/cf0/delay4/buf_inst_01/O
                         net (fo=1, routed)           0.286    76.078    FP_Stage/ce4/cf0/delay4/t01
    SLICE_X20Y85         LUT1 (Prop_lut1_I0_O)        0.341    76.419 r  FP_Stage/ce4/cf0/delay4/buf_inst_02/O
                         net (fo=2, routed)           0.304    76.723    FP_Stage/ce4/CF_Send_out
    SLICE_X20Y85         LUT2 (Prop_lut2_I0_O)        0.331    77.054 r  FP_Stage/ce4/or1_out_inferred_i_1/O
                         net (fo=2, routed)           1.012    78.066    MA_Stage/c5/Send_in
    SLICE_X23Y91         LUT4 (Prop_lut4_I1_O)        0.124    78.190 f  MA_Stage/c5/nand3_out_inferred_i_1/O
                         net (fo=2, routed)           0.592    78.782    MA_Stage/c5/nand3_out
    SLICE_X24Y91         LUT2 (Prop_lut2_I0_O)        0.124    78.906 r  MA_Stage/c5/nand4_out_inferred_i_1/O
                         net (fo=1, routed)           0.452    79.358    MA_Stage/c5/nand4_out
    SLICE_X24Y91         LUT3 (Prop_lut3_I0_O)        0.124    79.482 f  MA_Stage/c5/nand5_out_inferred_i_1/O
                         net (fo=3, routed)           0.522    80.004    MA_Stage/c5/delay3/din
    SLICE_X25Y91         LUT1 (Prop_lut1_I0_O)        0.124    80.128 f  MA_Stage/c5/delay3/buf_inst_00/O
                         net (fo=1, routed)           0.149    80.277    MA_Stage/c5/delay3/t00
    SLICE_X25Y91         LUT1 (Prop_lut1_I0_O)        0.124    80.401 f  MA_Stage/c5/delay3/buf_inst_01/O
                         net (fo=1, routed)           0.433    80.835    MA_Stage/c5/delay3/t01
    SLICE_X25Y91         LUT1 (Prop_lut1_I0_O)        0.124    80.959 f  MA_Stage/c5/delay3/buf_inst_02/O
                         net (fo=1, routed)           0.517    81.476    MA_Stage/c5/delay3/t02
    SLICE_X24Y91         LUT1 (Prop_lut1_I0_O)        0.124    81.600 f  MA_Stage/c5/delay3/buf_inst_03/O
                         net (fo=1, routed)           0.466    82.065    MA_Stage/c5/delay3/t03
    SLICE_X24Y91         LUT1 (Prop_lut1_I0_O)        0.124    82.189 f  MA_Stage/c5/delay3/buf_inst_04/O
                         net (fo=2, routed)           0.904    83.094    MA_Stage/c5/delay4/din
    SLICE_X27Y91         LUT1 (Prop_lut1_I0_O)        0.124    83.218 f  MA_Stage/c5/delay4/buf_inst_00/O
                         net (fo=1, routed)           0.505    83.723    MA_Stage/c5/delay4/t00
    SLICE_X26Y91         LUT1 (Prop_lut1_I0_O)        0.124    83.847 f  MA_Stage/c5/delay4/buf_inst_01/O
                         net (fo=1, routed)           0.279    84.126    MA_Stage/c5/delay4/t01
    SLICE_X26Y91         LUT1 (Prop_lut1_I0_O)        0.124    84.250 f  MA_Stage/c5/delay4/buf_inst_02/O
                         net (fo=1, routed)           0.158    84.408    MA_Stage/c5/delay4/t02
    SLICE_X26Y91         LUT1 (Prop_lut1_I0_O)        0.124    84.532 f  MA_Stage/c5/delay4/buf_inst_03/O
                         net (fo=1, routed)           0.433    84.966    MA_Stage/c5/delay4/t03
    SLICE_X26Y91         LUT1 (Prop_lut1_I0_O)        0.124    85.090 f  MA_Stage/c5/delay4/buf_inst_04/O
                         net (fo=2, routed)           0.897    85.986    COPY_Stage/cx2_6/cf0/Send_in
    SLICE_X32Y91         LUT4 (Prop_lut4_I1_O)        0.124    86.110 r  COPY_Stage/cx2_6/cf0/nand3_out_inferred_i_1/O
                         net (fo=2, routed)           0.683    86.793    COPY_Stage/cx2_6/cf0/nand3_out
    SLICE_X32Y91         LUT2 (Prop_lut2_I0_O)        0.124    86.917 f  COPY_Stage/cx2_6/cf0/nand4_out_inferred_i_1/O
                         net (fo=1, routed)           0.162    87.079    COPY_Stage/cx2_6/cf0/nand4_out
    SLICE_X32Y91         LUT3 (Prop_lut3_I0_O)        0.124    87.203 r  COPY_Stage/cx2_6/cf0/nand5_out_inferred_i_1/O
                         net (fo=3, routed)           0.679    87.882    COPY_Stage/cx2_6/cf0/delay3/din
    SLICE_X33Y91         LUT1 (Prop_lut1_I0_O)        0.124    88.006 r  COPY_Stage/cx2_6/cf0/delay3/buf_inst_00/O
                         net (fo=1, routed)           0.264    88.270    COPY_Stage/cx2_6/cf0/delay3/t00
    SLICE_X33Y91         LUT1 (Prop_lut1_I0_O)        0.124    88.394 r  COPY_Stage/cx2_6/cf0/delay3/buf_inst_01/O
                         net (fo=1, routed)           0.291    88.685    COPY_Stage/cx2_6/cf0/delay3/t01
    SLICE_X33Y92         LUT1 (Prop_lut1_I0_O)        0.124    88.809 r  COPY_Stage/cx2_6/cf0/delay3/buf_inst_02/O
                         net (fo=1, routed)           0.655    89.464    COPY_Stage/cx2_6/cf0/delay3/t02
    SLICE_X32Y92         LUT1 (Prop_lut1_I0_O)        0.124    89.588 r  COPY_Stage/cx2_6/cf0/delay3/buf_inst_03/O
                         net (fo=1, routed)           0.466    90.054    COPY_Stage/cx2_6/cf0/delay3/t03
    SLICE_X32Y92         LUT1 (Prop_lut1_I0_O)        0.124    90.178 r  COPY_Stage/cx2_6/cf0/delay3/buf_inst_04/O
                         net (fo=2, routed)           0.866    91.044    COPY_Stage/cx2_6/cf0/delay4/din
    SLICE_X36Y88         LUT1 (Prop_lut1_I0_O)        0.124    91.168 r  COPY_Stage/cx2_6/cf0/delay4/buf_inst_00/O
                         net (fo=1, routed)           0.853    92.021    COPY_Stage/cx2_6/cf0/delay4/t00
    SLICE_X36Y88         LUT1 (Prop_lut1_I0_O)        0.124    92.145 r  COPY_Stage/cx2_6/cf0/delay4/buf_inst_01/O
                         net (fo=1, routed)           0.658    92.803    COPY_Stage/cx2_6/cf0/delay4/t01
    SLICE_X37Y88         LUT1 (Prop_lut1_I0_O)        0.124    92.927 r  COPY_Stage/cx2_6/cf0/delay4/buf_inst_02/O
                         net (fo=3, routed)           0.869    93.796    COPY_Stage/cx2_6/CF1_Send_out
    SLICE_X37Y88         LUT2 (Prop_lut2_I0_O)        0.124    93.920 r  COPY_Stage/cx2_6/nand2_inferred_i_1/O
                         net (fo=1, routed)           0.648    94.568    COPY_Stage/cx2_6/nand2
    SLICE_X37Y88         LUT2 (Prop_lut2_I1_O)        0.124    94.692 r  COPY_Stage/cx2_6/and2_inferred_i_1/O
                         net (fo=2, routed)           1.804    96.496    B_Stage/cb7/CF1/Send_in
    SLICE_X43Y56         LUT4 (Prop_lut4_I1_O)        0.124    96.620 f  B_Stage/cb7/CF1/nand3_out_inferred_i_1/O
                         net (fo=2, routed)           0.264    96.885    B_Stage/cb7/CF1/nand3_out
    SLICE_X43Y56         LUT3 (Prop_lut3_I2_O)        0.124    97.009 r  B_Stage/cb7/CF1/nand2_out_inferred_i_1/O
                         net (fo=1, routed)           0.154    97.162    B_Stage/cb7/CF1/nand2_out
    SLICE_X43Y56         LUT2 (Prop_lut2_I1_O)        0.124    97.286 f  B_Stage/cb7/CF1/nand1_out_inferred_i_1/O
                         net (fo=3, routed)           0.680    97.967    B_Stage/cb7/CF1/delay2/din
    SLICE_X42Y58         LUT1 (Prop_lut1_I0_O)        0.124    98.091 f  B_Stage/cb7/CF1/delay2/buf_inst_00/O
                         net (fo=1, routed)           0.466    98.557    B_Stage/cb7/CF1/delay2/t00
    SLICE_X42Y58         LUT1 (Prop_lut1_I0_O)        0.124    98.681 f  B_Stage/cb7/CF1/delay2/buf_inst_01/O
                         net (fo=1, routed)           1.340   100.021    B_Stage/cb7/CF1/delay2/t01
    SLICE_X43Y73         LUT1 (Prop_lut1_I0_O)        0.124   100.145 f  B_Stage/cb7/CF1/delay2/buf_inst_02/O
                         net (fo=1, routed)           0.433   100.578    B_Stage/cb7/CF1/LB_out
    SLICE_X43Y73         LUT1 (Prop_lut1_I0_O)        0.124   100.702 r  B_Stage/cb7/CF1/Ack_out_INST_0/O
                         net (fo=4, routed)           1.607   102.309    COPY_Stage/cx2_6/cf1/Ack_in
    SLICE_X38Y89         LUT3 (Prop_lut3_I2_O)        0.124   102.433 f  COPY_Stage/cx2_6/cf1/nand5_out_inferred_i_1/O
                         net (fo=3, routed)           0.678   103.111    COPY_Stage/cx2_6/cf1/nand5_out
    SLICE_X39Y89         LUT1 (Prop_lut1_I0_O)        0.124   103.235 r  COPY_Stage/cx2_6/cf1/CP_INST_0/O
                         net (fo=2, routed)           0.602   103.838    COPY_Stage/cx2_6/CF2_cp
    SLICE_X38Y87         LUT2 (Prop_lut2_I0_O)        0.124   103.962 f  COPY_Stage/cx2_6/nor1_inferred_i_1/O
                         net (fo=1, routed)           0.161   104.123    COPY_Stage/cx2_6/nor1
    SLICE_X38Y87         LUT2 (Prop_lut2_I1_O)        0.124   104.247 r  COPY_Stage/cx2_6/nor2_inferred_i_1/O
                         net (fo=9, routed)           1.260   105.506    COPY_Stage/FEB
    SLICE_X38Y84         LUT3 (Prop_lut3_I2_O)        0.124   105.630 r  COPY_Stage/MUX1_dest_inferred_i_5/O
                         net (fo=3, routed)           0.688   106.319    B_Stage/subps/U0/inst_blk_mem_gen/gnbram.gnativebmg.native_blk_mem_gen/valid.cstr/ramloop[0].ram.r/prim_init.ram/addra[2]
    RAMB18_X2Y34         RAMB18E1                                     r  B_Stage/subps/U0/inst_blk_mem_gen/gnbram.gnativebmg.native_blk_mem_gen/valid.cstr/ramloop[0].ram.r/prim_init.ram/DEVICE_7SERIES.NO_BMM_INFO.SP.WIDE_PRIM18.ram/ADDRBWRADDR[7]
  -------------------------------------------------------------------    -------------------

Slack:                    inf
  Source:                 MR
                            (input port)
  Destination:            B_Stage/subps/U0/inst_blk_mem_gen/gnbram.gnativebmg.native_blk_mem_gen/valid.cstr/ramloop[0].ram.r/prim_init.ram/DEVICE_7SERIES.NO_BMM_INFO.SP.WIDE_PRIM18.ram/ADDRARDADDR[9]
  Path Group:             (none)
  Path Type:              Max at Slow Process Corner
  Data Path Delay:        106.249ns  (logic 22.938ns (21.589%)  route 83.311ns (78.411%))
  Logic Levels:           136  (IBUF=1 LUT1=90 LUT2=20 LUT3=16 LUT4=8 LUT6=1)

    Location             Delay type                Incr(ns)  Path(ns)    Netlist Resource(s)
  -------------------------------------------------------------------    -------------------
    T15                                               0.000     0.000 f  MR (IN)
                         net (fo=0)                   0.000     0.000    MR
    T15                  IBUF (Prop_ibuf_I_O)         0.996     0.996 f  MR_IBUF_inst/O
                         net (fo=1735, routed)        1.900     2.896    C10/MR
    SLICE_X41Y47         LUT1 (Prop_lut1_I0_O)        0.124     3.020 r  C10/not_out_inferred_i_1/O
                         net (fo=2, routed)           0.591     3.612    C10/not_out
    SLICE_X42Y47         LUT3 (Prop_lut3_I1_O)        0.124     3.736 f  C10/nand5_out_inferred_i_1/O
                         net (fo=3, routed)           0.597     4.332    C10/delay3/din
    SLICE_X40Y47         LUT1 (Prop_lut1_I0_O)        0.150     4.482 f  C10/delay3/buf_inst_00/O
                         net (fo=1, routed)           0.851     5.334    C10/delay3/t00
    SLICE_X40Y47         LUT1 (Prop_lut1_I0_O)        0.354     5.688 f  C10/delay3/buf_inst_01/O
                         net (fo=1, routed)           0.963     6.650    C10/delay3/t01
    SLICE_X43Y45         LUT1 (Prop_lut1_I0_O)        0.332     6.982 f  C10/delay3/buf_inst_02/O
                         net (fo=1, routed)           0.264     7.247    C10/delay3/t02
    SLICE_X43Y45         LUT1 (Prop_lut1_I0_O)        0.124     7.371 f  C10/delay3/buf_inst_03/O
                         net (fo=1, routed)           0.149     7.520    C10/delay3/t03
    SLICE_X43Y45         LUT1 (Prop_lut1_I0_O)        0.124     7.644 f  C10/delay3/buf_inst_04/O
                         net (fo=2, routed)           0.320     7.964    C10/LC_out
    SLICE_X42Y47         LUT4 (Prop_lut4_I3_O)        0.124     8.088 r  C10/nand3_out_inferred_i_1/O
                         net (fo=2, routed)           0.298     8.385    C10/nand3_out
    SLICE_X42Y47         LUT3 (Prop_lut3_I2_O)        0.124     8.509 f  C10/nand2_out_inferred_i_1/O
                         net (fo=1, routed)           0.656     9.165    C10/nand2_out
    SLICE_X43Y47         LUT2 (Prop_lut2_I1_O)        0.124     9.289 r  C10/nand1_out_inferred_i_1/O
                         net (fo=3, routed)           1.300    10.589    C10/delay2/din
    SLICE_X43Y51         LUT1 (Prop_lut1_I0_O)        0.124    10.713 r  C10/delay2/buf_inst_00/O
                         net (fo=1, routed)           0.729    11.442    C10/delay2/t00
    SLICE_X42Y51         LUT1 (Prop_lut1_I0_O)        0.124    11.566 r  C10/delay2/buf_inst_01/O
                         net (fo=1, routed)           0.286    11.852    C10/delay2/t01
    SLICE_X42Y51         LUT1 (Prop_lut1_I0_O)        0.124    11.976 r  C10/delay2/buf_inst_02/O
                         net (fo=1, routed)           0.161    12.137    C10/delay2/t02
    SLICE_X42Y51         LUT1 (Prop_lut1_I0_O)        0.124    12.261 r  C10/delay2/buf_inst_03/O
                         net (fo=1, routed)           0.466    12.727    C10/delay2/t03
    SLICE_X42Y51         LUT1 (Prop_lut1_I0_O)        0.124    12.851 r  C10/delay2/buf_inst_04/O
                         net (fo=1, routed)           0.872    13.724    C10/LB_out
    SLICE_X43Y51         LUT1 (Prop_lut1_I0_O)        0.124    13.848 f  C10/Ack_out_INST_0/O
                         net (fo=1, routed)           0.433    14.281    B_Stage/cb7/Ack_in_a
    SLICE_X43Y51         LUT2 (Prop_lut2_I0_O)        0.124    14.405 f  B_Stage/cb7/Ack_in_and_inferred_i_1/O
                         net (fo=2, routed)           1.101    15.505    B_Stage/cb7/CF1/Ack_in
    SLICE_X43Y56         LUT3 (Prop_lut3_I2_O)        0.124    15.629 r  B_Stage/cb7/CF1/nand5_out_inferred_i_1/O
                         net (fo=3, routed)           0.754    16.383    B_Stage/cb7/CF1/delay3/din
    SLICE_X42Y56         LUT1 (Prop_lut1_I0_O)        0.124    16.507 r  B_Stage/cb7/CF1/delay3/buf_inst_00/O
                         net (fo=1, routed)           0.984    17.491    B_Stage/cb7/CF1/delay3/t00
    SLICE_X42Y56         LUT1 (Prop_lut1_I0_O)        0.124    17.615 r  B_Stage/cb7/CF1/delay3/buf_inst_01/O
                         net (fo=1, routed)           0.466    18.081    B_Stage/cb7/CF1/delay3/t01
    SLICE_X42Y56         LUT1 (Prop_lut1_I0_O)        0.124    18.205 r  B_Stage/cb7/CF1/delay3/buf_inst_02/O
                         net (fo=1, routed)           0.680    18.885    B_Stage/cb7/CF1/delay3/t02
    SLICE_X42Y56         LUT1 (Prop_lut1_I0_O)        0.150    19.035 r  B_Stage/cb7/CF1/delay3/buf_inst_03/O
                         net (fo=1, routed)           0.845    19.881    B_Stage/cb7/CF1/delay3/t03
    SLICE_X42Y56         LUT1 (Prop_lut1_I0_O)        0.356    20.237 r  B_Stage/cb7/CF1/delay3/buf_inst_04/O
                         net (fo=2, routed)           0.302    20.539    B_Stage/cb7/CF1/delay4/din
    SLICE_X42Y56         LUT1 (Prop_lut1_I0_O)        0.341    20.880 r  B_Stage/cb7/CF1/delay4/buf_inst_00/O
                         net (fo=1, routed)           1.004    21.884    B_Stage/cb7/CF1/delay4/t00
    SLICE_X39Y51         LUT1 (Prop_lut1_I0_O)        0.331    22.215 r  B_Stage/cb7/CF1/delay4/buf_inst_01/O
                         net (fo=1, routed)           0.433    22.648    B_Stage/cb7/CF1/delay4/t01
    SLICE_X39Y51         LUT1 (Prop_lut1_I0_O)        0.124    22.772 r  B_Stage/cb7/CF1/delay4/buf_inst_02/O
                         net (fo=2, routed)           0.678    23.450    B_Stage/cb7/CF_Send_out
    SLICE_X39Y51         LUT2 (Prop_lut2_I0_O)        0.124    23.574 r  B_Stage/cb7/nand2_inferred_i_1/O
                         net (fo=3, routed)           0.607    24.181    M_Stage/cm0/arb/Send_in_b
    SLICE_X41Y50         LUT3 (Prop_lut3_I0_O)        0.124    24.305 f  M_Stage/cm0/arb/nand2_1_inferred_i_1/O
                         net (fo=1, routed)           0.505    24.810    M_Stage/cm0/arb/nand2_1
    SLICE_X40Y50         LUT3 (Prop_lut3_I2_O)        0.124    24.934 r  M_Stage/cm0/arb/nand2_2_inferred_i_1/O
                         net (fo=2, routed)           0.679    25.613    M_Stage/cm0/arb/nand2_2
    SLICE_X40Y50         LUT2 (Prop_lut2_I0_O)        0.124    25.737 f  M_Stage/cm0/arb/nand3_2_inferred_i_1/O
                         net (fo=2, routed)           0.816    26.553    M_Stage/cm0/arb/nand3_2
    SLICE_X39Y50         LUT3 (Prop_lut3_I1_O)        0.124    26.677 r  M_Stage/cm0/arb/nand4_2_inferred_i_1/O
                         net (fo=2, routed)           0.379    27.057    M_Stage/cm0/arb/nand4_2
    SLICE_X39Y50         LUT2 (Prop_lut2_I0_O)        0.124    27.181 f  M_Stage/cm0/arb/nand4_1_inferred_i_1/O
                         net (fo=2, routed)           0.608    27.789    M_Stage/cm0/cj2/g
    SLICE_X38Y48         LUT6 (Prop_lut6_I0_O)        0.124    27.913 r  M_Stage/cm0/cj2/nand3_out_inferred_i_1/O
                         net (fo=2, routed)           0.683    28.596    M_Stage/cm0/cj2/nand3_out
    SLICE_X38Y48         LUT2 (Prop_lut2_I0_O)        0.124    28.720 f  M_Stage/cm0/cj2/nand4_out_inferred_i_1/O
                         net (fo=1, routed)           0.162    28.882    M_Stage/cm0/cj2/nand4_out
    SLICE_X38Y48         LUT3 (Prop_lut3_I0_O)        0.124    29.006 r  M_Stage/cm0/cj2/nand5_out_inferred_i_1/O
                         net (fo=3, routed)           0.811    29.817    M_Stage/cm0/cj2/delay3/din
    SLICE_X37Y48         LUT1 (Prop_lut1_I0_O)        0.124    29.941 r  M_Stage/cm0/cj2/delay3/buf_inst_00/O
                         net (fo=1, routed)           0.433    30.374    M_Stage/cm0/cj2/delay3/t00
    SLICE_X37Y48         LUT1 (Prop_lut1_I0_O)        0.124    30.498 r  M_Stage/cm0/cj2/delay3/buf_inst_01/O
                         net (fo=1, routed)           0.665    31.163    M_Stage/cm0/cj2/delay3/t01
    SLICE_X37Y48         LUT1 (Prop_lut1_I0_O)        0.152    31.315 r  M_Stage/cm0/cj2/delay3/buf_inst_02/O
                         net (fo=1, routed)           0.848    32.163    M_Stage/cm0/cj2/delay3/t02
    SLICE_X37Y48         LUT1 (Prop_lut1_I0_O)        0.354    32.517 r  M_Stage/cm0/cj2/delay3/buf_inst_03/O
                         net (fo=1, routed)           0.267    32.783    M_Stage/cm0/cj2/delay3/t03
    SLICE_X37Y48         LUT1 (Prop_lut1_I0_O)        0.328    33.111 r  M_Stage/cm0/cj2/delay3/buf_inst_04/O
                         net (fo=2, routed)           0.301    33.412    M_Stage/cm0/cj2/delay4/din
    SLICE_X39Y48         LUT1 (Prop_lut1_I0_O)        0.327    33.739 r  M_Stage/cm0/cj2/delay4/buf_inst_00/O
                         net (fo=1, routed)           0.526    34.265    M_Stage/cm0/cj2/delay4/t00
    SLICE_X38Y48         LUT1 (Prop_lut1_I0_O)        0.124    34.389 r  M_Stage/cm0/cj2/delay4/buf_inst_01/O
                         net (fo=1, routed)           0.662    35.050    M_Stage/cm0/cj2/delay4/t01
    SLICE_X38Y50         LUT1 (Prop_lut1_I0_O)        0.124    35.174 r  M_Stage/cm0/cj2/delay4/buf_inst_02/O
                         net (fo=1, routed)           0.466    35.640    M_Stage/cm0/cj2/delay4/t02
    SLICE_X38Y50         LUT1 (Prop_lut1_I0_O)        0.124    35.764 r  M_Stage/cm0/cj2/delay4/buf_inst_03/O
                         net (fo=1, routed)           0.680    36.444    M_Stage/cm0/cj2/delay4/t03
    SLICE_X38Y50         LUT1 (Prop_lut1_I0_O)        0.150    36.594 r  M_Stage/cm0/cj2/delay4/buf_inst_04/O
                         net (fo=1, routed)           0.165    36.759    M_Stage/cm0/cj2/LD_out
    SLICE_X38Y50         LUT1 (Prop_lut1_I0_O)        0.328    37.087 f  M_Stage/cm0/cj2/Send_out_INST_0/O
                         net (fo=1, routed)           0.452    37.539    M_Stage/cm0/cop1
    SLICE_X38Y50         LUT2 (Prop_lut2_I1_O)        0.124    37.663 r  M_Stage/cm0/nor1_inferred_i_1/O
                         net (fo=2, routed)           0.816    38.479    MMCAM/c1/Send_in
    SLICE_X38Y53         LUT4 (Prop_lut4_I1_O)        0.124    38.603 f  MMCAM/c1/nand3_out_inferred_i_1/O
                         net (fo=2, routed)           0.841    39.444    MMCAM/c1/nand3_out
    SLICE_X38Y54         LUT2 (Prop_lut2_I0_O)        0.124    39.568 r  MMCAM/c1/nand4_out_inferred_i_1/O
                         net (fo=1, routed)           0.666    40.234    MMCAM/c1/nand4_out
    SLICE_X38Y54         LUT3 (Prop_lut3_I0_O)        0.124    40.358 f  MMCAM/c1/nand5_out_inferred_i_1/O
                         net (fo=3, routed)           0.963    41.321    MMCAM/c1/delay3/din
    SLICE_X41Y54         LUT1 (Prop_lut1_I0_O)        0.124    41.445 f  MMCAM/c1/delay3/buf_inst_00/O
                         net (fo=1, routed)           0.870    42.315    MMCAM/c1/delay3/t00
    SLICE_X40Y54         LUT1 (Prop_lut1_I0_O)        0.124    42.439 f  MMCAM/c1/delay3/buf_inst_01/O
                         net (fo=1, routed)           0.279    42.718    MMCAM/c1/delay3/t01
    SLICE_X40Y54         LUT1 (Prop_lut1_I0_O)        0.124    42.842 f  MMCAM/c1/delay3/buf_inst_02/O
                         net (fo=1, routed)           0.853    43.695    MMCAM/c1/delay3/t02
    SLICE_X40Y54         LUT1 (Prop_lut1_I0_O)        0.124    43.819 f  MMCAM/c1/delay3/buf_inst_03/O
                         net (fo=1, routed)           0.433    44.252    MMCAM/c1/delay3/t03
    SLICE_X40Y54         LUT1 (Prop_lut1_I0_O)        0.124    44.376 f  MMCAM/c1/delay3/buf_inst_04/O
                         net (fo=2, routed)           0.686    45.062    MMCAM/c1/delay4/din
    SLICE_X40Y54         LUT1 (Prop_lut1_I0_O)        0.152    45.214 f  MMCAM/c1/delay4/buf_inst_00/O
                         net (fo=1, routed)           0.851    46.066    MMCAM/c1/delay4/t00
    SLICE_X40Y54         LUT1 (Prop_lut1_I0_O)        0.354    46.420 f  MMCAM/c1/delay4/buf_inst_01/O
                         net (fo=1, routed)           0.288    46.708    MMCAM/c1/delay4/t01
    SLICE_X40Y54         LUT1 (Prop_lut1_I0_O)        0.328    47.036 f  MMCAM/c1/delay4/buf_inst_02/O
                         net (fo=1, routed)           0.809    47.844    MMCAM/c1/delay4/t02
    SLICE_X39Y54         LUT1 (Prop_lut1_I0_O)        0.327    48.171 f  MMCAM/c1/delay4/buf_inst_03/O
                         net (fo=1, routed)           0.264    48.436    MMCAM/c1/delay4/t03
    SLICE_X39Y54         LUT1 (Prop_lut1_I0_O)        0.124    48.560 f  MMCAM/c1/delay4/buf_inst_04/O
                         net (fo=2, routed)           0.812    49.372    MMRAM/ce2/cf0/Send_in
    SLICE_X38Y57         LUT4 (Prop_lut4_I1_O)        0.124    49.496 r  MMRAM/ce2/cf0/nand3_out_inferred_i_1/O
                         net (fo=2, routed)           0.701    50.197    MMRAM/ce2/cf0/nand3_out
    SLICE_X38Y57         LUT2 (Prop_lut2_I0_O)        0.124    50.321 f  MMRAM/ce2/cf0/nand4_out_inferred_i_1/O
                         net (fo=1, routed)           0.282    50.603    MMRAM/ce2/cf0/nand4_out
    SLICE_X38Y57         LUT3 (Prop_lut3_I0_O)        0.124    50.727 r  MMRAM/ce2/cf0/nand5_out_inferred_i_1/O
                         net (fo=3, routed)           0.808    51.535    MMRAM/ce2/cf0/delay3/din
    SLICE_X37Y57         LUT1 (Prop_lut1_I0_O)        0.124    51.659 r  MMRAM/ce2/cf0/delay3/buf_inst_00/O
                         net (fo=1, routed)           0.640    52.299    MMRAM/ce2/cf0/delay3/t00
    SLICE_X37Y57         LUT1 (Prop_lut1_I0_O)        0.124    52.423 r  MMRAM/ce2/cf0/delay3/buf_inst_01/O
                         net (fo=1, routed)           0.433    52.856    MMRAM/ce2/cf0/delay3/t01
    SLICE_X37Y57         LUT1 (Prop_lut1_I0_O)        0.124    52.980 r  MMRAM/ce2/cf0/delay3/buf_inst_02/O
                         net (fo=1, routed)           0.667    53.647    MMRAM/ce2/cf0/delay3/t02
    SLICE_X37Y57         LUT1 (Prop_lut1_I0_O)        0.152    53.799 r  MMRAM/ce2/cf0/delay3/buf_inst_03/O
                         net (fo=1, routed)           0.267    54.065    MMRAM/ce2/cf0/delay3/t03
    SLICE_X37Y57         LUT1 (Prop_lut1_I0_O)        0.328    54.393 r  MMRAM/ce2/cf0/delay3/buf_inst_04/O
                         net (fo=2, routed)           1.063    55.457    MMRAM/ce2/cf0/delay4/din
    SLICE_X32Y58         LUT1 (Prop_lut1_I0_O)        0.353    55.810 r  MMRAM/ce2/cf0/delay4/buf_inst_00/O
                         net (fo=1, routed)           0.848    56.658    MMRAM/ce2/cf0/delay4/t00
    SLICE_X32Y58         LUT1 (Prop_lut1_I0_O)        0.377    57.035 r  MMRAM/ce2/cf0/delay4/buf_inst_01/O
                         net (fo=1, routed)           0.692    57.727    MMRAM/ce2/cf0/delay4/t01
    SLICE_X32Y58         LUT1 (Prop_lut1_I0_O)        0.363    58.090 r  MMRAM/ce2/cf0/delay4/buf_inst_02/O
                         net (fo=2, routed)           0.468    58.558    MMRAM/ce2/CF_Send_out
    SLICE_X32Y58         LUT2 (Prop_lut2_I0_O)        0.355    58.913 r  MMRAM/ce2/or1_out_inferred_i_1/O
                         net (fo=2, routed)           0.997    59.910    PS_Stage/c3/Send_in
    SLICE_X22Y70         LUT4 (Prop_lut4_I1_O)        0.124    60.034 f  PS_Stage/c3/nand3_out_inferred_i_1/O
                         net (fo=2, routed)           0.681    60.714    PS_Stage/c3/nand3_out
    SLICE_X22Y70         LUT2 (Prop_lut2_I0_O)        0.124    60.838 r  PS_Stage/c3/nand4_out_inferred_i_1/O
                         net (fo=1, routed)           0.280    61.118    PS_Stage/c3/nand4_out
    SLICE_X22Y70         LUT3 (Prop_lut3_I0_O)        0.124    61.242 f  PS_Stage/c3/nand5_out_inferred_i_1/O
                         net (fo=3, routed)           0.602    61.844    PS_Stage/c3/delay3/din
    SLICE_X22Y71         LUT1 (Prop_lut1_I0_O)        0.124    61.968 f  PS_Stage/c3/delay3/buf_inst_00/O
                         net (fo=1, routed)           0.433    62.402    PS_Stage/c3/delay3/t00
    SLICE_X22Y71         LUT1 (Prop_lut1_I0_O)        0.124    62.526 f  PS_Stage/c3/delay3/buf_inst_01/O
                         net (fo=1, routed)           0.834    63.360    PS_Stage/c3/delay3/t01
    SLICE_X20Y71         LUT1 (Prop_lut1_I0_O)        0.124    63.484 f  PS_Stage/c3/delay3/buf_inst_02/O
                         net (fo=1, routed)           0.286    63.770    PS_Stage/c3/delay3/t02
    SLICE_X20Y71         LUT1 (Prop_lut1_I0_O)        0.124    63.894 f  PS_Stage/c3/delay3/buf_inst_03/O
                         net (fo=1, routed)           0.161    64.055    PS_Stage/c3/delay3/t03
    SLICE_X20Y71         LUT1 (Prop_lut1_I0_O)        0.124    64.179 f  PS_Stage/c3/delay3/buf_inst_04/O
                         net (fo=2, routed)           0.478    64.657    PS_Stage/c3/delay4/din
    SLICE_X20Y71         LUT1 (Prop_lut1_I0_O)        0.124    64.781 f  PS_Stage/c3/delay4/buf_inst_00/O
                         net (fo=1, routed)           0.873    65.655    PS_Stage/c3/delay4/t00
    SLICE_X21Y71         LUT1 (Prop_lut1_I0_O)        0.124    65.779 f  PS_Stage/c3/delay4/buf_inst_01/O
                         net (fo=1, routed)           0.264    66.043    PS_Stage/c3/delay4/t01
    SLICE_X21Y71         LUT1 (Prop_lut1_I0_O)        0.124    66.167 f  PS_Stage/c3/delay4/buf_inst_02/O
                         net (fo=1, routed)           0.149    66.316    PS_Stage/c3/delay4/t02
    SLICE_X21Y71         LUT1 (Prop_lut1_I0_O)        0.124    66.440 f  PS_Stage/c3/delay4/buf_inst_03/O
                         net (fo=1, routed)           0.433    66.873    PS_Stage/c3/delay4/t03
    SLICE_X21Y71         LUT1 (Prop_lut1_I0_O)        0.124    66.997 f  PS_Stage/c3/delay4/buf_inst_04/O
                         net (fo=2, routed)           1.172    68.170    FP_Stage/ce4/cf0/Send_in
    SLICE_X21Y75         LUT4 (Prop_lut4_I1_O)        0.124    68.294 r  FP_Stage/ce4/cf0/nand3_out_inferred_i_1/O
                         net (fo=2, routed)           0.826    69.119    FP_Stage/ce4/cf0/nand3_out
    SLICE_X23Y75         LUT2 (Prop_lut2_I0_O)        0.124    69.243 f  FP_Stage/ce4/cf0/nand4_out_inferred_i_1/O
                         net (fo=1, routed)           0.151    69.395    FP_Stage/ce4/cf0/nand4_out
    SLICE_X23Y75         LUT3 (Prop_lut3_I0_O)        0.124    69.519 r  FP_Stage/ce4/cf0/nand5_out_inferred_i_1/O
                         net (fo=3, routed)           0.831    70.350    FP_Stage/ce4/cf0/delay3/din
    SLICE_X21Y75         LUT1 (Prop_lut1_I0_O)        0.124    70.474 r  FP_Stage/ce4/cf0/delay3/buf_inst_00/O
                         net (fo=1, routed)           0.433    70.907    FP_Stage/ce4/cf0/delay3/t00
    SLICE_X21Y75         LUT1 (Prop_lut1_I0_O)        0.124    71.031 r  FP_Stage/ce4/cf0/delay3/buf_inst_01/O
                         net (fo=1, routed)           0.665    71.696    FP_Stage/ce4/cf0/delay3/t01
    SLICE_X21Y75         LUT1 (Prop_lut1_I0_O)        0.152    71.848 r  FP_Stage/ce4/cf0/delay3/buf_inst_02/O
                         net (fo=1, routed)           0.458    72.306    FP_Stage/ce4/cf0/delay3/t02
    SLICE_X21Y75         LUT1 (Prop_lut1_I0_O)        0.321    72.627 r  FP_Stage/ce4/cf0/delay3/buf_inst_03/O
                         net (fo=1, routed)           0.267    72.893    FP_Stage/ce4/cf0/delay3/t03
    SLICE_X21Y75         LUT1 (Prop_lut1_I0_O)        0.328    73.221 r  FP_Stage/ce4/cf0/delay3/buf_inst_04/O
                         net (fo=2, routed)           1.018    74.240    FP_Stage/ce4/cf0/delay4/din
    SLICE_X20Y85         LUT1 (Prop_lut1_I0_O)        0.351    74.591 r  FP_Stage/ce4/cf0/delay4/buf_inst_00/O
                         net (fo=1, routed)           0.845    75.436    FP_Stage/ce4/cf0/delay4/t00
    SLICE_X20Y85         LUT1 (Prop_lut1_I0_O)        0.356    75.792 r  FP_Stage/ce4/cf0/delay4/buf_inst_01/O
                         net (fo=1, routed)           0.286    76.078    FP_Stage/ce4/cf0/delay4/t01
    SLICE_X20Y85         LUT1 (Prop_lut1_I0_O)        0.341    76.419 r  FP_Stage/ce4/cf0/delay4/buf_inst_02/O
                         net (fo=2, routed)           0.304    76.723    FP_Stage/ce4/CF_Send_out
    SLICE_X20Y85         LUT2 (Prop_lut2_I0_O)        0.331    77.054 r  FP_Stage/ce4/or1_out_inferred_i_1/O
                         net (fo=2, routed)           1.012    78.066    MA_Stage/c5/Send_in
    SLICE_X23Y91         LUT4 (Prop_lut4_I1_O)        0.124    78.190 f  MA_Stage/c5/nand3_out_inferred_i_1/O
                         net (fo=2, routed)           0.592    78.782    MA_Stage/c5/nand3_out
    SLICE_X24Y91         LUT2 (Prop_lut2_I0_O)        0.124    78.906 r  MA_Stage/c5/nand4_out_inferred_i_1/O
                         net (fo=1, routed)           0.452    79.358    MA_Stage/c5/nand4_out
    SLICE_X24Y91         LUT3 (Prop_lut3_I0_O)        0.124    79.482 f  MA_Stage/c5/nand5_out_inferred_i_1/O
                         net (fo=3, routed)           0.522    80.004    MA_Stage/c5/delay3/din
    SLICE_X25Y91         LUT1 (Prop_lut1_I0_O)        0.124    80.128 f  MA_Stage/c5/delay3/buf_inst_00/O
                         net (fo=1, routed)           0.149    80.277    MA_Stage/c5/delay3/t00
    SLICE_X25Y91         LUT1 (Prop_lut1_I0_O)        0.124    80.401 f  MA_Stage/c5/delay3/buf_inst_01/O
                         net (fo=1, routed)           0.433    80.835    MA_Stage/c5/delay3/t01
    SLICE_X25Y91         LUT1 (Prop_lut1_I0_O)        0.124    80.959 f  MA_Stage/c5/delay3/buf_inst_02/O
                         net (fo=1, routed)           0.517    81.476    MA_Stage/c5/delay3/t02
    SLICE_X24Y91         LUT1 (Prop_lut1_I0_O)        0.124    81.600 f  MA_Stage/c5/delay3/buf_inst_03/O
                         net (fo=1, routed)           0.466    82.065    MA_Stage/c5/delay3/t03
    SLICE_X24Y91         LUT1 (Prop_lut1_I0_O)        0.124    82.189 f  MA_Stage/c5/delay3/buf_inst_04/O
                         net (fo=2, routed)           0.904    83.094    MA_Stage/c5/delay4/din
    SLICE_X27Y91         LUT1 (Prop_lut1_I0_O)        0.124    83.218 f  MA_Stage/c5/delay4/buf_inst_00/O
                         net (fo=1, routed)           0.505    83.723    MA_Stage/c5/delay4/t00
    SLICE_X26Y91         LUT1 (Prop_lut1_I0_O)        0.124    83.847 f  MA_Stage/c5/delay4/buf_inst_01/O
                         net (fo=1, routed)           0.279    84.126    MA_Stage/c5/delay4/t01
    SLICE_X26Y91         LUT1 (Prop_lut1_I0_O)        0.124    84.250 f  MA_Stage/c5/delay4/buf_inst_02/O
                         net (fo=1, routed)           0.158    84.408    MA_Stage/c5/delay4/t02
    SLICE_X26Y91         LUT1 (Prop_lut1_I0_O)        0.124    84.532 f  MA_Stage/c5/delay4/buf_inst_03/O
                         net (fo=1, routed)           0.433    84.966    MA_Stage/c5/delay4/t03
    SLICE_X26Y91         LUT1 (Prop_lut1_I0_O)        0.124    85.090 f  MA_Stage/c5/delay4/buf_inst_04/O
                         net (fo=2, routed)           0.897    85.986    COPY_Stage/cx2_6/cf0/Send_in
    SLICE_X32Y91         LUT4 (Prop_lut4_I1_O)        0.124    86.110 r  COPY_Stage/cx2_6/cf0/nand3_out_inferred_i_1/O
                         net (fo=2, routed)           0.683    86.793    COPY_Stage/cx2_6/cf0/nand3_out
    SLICE_X32Y91         LUT2 (Prop_lut2_I0_O)        0.124    86.917 f  COPY_Stage/cx2_6/cf0/nand4_out_inferred_i_1/O
                         net (fo=1, routed)           0.162    87.079    COPY_Stage/cx2_6/cf0/nand4_out
    SLICE_X32Y91         LUT3 (Prop_lut3_I0_O)        0.124    87.203 r  COPY_Stage/cx2_6/cf0/nand5_out_inferred_i_1/O
                         net (fo=3, routed)           0.679    87.882    COPY_Stage/cx2_6/cf0/delay3/din
    SLICE_X33Y91         LUT1 (Prop_lut1_I0_O)        0.124    88.006 r  COPY_Stage/cx2_6/cf0/delay3/buf_inst_00/O
                         net (fo=1, routed)           0.264    88.270    COPY_Stage/cx2_6/cf0/delay3/t00
    SLICE_X33Y91         LUT1 (Prop_lut1_I0_O)        0.124    88.394 r  COPY_Stage/cx2_6/cf0/delay3/buf_inst_01/O
                         net (fo=1, routed)           0.291    88.685    COPY_Stage/cx2_6/cf0/delay3/t01
    SLICE_X33Y92         LUT1 (Prop_lut1_I0_O)        0.124    88.809 r  COPY_Stage/cx2_6/cf0/delay3/buf_inst_02/O
                         net (fo=1, routed)           0.655    89.464    COPY_Stage/cx2_6/cf0/delay3/t02
    SLICE_X32Y92         LUT1 (Prop_lut1_I0_O)        0.124    89.588 r  COPY_Stage/cx2_6/cf0/delay3/buf_inst_03/O
                         net (fo=1, routed)           0.466    90.054    COPY_Stage/cx2_6/cf0/delay3/t03
    SLICE_X32Y92         LUT1 (Prop_lut1_I0_O)        0.124    90.178 r  COPY_Stage/cx2_6/cf0/delay3/buf_inst_04/O
                         net (fo=2, routed)           0.866    91.044    COPY_Stage/cx2_6/cf0/delay4/din
    SLICE_X36Y88         LUT1 (Prop_lut1_I0_O)        0.124    91.168 r  COPY_Stage/cx2_6/cf0/delay4/buf_inst_00/O
                         net (fo=1, routed)           0.853    92.021    COPY_Stage/cx2_6/cf0/delay4/t00
    SLICE_X36Y88         LUT1 (Prop_lut1_I0_O)        0.124    92.145 r  COPY_Stage/cx2_6/cf0/delay4/buf_inst_01/O
                         net (fo=1, routed)           0.658    92.803    COPY_Stage/cx2_6/cf0/delay4/t01
    SLICE_X37Y88         LUT1 (Prop_lut1_I0_O)        0.124    92.927 r  COPY_Stage/cx2_6/cf0/delay4/buf_inst_02/O
                         net (fo=3, routed)           0.869    93.796    COPY_Stage/cx2_6/CF1_Send_out
    SLICE_X37Y88         LUT2 (Prop_lut2_I0_O)        0.124    93.920 r  COPY_Stage/cx2_6/nand2_inferred_i_1/O
                         net (fo=1, routed)           0.648    94.568    COPY_Stage/cx2_6/nand2
    SLICE_X37Y88         LUT2 (Prop_lut2_I1_O)        0.124    94.692 r  COPY_Stage/cx2_6/and2_inferred_i_1/O
                         net (fo=2, routed)           1.804    96.496    B_Stage/cb7/CF1/Send_in
    SLICE_X43Y56         LUT4 (Prop_lut4_I1_O)        0.124    96.620 f  B_Stage/cb7/CF1/nand3_out_inferred_i_1/O
                         net (fo=2, routed)           0.264    96.885    B_Stage/cb7/CF1/nand3_out
    SLICE_X43Y56         LUT3 (Prop_lut3_I2_O)        0.124    97.009 r  B_Stage/cb7/CF1/nand2_out_inferred_i_1/O
                         net (fo=1, routed)           0.154    97.162    B_Stage/cb7/CF1/nand2_out
    SLICE_X43Y56         LUT2 (Prop_lut2_I1_O)        0.124    97.286 f  B_Stage/cb7/CF1/nand1_out_inferred_i_1/O
                         net (fo=3, routed)           0.680    97.967    B_Stage/cb7/CF1/delay2/din
    SLICE_X42Y58         LUT1 (Prop_lut1_I0_O)        0.124    98.091 f  B_Stage/cb7/CF1/delay2/buf_inst_00/O
                         net (fo=1, routed)           0.466    98.557    B_Stage/cb7/CF1/delay2/t00
    SLICE_X42Y58         LUT1 (Prop_lut1_I0_O)        0.124    98.681 f  B_Stage/cb7/CF1/delay2/buf_inst_01/O
                         net (fo=1, routed)           1.340   100.021    B_Stage/cb7/CF1/delay2/t01
    SLICE_X43Y73         LUT1 (Prop_lut1_I0_O)        0.124   100.145 f  B_Stage/cb7/CF1/delay2/buf_inst_02/O
                         net (fo=1, routed)           0.433   100.578    B_Stage/cb7/CF1/LB_out
    SLICE_X43Y73         LUT1 (Prop_lut1_I0_O)        0.124   100.702 r  B_Stage/cb7/CF1/Ack_out_INST_0/O
                         net (fo=4, routed)           1.607   102.309    COPY_Stage/cx2_6/cf1/Ack_in
    SLICE_X38Y89         LUT3 (Prop_lut3_I2_O)        0.124   102.433 f  COPY_Stage/cx2_6/cf1/nand5_out_inferred_i_1/O
                         net (fo=3, routed)           0.678   103.111    COPY_Stage/cx2_6/cf1/nand5_out
    SLICE_X39Y89         LUT1 (Prop_lut1_I0_O)        0.124   103.235 r  COPY_Stage/cx2_6/cf1/CP_INST_0/O
                         net (fo=2, routed)           0.602   103.838    COPY_Stage/cx2_6/CF2_cp
    SLICE_X38Y87         LUT2 (Prop_lut2_I0_O)        0.124   103.962 f  COPY_Stage/cx2_6/nor1_inferred_i_1/O
                         net (fo=1, routed)           0.161   104.123    COPY_Stage/cx2_6/nor1
    SLICE_X38Y87         LUT2 (Prop_lut2_I1_O)        0.124   104.247 r  COPY_Stage/cx2_6/nor2_inferred_i_1/O
                         net (fo=9, routed)           1.019   105.266    COPY_Stage/FEB
    SLICE_X40Y85         LUT3 (Prop_lut3_I2_O)        0.124   105.390 r  COPY_Stage/MUX1_dest_inferred_i_3/O
                         net (fo=3, routed)           0.859   106.249    B_Stage/subps/U0/inst_blk_mem_gen/gnbram.gnativebmg.native_blk_mem_gen/valid.cstr/ramloop[0].ram.r/prim_init.ram/addra[4]
    RAMB18_X2Y34         RAMB18E1                                     r  B_Stage/subps/U0/inst_blk_mem_gen/gnbram.gnativebmg.native_blk_mem_gen/valid.cstr/ramloop[0].ram.r/prim_init.ram/DEVICE_7SERIES.NO_BMM_INFO.SP.WIDE_PRIM18.ram/ADDRARDADDR[9]
  -------------------------------------------------------------------    -------------------

Slack:                    inf
  Source:                 MR
                            (input port)
  Destination:            B_Stage/subps/U0/inst_blk_mem_gen/gnbram.gnativebmg.native_blk_mem_gen/valid.cstr/ramloop[0].ram.r/prim_init.ram/DEVICE_7SERIES.NO_BMM_INFO.SP.WIDE_PRIM18.ram/ADDRBWRADDR[9]
  Path Group:             (none)
  Path Type:              Max at Slow Process Corner
  Data Path Delay:        106.247ns  (logic 22.938ns (21.590%)  route 83.309ns (78.411%))
  Logic Levels:           136  (IBUF=1 LUT1=90 LUT2=20 LUT3=16 LUT4=8 LUT6=1)

    Location             Delay type                Incr(ns)  Path(ns)    Netlist Resource(s)
  -------------------------------------------------------------------    -------------------
    T15                                               0.000     0.000 f  MR (IN)
                         net (fo=0)                   0.000     0.000    MR
    T15                  IBUF (Prop_ibuf_I_O)         0.996     0.996 f  MR_IBUF_inst/O
                         net (fo=1735, routed)        1.900     2.896    C10/MR
    SLICE_X41Y47         LUT1 (Prop_lut1_I0_O)        0.124     3.020 r  C10/not_out_inferred_i_1/O
                         net (fo=2, routed)           0.591     3.612    C10/not_out
    SLICE_X42Y47         LUT3 (Prop_lut3_I1_O)        0.124     3.736 f  C10/nand5_out_inferred_i_1/O
                         net (fo=3, routed)           0.597     4.332    C10/delay3/din
    SLICE_X40Y47         LUT1 (Prop_lut1_I0_O)        0.150     4.482 f  C10/delay3/buf_inst_00/O
                         net (fo=1, routed)           0.851     5.334    C10/delay3/t00
    SLICE_X40Y47         LUT1 (Prop_lut1_I0_O)        0.354     5.688 f  C10/delay3/buf_inst_01/O
                         net (fo=1, routed)           0.963     6.650    C10/delay3/t01
    SLICE_X43Y45         LUT1 (Prop_lut1_I0_O)        0.332     6.982 f  C10/delay3/buf_inst_02/O
                         net (fo=1, routed)           0.264     7.247    C10/delay3/t02
    SLICE_X43Y45         LUT1 (Prop_lut1_I0_O)        0.124     7.371 f  C10/delay3/buf_inst_03/O
                         net (fo=1, routed)           0.149     7.520    C10/delay3/t03
    SLICE_X43Y45         LUT1 (Prop_lut1_I0_O)        0.124     7.644 f  C10/delay3/buf_inst_04/O
                         net (fo=2, routed)           0.320     7.964    C10/LC_out
    SLICE_X42Y47         LUT4 (Prop_lut4_I3_O)        0.124     8.088 r  C10/nand3_out_inferred_i_1/O
                         net (fo=2, routed)           0.298     8.385    C10/nand3_out
    SLICE_X42Y47         LUT3 (Prop_lut3_I2_O)        0.124     8.509 f  C10/nand2_out_inferred_i_1/O
                         net (fo=1, routed)           0.656     9.165    C10/nand2_out
    SLICE_X43Y47         LUT2 (Prop_lut2_I1_O)        0.124     9.289 r  C10/nand1_out_inferred_i_1/O
                         net (fo=3, routed)           1.300    10.589    C10/delay2/din
    SLICE_X43Y51         LUT1 (Prop_lut1_I0_O)        0.124    10.713 r  C10/delay2/buf_inst_00/O
                         net (fo=1, routed)           0.729    11.442    C10/delay2/t00
    SLICE_X42Y51         LUT1 (Prop_lut1_I0_O)        0.124    11.566 r  C10/delay2/buf_inst_01/O
                         net (fo=1, routed)           0.286    11.852    C10/delay2/t01
    SLICE_X42Y51         LUT1 (Prop_lut1_I0_O)        0.124    11.976 r  C10/delay2/buf_inst_02/O
                         net (fo=1, routed)           0.161    12.137    C10/delay2/t02
    SLICE_X42Y51         LUT1 (Prop_lut1_I0_O)        0.124    12.261 r  C10/delay2/buf_inst_03/O
                         net (fo=1, routed)           0.466    12.727    C10/delay2/t03
    SLICE_X42Y51         LUT1 (Prop_lut1_I0_O)        0.124    12.851 r  C10/delay2/buf_inst_04/O
                         net (fo=1, routed)           0.872    13.724    C10/LB_out
    SLICE_X43Y51         LUT1 (Prop_lut1_I0_O)        0.124    13.848 f  C10/Ack_out_INST_0/O
                         net (fo=1, routed)           0.433    14.281    B_Stage/cb7/Ack_in_a
    SLICE_X43Y51         LUT2 (Prop_lut2_I0_O)        0.124    14.405 f  B_Stage/cb7/Ack_in_and_inferred_i_1/O
                         net (fo=2, routed)           1.101    15.505    B_Stage/cb7/CF1/Ack_in
    SLICE_X43Y56         LUT3 (Prop_lut3_I2_O)        0.124    15.629 r  B_Stage/cb7/CF1/nand5_out_inferred_i_1/O
                         net (fo=3, routed)           0.754    16.383    B_Stage/cb7/CF1/delay3/din
    SLICE_X42Y56         LUT1 (Prop_lut1_I0_O)        0.124    16.507 r  B_Stage/cb7/CF1/delay3/buf_inst_00/O
                         net (fo=1, routed)           0.984    17.491    B_Stage/cb7/CF1/delay3/t00
    SLICE_X42Y56         LUT1 (Prop_lut1_I0_O)        0.124    17.615 r  B_Stage/cb7/CF1/delay3/buf_inst_01/O
                         net (fo=1, routed)           0.466    18.081    B_Stage/cb7/CF1/delay3/t01
    SLICE_X42Y56         LUT1 (Prop_lut1_I0_O)        0.124    18.205 r  B_Stage/cb7/CF1/delay3/buf_inst_02/O
                         net (fo=1, routed)           0.680    18.885    B_Stage/cb7/CF1/delay3/t02
    SLICE_X42Y56         LUT1 (Prop_lut1_I0_O)        0.150    19.035 r  B_Stage/cb7/CF1/delay3/buf_inst_03/O
                         net (fo=1, routed)           0.845    19.881    B_Stage/cb7/CF1/delay3/t03
    SLICE_X42Y56         LUT1 (Prop_lut1_I0_O)        0.356    20.237 r  B_Stage/cb7/CF1/delay3/buf_inst_04/O
                         net (fo=2, routed)           0.302    20.539    B_Stage/cb7/CF1/delay4/din
    SLICE_X42Y56         LUT1 (Prop_lut1_I0_O)        0.341    20.880 r  B_Stage/cb7/CF1/delay4/buf_inst_00/O
                         net (fo=1, routed)           1.004    21.884    B_Stage/cb7/CF1/delay4/t00
    SLICE_X39Y51         LUT1 (Prop_lut1_I0_O)        0.331    22.215 r  B_Stage/cb7/CF1/delay4/buf_inst_01/O
                         net (fo=1, routed)           0.433    22.648    B_Stage/cb7/CF1/delay4/t01
    SLICE_X39Y51         LUT1 (Prop_lut1_I0_O)        0.124    22.772 r  B_Stage/cb7/CF1/delay4/buf_inst_02/O
                         net (fo=2, routed)           0.678    23.450    B_Stage/cb7/CF_Send_out
    SLICE_X39Y51         LUT2 (Prop_lut2_I0_O)        0.124    23.574 r  B_Stage/cb7/nand2_inferred_i_1/O
                         net (fo=3, routed)           0.607    24.181    M_Stage/cm0/arb/Send_in_b
    SLICE_X41Y50         LUT3 (Prop_lut3_I0_O)        0.124    24.305 f  M_Stage/cm0/arb/nand2_1_inferred_i_1/O
                         net (fo=1, routed)           0.505    24.810    M_Stage/cm0/arb/nand2_1
    SLICE_X40Y50         LUT3 (Prop_lut3_I2_O)        0.124    24.934 r  M_Stage/cm0/arb/nand2_2_inferred_i_1/O
                         net (fo=2, routed)           0.679    25.613    M_Stage/cm0/arb/nand2_2
    SLICE_X40Y50         LUT2 (Prop_lut2_I0_O)        0.124    25.737 f  M_Stage/cm0/arb/nand3_2_inferred_i_1/O
                         net (fo=2, routed)           0.816    26.553    M_Stage/cm0/arb/nand3_2
    SLICE_X39Y50         LUT3 (Prop_lut3_I1_O)        0.124    26.677 r  M_Stage/cm0/arb/nand4_2_inferred_i_1/O
                         net (fo=2, routed)           0.379    27.057    M_Stage/cm0/arb/nand4_2
    SLICE_X39Y50         LUT2 (Prop_lut2_I0_O)        0.124    27.181 f  M_Stage/cm0/arb/nand4_1_inferred_i_1/O
                         net (fo=2, routed)           0.608    27.789    M_Stage/cm0/cj2/g
    SLICE_X38Y48         LUT6 (Prop_lut6_I0_O)        0.124    27.913 r  M_Stage/cm0/cj2/nand3_out_inferred_i_1/O
                         net (fo=2, routed)           0.683    28.596    M_Stage/cm0/cj2/nand3_out
    SLICE_X38Y48         LUT2 (Prop_lut2_I0_O)        0.124    28.720 f  M_Stage/cm0/cj2/nand4_out_inferred_i_1/O
                         net (fo=1, routed)           0.162    28.882    M_Stage/cm0/cj2/nand4_out
    SLICE_X38Y48         LUT3 (Prop_lut3_I0_O)        0.124    29.006 r  M_Stage/cm0/cj2/nand5_out_inferred_i_1/O
                         net (fo=3, routed)           0.811    29.817    M_Stage/cm0/cj2/delay3/din
    SLICE_X37Y48         LUT1 (Prop_lut1_I0_O)        0.124    29.941 r  M_Stage/cm0/cj2/delay3/buf_inst_00/O
                         net (fo=1, routed)           0.433    30.374    M_Stage/cm0/cj2/delay3/t00
    SLICE_X37Y48         LUT1 (Prop_lut1_I0_O)        0.124    30.498 r  M_Stage/cm0/cj2/delay3/buf_inst_01/O
                         net (fo=1, routed)           0.665    31.163    M_Stage/cm0/cj2/delay3/t01
    SLICE_X37Y48         LUT1 (Prop_lut1_I0_O)        0.152    31.315 r  M_Stage/cm0/cj2/delay3/buf_inst_02/O
                         net (fo=1, routed)           0.848    32.163    M_Stage/cm0/cj2/delay3/t02
    SLICE_X37Y48         LUT1 (Prop_lut1_I0_O)        0.354    32.517 r  M_Stage/cm0/cj2/delay3/buf_inst_03/O
                         net (fo=1, routed)           0.267    32.783    M_Stage/cm0/cj2/delay3/t03
    SLICE_X37Y48         LUT1 (Prop_lut1_I0_O)        0.328    33.111 r  M_Stage/cm0/cj2/delay3/buf_inst_04/O
                         net (fo=2, routed)           0.301    33.412    M_Stage/cm0/cj2/delay4/din
    SLICE_X39Y48         LUT1 (Prop_lut1_I0_O)        0.327    33.739 r  M_Stage/cm0/cj2/delay4/buf_inst_00/O
                         net (fo=1, routed)           0.526    34.265    M_Stage/cm0/cj2/delay4/t00
    SLICE_X38Y48         LUT1 (Prop_lut1_I0_O)        0.124    34.389 r  M_Stage/cm0/cj2/delay4/buf_inst_01/O
                         net (fo=1, routed)           0.662    35.050    M_Stage/cm0/cj2/delay4/t01
    SLICE_X38Y50         LUT1 (Prop_lut1_I0_O)        0.124    35.174 r  M_Stage/cm0/cj2/delay4/buf_inst_02/O
                         net (fo=1, routed)           0.466    35.640    M_Stage/cm0/cj2/delay4/t02
    SLICE_X38Y50         LUT1 (Prop_lut1_I0_O)        0.124    35.764 r  M_Stage/cm0/cj2/delay4/buf_inst_03/O
                         net (fo=1, routed)           0.680    36.444    M_Stage/cm0/cj2/delay4/t03
    SLICE_X38Y50         LUT1 (Prop_lut1_I0_O)        0.150    36.594 r  M_Stage/cm0/cj2/delay4/buf_inst_04/O
                         net (fo=1, routed)           0.165    36.759    M_Stage/cm0/cj2/LD_out
    SLICE_X38Y50         LUT1 (Prop_lut1_I0_O)        0.328    37.087 f  M_Stage/cm0/cj2/Send_out_INST_0/O
                         net (fo=1, routed)           0.452    37.539    M_Stage/cm0/cop1
    SLICE_X38Y50         LUT2 (Prop_lut2_I1_O)        0.124    37.663 r  M_Stage/cm0/nor1_inferred_i_1/O
                         net (fo=2, routed)           0.816    38.479    MMCAM/c1/Send_in
    SLICE_X38Y53         LUT4 (Prop_lut4_I1_O)        0.124    38.603 f  MMCAM/c1/nand3_out_inferred_i_1/O
                         net (fo=2, routed)           0.841    39.444    MMCAM/c1/nand3_out
    SLICE_X38Y54         LUT2 (Prop_lut2_I0_O)        0.124    39.568 r  MMCAM/c1/nand4_out_inferred_i_1/O
                         net (fo=1, routed)           0.666    40.234    MMCAM/c1/nand4_out
    SLICE_X38Y54         LUT3 (Prop_lut3_I0_O)        0.124    40.358 f  MMCAM/c1/nand5_out_inferred_i_1/O
                         net (fo=3, routed)           0.963    41.321    MMCAM/c1/delay3/din
    SLICE_X41Y54         LUT1 (Prop_lut1_I0_O)        0.124    41.445 f  MMCAM/c1/delay3/buf_inst_00/O
                         net (fo=1, routed)           0.870    42.315    MMCAM/c1/delay3/t00
    SLICE_X40Y54         LUT1 (Prop_lut1_I0_O)        0.124    42.439 f  MMCAM/c1/delay3/buf_inst_01/O
                         net (fo=1, routed)           0.279    42.718    MMCAM/c1/delay3/t01
    SLICE_X40Y54         LUT1 (Prop_lut1_I0_O)        0.124    42.842 f  MMCAM/c1/delay3/buf_inst_02/O
                         net (fo=1, routed)           0.853    43.695    MMCAM/c1/delay3/t02
    SLICE_X40Y54         LUT1 (Prop_lut1_I0_O)        0.124    43.819 f  MMCAM/c1/delay3/buf_inst_03/O
                         net (fo=1, routed)           0.433    44.252    MMCAM/c1/delay3/t03
    SLICE_X40Y54         LUT1 (Prop_lut1_I0_O)        0.124    44.376 f  MMCAM/c1/delay3/buf_inst_04/O
                         net (fo=2, routed)           0.686    45.062    MMCAM/c1/delay4/din
    SLICE_X40Y54         LUT1 (Prop_lut1_I0_O)        0.152    45.214 f  MMCAM/c1/delay4/buf_inst_00/O
                         net (fo=1, routed)           0.851    46.066    MMCAM/c1/delay4/t00
    SLICE_X40Y54         LUT1 (Prop_lut1_I0_O)        0.354    46.420 f  MMCAM/c1/delay4/buf_inst_01/O
                         net (fo=1, routed)           0.288    46.708    MMCAM/c1/delay4/t01
    SLICE_X40Y54         LUT1 (Prop_lut1_I0_O)        0.328    47.036 f  MMCAM/c1/delay4/buf_inst_02/O
                         net (fo=1, routed)           0.809    47.844    MMCAM/c1/delay4/t02
    SLICE_X39Y54         LUT1 (Prop_lut1_I0_O)        0.327    48.171 f  MMCAM/c1/delay4/buf_inst_03/O
                         net (fo=1, routed)           0.264    48.436    MMCAM/c1/delay4/t03
    SLICE_X39Y54         LUT1 (Prop_lut1_I0_O)        0.124    48.560 f  MMCAM/c1/delay4/buf_inst_04/O
                         net (fo=2, routed)           0.812    49.372    MMRAM/ce2/cf0/Send_in
    SLICE_X38Y57         LUT4 (Prop_lut4_I1_O)        0.124    49.496 r  MMRAM/ce2/cf0/nand3_out_inferred_i_1/O
                         net (fo=2, routed)           0.701    50.197    MMRAM/ce2/cf0/nand3_out
    SLICE_X38Y57         LUT2 (Prop_lut2_I0_O)        0.124    50.321 f  MMRAM/ce2/cf0/nand4_out_inferred_i_1/O
                         net (fo=1, routed)           0.282    50.603    MMRAM/ce2/cf0/nand4_out
    SLICE_X38Y57         LUT3 (Prop_lut3_I0_O)        0.124    50.727 r  MMRAM/ce2/cf0/nand5_out_inferred_i_1/O
                         net (fo=3, routed)           0.808    51.535    MMRAM/ce2/cf0/delay3/din
    SLICE_X37Y57         LUT1 (Prop_lut1_I0_O)        0.124    51.659 r  MMRAM/ce2/cf0/delay3/buf_inst_00/O
                         net (fo=1, routed)           0.640    52.299    MMRAM/ce2/cf0/delay3/t00
    SLICE_X37Y57         LUT1 (Prop_lut1_I0_O)        0.124    52.423 r  MMRAM/ce2/cf0/delay3/buf_inst_01/O
                         net (fo=1, routed)           0.433    52.856    MMRAM/ce2/cf0/delay3/t01
    SLICE_X37Y57         LUT1 (Prop_lut1_I0_O)        0.124    52.980 r  MMRAM/ce2/cf0/delay3/buf_inst_02/O
                         net (fo=1, routed)           0.667    53.647    MMRAM/ce2/cf0/delay3/t02
    SLICE_X37Y57         LUT1 (Prop_lut1_I0_O)        0.152    53.799 r  MMRAM/ce2/cf0/delay3/buf_inst_03/O
                         net (fo=1, routed)           0.267    54.065    MMRAM/ce2/cf0/delay3/t03
    SLICE_X37Y57         LUT1 (Prop_lut1_I0_O)        0.328    54.393 r  MMRAM/ce2/cf0/delay3/buf_inst_04/O
                         net (fo=2, routed)           1.063    55.457    MMRAM/ce2/cf0/delay4/din
    SLICE_X32Y58         LUT1 (Prop_lut1_I0_O)        0.353    55.810 r  MMRAM/ce2/cf0/delay4/buf_inst_00/O
                         net (fo=1, routed)           0.848    56.658    MMRAM/ce2/cf0/delay4/t00
    SLICE_X32Y58         LUT1 (Prop_lut1_I0_O)        0.377    57.035 r  MMRAM/ce2/cf0/delay4/buf_inst_01/O
                         net (fo=1, routed)           0.692    57.727    MMRAM/ce2/cf0/delay4/t01
    SLICE_X32Y58         LUT1 (Prop_lut1_I0_O)        0.363    58.090 r  MMRAM/ce2/cf0/delay4/buf_inst_02/O
                         net (fo=2, routed)           0.468    58.558    MMRAM/ce2/CF_Send_out
    SLICE_X32Y58         LUT2 (Prop_lut2_I0_O)        0.355    58.913 r  MMRAM/ce2/or1_out_inferred_i_1/O
                         net (fo=2, routed)           0.997    59.910    PS_Stage/c3/Send_in
    SLICE_X22Y70         LUT4 (Prop_lut4_I1_O)        0.124    60.034 f  PS_Stage/c3/nand3_out_inferred_i_1/O
                         net (fo=2, routed)           0.681    60.714    PS_Stage/c3/nand3_out
    SLICE_X22Y70         LUT2 (Prop_lut2_I0_O)        0.124    60.838 r  PS_Stage/c3/nand4_out_inferred_i_1/O
                         net (fo=1, routed)           0.280    61.118    PS_Stage/c3/nand4_out
    SLICE_X22Y70         LUT3 (Prop_lut3_I0_O)        0.124    61.242 f  PS_Stage/c3/nand5_out_inferred_i_1/O
                         net (fo=3, routed)           0.602    61.844    PS_Stage/c3/delay3/din
    SLICE_X22Y71         LUT1 (Prop_lut1_I0_O)        0.124    61.968 f  PS_Stage/c3/delay3/buf_inst_00/O
                         net (fo=1, routed)           0.433    62.402    PS_Stage/c3/delay3/t00
    SLICE_X22Y71         LUT1 (Prop_lut1_I0_O)        0.124    62.526 f  PS_Stage/c3/delay3/buf_inst_01/O
                         net (fo=1, routed)           0.834    63.360    PS_Stage/c3/delay3/t01
    SLICE_X20Y71         LUT1 (Prop_lut1_I0_O)        0.124    63.484 f  PS_Stage/c3/delay3/buf_inst_02/O
                         net (fo=1, routed)           0.286    63.770    PS_Stage/c3/delay3/t02
    SLICE_X20Y71         LUT1 (Prop_lut1_I0_O)        0.124    63.894 f  PS_Stage/c3/delay3/buf_inst_03/O
                         net (fo=1, routed)           0.161    64.055    PS_Stage/c3/delay3/t03
    SLICE_X20Y71         LUT1 (Prop_lut1_I0_O)        0.124    64.179 f  PS_Stage/c3/delay3/buf_inst_04/O
                         net (fo=2, routed)           0.478    64.657    PS_Stage/c3/delay4/din
    SLICE_X20Y71         LUT1 (Prop_lut1_I0_O)        0.124    64.781 f  PS_Stage/c3/delay4/buf_inst_00/O
                         net (fo=1, routed)           0.873    65.655    PS_Stage/c3/delay4/t00
    SLICE_X21Y71         LUT1 (Prop_lut1_I0_O)        0.124    65.779 f  PS_Stage/c3/delay4/buf_inst_01/O
                         net (fo=1, routed)           0.264    66.043    PS_Stage/c3/delay4/t01
    SLICE_X21Y71         LUT1 (Prop_lut1_I0_O)        0.124    66.167 f  PS_Stage/c3/delay4/buf_inst_02/O
                         net (fo=1, routed)           0.149    66.316    PS_Stage/c3/delay4/t02
    SLICE_X21Y71         LUT1 (Prop_lut1_I0_O)        0.124    66.440 f  PS_Stage/c3/delay4/buf_inst_03/O
                         net (fo=1, routed)           0.433    66.873    PS_Stage/c3/delay4/t03
    SLICE_X21Y71         LUT1 (Prop_lut1_I0_O)        0.124    66.997 f  PS_Stage/c3/delay4/buf_inst_04/O
                         net (fo=2, routed)           1.172    68.170    FP_Stage/ce4/cf0/Send_in
    SLICE_X21Y75         LUT4 (Prop_lut4_I1_O)        0.124    68.294 r  FP_Stage/ce4/cf0/nand3_out_inferred_i_1/O
                         net (fo=2, routed)           0.826    69.119    FP_Stage/ce4/cf0/nand3_out
    SLICE_X23Y75         LUT2 (Prop_lut2_I0_O)        0.124    69.243 f  FP_Stage/ce4/cf0/nand4_out_inferred_i_1/O
                         net (fo=1, routed)           0.151    69.395    FP_Stage/ce4/cf0/nand4_out
    SLICE_X23Y75         LUT3 (Prop_lut3_I0_O)        0.124    69.519 r  FP_Stage/ce4/cf0/nand5_out_inferred_i_1/O
                         net (fo=3, routed)           0.831    70.350    FP_Stage/ce4/cf0/delay3/din
    SLICE_X21Y75         LUT1 (Prop_lut1_I0_O)        0.124    70.474 r  FP_Stage/ce4/cf0/delay3/buf_inst_00/O
                         net (fo=1, routed)           0.433    70.907    FP_Stage/ce4/cf0/delay3/t00
    SLICE_X21Y75         LUT1 (Prop_lut1_I0_O)        0.124    71.031 r  FP_Stage/ce4/cf0/delay3/buf_inst_01/O
                         net (fo=1, routed)           0.665    71.696    FP_Stage/ce4/cf0/delay3/t01
    SLICE_X21Y75         LUT1 (Prop_lut1_I0_O)        0.152    71.848 r  FP_Stage/ce4/cf0/delay3/buf_inst_02/O
                         net (fo=1, routed)           0.458    72.306    FP_Stage/ce4/cf0/delay3/t02
    SLICE_X21Y75         LUT1 (Prop_lut1_I0_O)        0.321    72.627 r  FP_Stage/ce4/cf0/delay3/buf_inst_03/O
                         net (fo=1, routed)           0.267    72.893    FP_Stage/ce4/cf0/delay3/t03
    SLICE_X21Y75         LUT1 (Prop_lut1_I0_O)        0.328    73.221 r  FP_Stage/ce4/cf0/delay3/buf_inst_04/O
                         net (fo=2, routed)           1.018    74.240    FP_Stage/ce4/cf0/delay4/din
    SLICE_X20Y85         LUT1 (Prop_lut1_I0_O)        0.351    74.591 r  FP_Stage/ce4/cf0/delay4/buf_inst_00/O
                         net (fo=1, routed)           0.845    75.436    FP_Stage/ce4/cf0/delay4/t00
    SLICE_X20Y85         LUT1 (Prop_lut1_I0_O)        0.356    75.792 r  FP_Stage/ce4/cf0/delay4/buf_inst_01/O
                         net (fo=1, routed)           0.286    76.078    FP_Stage/ce4/cf0/delay4/t01
    SLICE_X20Y85         LUT1 (Prop_lut1_I0_O)        0.341    76.419 r  FP_Stage/ce4/cf0/delay4/buf_inst_02/O
                         net (fo=2, routed)           0.304    76.723    FP_Stage/ce4/CF_Send_out
    SLICE_X20Y85         LUT2 (Prop_lut2_I0_O)        0.331    77.054 r  FP_Stage/ce4/or1_out_inferred_i_1/O
                         net (fo=2, routed)           1.012    78.066    MA_Stage/c5/Send_in
    SLICE_X23Y91         LUT4 (Prop_lut4_I1_O)        0.124    78.190 f  MA_Stage/c5/nand3_out_inferred_i_1/O
                         net (fo=2, routed)           0.592    78.782    MA_Stage/c5/nand3_out
    SLICE_X24Y91         LUT2 (Prop_lut2_I0_O)        0.124    78.906 r  MA_Stage/c5/nand4_out_inferred_i_1/O
                         net (fo=1, routed)           0.452    79.358    MA_Stage/c5/nand4_out
    SLICE_X24Y91         LUT3 (Prop_lut3_I0_O)        0.124    79.482 f  MA_Stage/c5/nand5_out_inferred_i_1/O
                         net (fo=3, routed)           0.522    80.004    MA_Stage/c5/delay3/din
    SLICE_X25Y91         LUT1 (Prop_lut1_I0_O)        0.124    80.128 f  MA_Stage/c5/delay3/buf_inst_00/O
                         net (fo=1, routed)           0.149    80.277    MA_Stage/c5/delay3/t00
    SLICE_X25Y91         LUT1 (Prop_lut1_I0_O)        0.124    80.401 f  MA_Stage/c5/delay3/buf_inst_01/O
                         net (fo=1, routed)           0.433    80.835    MA_Stage/c5/delay3/t01
    SLICE_X25Y91         LUT1 (Prop_lut1_I0_O)        0.124    80.959 f  MA_Stage/c5/delay3/buf_inst_02/O
                         net (fo=1, routed)           0.517    81.476    MA_Stage/c5/delay3/t02
    SLICE_X24Y91         LUT1 (Prop_lut1_I0_O)        0.124    81.600 f  MA_Stage/c5/delay3/buf_inst_03/O
                         net (fo=1, routed)           0.466    82.065    MA_Stage/c5/delay3/t03
    SLICE_X24Y91         LUT1 (Prop_lut1_I0_O)        0.124    82.189 f  MA_Stage/c5/delay3/buf_inst_04/O
                         net (fo=2, routed)           0.904    83.094    MA_Stage/c5/delay4/din
    SLICE_X27Y91         LUT1 (Prop_lut1_I0_O)        0.124    83.218 f  MA_Stage/c5/delay4/buf_inst_00/O
                         net (fo=1, routed)           0.505    83.723    MA_Stage/c5/delay4/t00
    SLICE_X26Y91         LUT1 (Prop_lut1_I0_O)        0.124    83.847 f  MA_Stage/c5/delay4/buf_inst_01/O
                         net (fo=1, routed)           0.279    84.126    MA_Stage/c5/delay4/t01
    SLICE_X26Y91         LUT1 (Prop_lut1_I0_O)        0.124    84.250 f  MA_Stage/c5/delay4/buf_inst_02/O
                         net (fo=1, routed)           0.158    84.408    MA_Stage/c5/delay4/t02
    SLICE_X26Y91         LUT1 (Prop_lut1_I0_O)        0.124    84.532 f  MA_Stage/c5/delay4/buf_inst_03/O
                         net (fo=1, routed)           0.433    84.966    MA_Stage/c5/delay4/t03
    SLICE_X26Y91         LUT1 (Prop_lut1_I0_O)        0.124    85.090 f  MA_Stage/c5/delay4/buf_inst_04/O
                         net (fo=2, routed)           0.897    85.986    COPY_Stage/cx2_6/cf0/Send_in
    SLICE_X32Y91         LUT4 (Prop_lut4_I1_O)        0.124    86.110 r  COPY_Stage/cx2_6/cf0/nand3_out_inferred_i_1/O
                         net (fo=2, routed)           0.683    86.793    COPY_Stage/cx2_6/cf0/nand3_out
    SLICE_X32Y91         LUT2 (Prop_lut2_I0_O)        0.124    86.917 f  COPY_Stage/cx2_6/cf0/nand4_out_inferred_i_1/O
                         net (fo=1, routed)           0.162    87.079    COPY_Stage/cx2_6/cf0/nand4_out
    SLICE_X32Y91         LUT3 (Prop_lut3_I0_O)        0.124    87.203 r  COPY_Stage/cx2_6/cf0/nand5_out_inferred_i_1/O
                         net (fo=3, routed)           0.679    87.882    COPY_Stage/cx2_6/cf0/delay3/din
    SLICE_X33Y91         LUT1 (Prop_lut1_I0_O)        0.124    88.006 r  COPY_Stage/cx2_6/cf0/delay3/buf_inst_00/O
                         net (fo=1, routed)           0.264    88.270    COPY_Stage/cx2_6/cf0/delay3/t00
    SLICE_X33Y91         LUT1 (Prop_lut1_I0_O)        0.124    88.394 r  COPY_Stage/cx2_6/cf0/delay3/buf_inst_01/O
                         net (fo=1, routed)           0.291    88.685    COPY_Stage/cx2_6/cf0/delay3/t01
    SLICE_X33Y92         LUT1 (Prop_lut1_I0_O)        0.124    88.809 r  COPY_Stage/cx2_6/cf0/delay3/buf_inst_02/O
                         net (fo=1, routed)           0.655    89.464    COPY_Stage/cx2_6/cf0/delay3/t02
    SLICE_X32Y92         LUT1 (Prop_lut1_I0_O)        0.124    89.588 r  COPY_Stage/cx2_6/cf0/delay3/buf_inst_03/O
                         net (fo=1, routed)           0.466    90.054    COPY_Stage/cx2_6/cf0/delay3/t03
    SLICE_X32Y92         LUT1 (Prop_lut1_I0_O)        0.124    90.178 r  COPY_Stage/cx2_6/cf0/delay3/buf_inst_04/O
                         net (fo=2, routed)           0.866    91.044    COPY_Stage/cx2_6/cf0/delay4/din
    SLICE_X36Y88         LUT1 (Prop_lut1_I0_O)        0.124    91.168 r  COPY_Stage/cx2_6/cf0/delay4/buf_inst_00/O
                         net (fo=1, routed)           0.853    92.021    COPY_Stage/cx2_6/cf0/delay4/t00
    SLICE_X36Y88         LUT1 (Prop_lut1_I0_O)        0.124    92.145 r  COPY_Stage/cx2_6/cf0/delay4/buf_inst_01/O
                         net (fo=1, routed)           0.658    92.803    COPY_Stage/cx2_6/cf0/delay4/t01
    SLICE_X37Y88         LUT1 (Prop_lut1_I0_O)        0.124    92.927 r  COPY_Stage/cx2_6/cf0/delay4/buf_inst_02/O
                         net (fo=3, routed)           0.869    93.796    COPY_Stage/cx2_6/CF1_Send_out
    SLICE_X37Y88         LUT2 (Prop_lut2_I0_O)        0.124    93.920 r  COPY_Stage/cx2_6/nand2_inferred_i_1/O
                         net (fo=1, routed)           0.648    94.568    COPY_Stage/cx2_6/nand2
    SLICE_X37Y88         LUT2 (Prop_lut2_I1_O)        0.124    94.692 r  COPY_Stage/cx2_6/and2_inferred_i_1/O
                         net (fo=2, routed)           1.804    96.496    B_Stage/cb7/CF1/Send_in
    SLICE_X43Y56         LUT4 (Prop_lut4_I1_O)        0.124    96.620 f  B_Stage/cb7/CF1/nand3_out_inferred_i_1/O
                         net (fo=2, routed)           0.264    96.885    B_Stage/cb7/CF1/nand3_out
    SLICE_X43Y56         LUT3 (Prop_lut3_I2_O)        0.124    97.009 r  B_Stage/cb7/CF1/nand2_out_inferred_i_1/O
                         net (fo=1, routed)           0.154    97.162    B_Stage/cb7/CF1/nand2_out
    SLICE_X43Y56         LUT2 (Prop_lut2_I1_O)        0.124    97.286 f  B_Stage/cb7/CF1/nand1_out_inferred_i_1/O
                         net (fo=3, routed)           0.680    97.967    B_Stage/cb7/CF1/delay2/din
    SLICE_X42Y58         LUT1 (Prop_lut1_I0_O)        0.124    98.091 f  B_Stage/cb7/CF1/delay2/buf_inst_00/O
                         net (fo=1, routed)           0.466    98.557    B_Stage/cb7/CF1/delay2/t00
    SLICE_X42Y58         LUT1 (Prop_lut1_I0_O)        0.124    98.681 f  B_Stage/cb7/CF1/delay2/buf_inst_01/O
                         net (fo=1, routed)           1.340   100.021    B_Stage/cb7/CF1/delay2/t01
    SLICE_X43Y73         LUT1 (Prop_lut1_I0_O)        0.124   100.145 f  B_Stage/cb7/CF1/delay2/buf_inst_02/O
                         net (fo=1, routed)           0.433   100.578    B_Stage/cb7/CF1/LB_out
    SLICE_X43Y73         LUT1 (Prop_lut1_I0_O)        0.124   100.702 r  B_Stage/cb7/CF1/Ack_out_INST_0/O
                         net (fo=4, routed)           1.607   102.309    COPY_Stage/cx2_6/cf1/Ack_in
    SLICE_X38Y89         LUT3 (Prop_lut3_I2_O)        0.124   102.433 f  COPY_Stage/cx2_6/cf1/nand5_out_inferred_i_1/O
                         net (fo=3, routed)           0.678   103.111    COPY_Stage/cx2_6/cf1/nand5_out
    SLICE_X39Y89         LUT1 (Prop_lut1_I0_O)        0.124   103.235 r  COPY_Stage/cx2_6/cf1/CP_INST_0/O
                         net (fo=2, routed)           0.602   103.838    COPY_Stage/cx2_6/CF2_cp
    SLICE_X38Y87         LUT2 (Prop_lut2_I0_O)        0.124   103.962 f  COPY_Stage/cx2_6/nor1_inferred_i_1/O
                         net (fo=1, routed)           0.161   104.123    COPY_Stage/cx2_6/nor1
    SLICE_X38Y87         LUT2 (Prop_lut2_I1_O)        0.124   104.247 r  COPY_Stage/cx2_6/nor2_inferred_i_1/O
                         net (fo=9, routed)           1.019   105.266    COPY_Stage/FEB
    SLICE_X40Y85         LUT3 (Prop_lut3_I2_O)        0.124   105.390 r  COPY_Stage/MUX1_dest_inferred_i_3/O
                         net (fo=3, routed)           0.858   106.248    B_Stage/subps/U0/inst_blk_mem_gen/gnbram.gnativebmg.native_blk_mem_gen/valid.cstr/ramloop[0].ram.r/prim_init.ram/addra[4]
    RAMB18_X2Y34         RAMB18E1                                     r  B_Stage/subps/U0/inst_blk_mem_gen/gnbram.gnativebmg.native_blk_mem_gen/valid.cstr/ramloop[0].ram.r/prim_init.ram/DEVICE_7SERIES.NO_BMM_INFO.SP.WIDE_PRIM18.ram/ADDRBWRADDR[9]
  -------------------------------------------------------------------    -------------------

Slack:                    inf
  Source:                 MR
                            (input port)
  Destination:            B_Stage/subps/U0/inst_blk_mem_gen/gnbram.gnativebmg.native_blk_mem_gen/valid.cstr/ramloop[0].ram.r/prim_init.ram/DEVICE_7SERIES.NO_BMM_INFO.SP.WIDE_PRIM18.ram/ADDRARDADDR[6]
  Path Group:             (none)
  Path Type:              Max at Slow Process Corner
  Data Path Delay:        106.206ns  (logic 22.938ns (21.598%)  route 83.267ns (78.402%))
  Logic Levels:           136  (IBUF=1 LUT1=90 LUT2=20 LUT3=16 LUT4=8 LUT6=1)

    Location             Delay type                Incr(ns)  Path(ns)    Netlist Resource(s)
  -------------------------------------------------------------------    -------------------
    T15                                               0.000     0.000 f  MR (IN)
                         net (fo=0)                   0.000     0.000    MR
    T15                  IBUF (Prop_ibuf_I_O)         0.996     0.996 f  MR_IBUF_inst/O
                         net (fo=1735, routed)        1.900     2.896    C10/MR
    SLICE_X41Y47         LUT1 (Prop_lut1_I0_O)        0.124     3.020 r  C10/not_out_inferred_i_1/O
                         net (fo=2, routed)           0.591     3.612    C10/not_out
    SLICE_X42Y47         LUT3 (Prop_lut3_I1_O)        0.124     3.736 f  C10/nand5_out_inferred_i_1/O
                         net (fo=3, routed)           0.597     4.332    C10/delay3/din
    SLICE_X40Y47         LUT1 (Prop_lut1_I0_O)        0.150     4.482 f  C10/delay3/buf_inst_00/O
                         net (fo=1, routed)           0.851     5.334    C10/delay3/t00
    SLICE_X40Y47         LUT1 (Prop_lut1_I0_O)        0.354     5.688 f  C10/delay3/buf_inst_01/O
                         net (fo=1, routed)           0.963     6.650    C10/delay3/t01
    SLICE_X43Y45         LUT1 (Prop_lut1_I0_O)        0.332     6.982 f  C10/delay3/buf_inst_02/O
                         net (fo=1, routed)           0.264     7.247    C10/delay3/t02
    SLICE_X43Y45         LUT1 (Prop_lut1_I0_O)        0.124     7.371 f  C10/delay3/buf_inst_03/O
                         net (fo=1, routed)           0.149     7.520    C10/delay3/t03
    SLICE_X43Y45         LUT1 (Prop_lut1_I0_O)        0.124     7.644 f  C10/delay3/buf_inst_04/O
                         net (fo=2, routed)           0.320     7.964    C10/LC_out
    SLICE_X42Y47         LUT4 (Prop_lut4_I3_O)        0.124     8.088 r  C10/nand3_out_inferred_i_1/O
                         net (fo=2, routed)           0.298     8.385    C10/nand3_out
    SLICE_X42Y47         LUT3 (Prop_lut3_I2_O)        0.124     8.509 f  C10/nand2_out_inferred_i_1/O
                         net (fo=1, routed)           0.656     9.165    C10/nand2_out
    SLICE_X43Y47         LUT2 (Prop_lut2_I1_O)        0.124     9.289 r  C10/nand1_out_inferred_i_1/O
                         net (fo=3, routed)           1.300    10.589    C10/delay2/din
    SLICE_X43Y51         LUT1 (Prop_lut1_I0_O)        0.124    10.713 r  C10/delay2/buf_inst_00/O
                         net (fo=1, routed)           0.729    11.442    C10/delay2/t00
    SLICE_X42Y51         LUT1 (Prop_lut1_I0_O)        0.124    11.566 r  C10/delay2/buf_inst_01/O
                         net (fo=1, routed)           0.286    11.852    C10/delay2/t01
    SLICE_X42Y51         LUT1 (Prop_lut1_I0_O)        0.124    11.976 r  C10/delay2/buf_inst_02/O
                         net (fo=1, routed)           0.161    12.137    C10/delay2/t02
    SLICE_X42Y51         LUT1 (Prop_lut1_I0_O)        0.124    12.261 r  C10/delay2/buf_inst_03/O
                         net (fo=1, routed)           0.466    12.727    C10/delay2/t03
    SLICE_X42Y51         LUT1 (Prop_lut1_I0_O)        0.124    12.851 r  C10/delay2/buf_inst_04/O
                         net (fo=1, routed)           0.872    13.724    C10/LB_out
    SLICE_X43Y51         LUT1 (Prop_lut1_I0_O)        0.124    13.848 f  C10/Ack_out_INST_0/O
                         net (fo=1, routed)           0.433    14.281    B_Stage/cb7/Ack_in_a
    SLICE_X43Y51         LUT2 (Prop_lut2_I0_O)        0.124    14.405 f  B_Stage/cb7/Ack_in_and_inferred_i_1/O
                         net (fo=2, routed)           1.101    15.505    B_Stage/cb7/CF1/Ack_in
    SLICE_X43Y56         LUT3 (Prop_lut3_I2_O)        0.124    15.629 r  B_Stage/cb7/CF1/nand5_out_inferred_i_1/O
                         net (fo=3, routed)           0.754    16.383    B_Stage/cb7/CF1/delay3/din
    SLICE_X42Y56         LUT1 (Prop_lut1_I0_O)        0.124    16.507 r  B_Stage/cb7/CF1/delay3/buf_inst_00/O
                         net (fo=1, routed)           0.984    17.491    B_Stage/cb7/CF1/delay3/t00
    SLICE_X42Y56         LUT1 (Prop_lut1_I0_O)        0.124    17.615 r  B_Stage/cb7/CF1/delay3/buf_inst_01/O
                         net (fo=1, routed)           0.466    18.081    B_Stage/cb7/CF1/delay3/t01
    SLICE_X42Y56         LUT1 (Prop_lut1_I0_O)        0.124    18.205 r  B_Stage/cb7/CF1/delay3/buf_inst_02/O
                         net (fo=1, routed)           0.680    18.885    B_Stage/cb7/CF1/delay3/t02
    SLICE_X42Y56         LUT1 (Prop_lut1_I0_O)        0.150    19.035 r  B_Stage/cb7/CF1/delay3/buf_inst_03/O
                         net (fo=1, routed)           0.845    19.881    B_Stage/cb7/CF1/delay3/t03
    SLICE_X42Y56         LUT1 (Prop_lut1_I0_O)        0.356    20.237 r  B_Stage/cb7/CF1/delay3/buf_inst_04/O
                         net (fo=2, routed)           0.302    20.539    B_Stage/cb7/CF1/delay4/din
    SLICE_X42Y56         LUT1 (Prop_lut1_I0_O)        0.341    20.880 r  B_Stage/cb7/CF1/delay4/buf_inst_00/O
                         net (fo=1, routed)           1.004    21.884    B_Stage/cb7/CF1/delay4/t00
    SLICE_X39Y51         LUT1 (Prop_lut1_I0_O)        0.331    22.215 r  B_Stage/cb7/CF1/delay4/buf_inst_01/O
                         net (fo=1, routed)           0.433    22.648    B_Stage/cb7/CF1/delay4/t01
    SLICE_X39Y51         LUT1 (Prop_lut1_I0_O)        0.124    22.772 r  B_Stage/cb7/CF1/delay4/buf_inst_02/O
                         net (fo=2, routed)           0.678    23.450    B_Stage/cb7/CF_Send_out
    SLICE_X39Y51         LUT2 (Prop_lut2_I0_O)        0.124    23.574 r  B_Stage/cb7/nand2_inferred_i_1/O
                         net (fo=3, routed)           0.607    24.181    M_Stage/cm0/arb/Send_in_b
    SLICE_X41Y50         LUT3 (Prop_lut3_I0_O)        0.124    24.305 f  M_Stage/cm0/arb/nand2_1_inferred_i_1/O
                         net (fo=1, routed)           0.505    24.810    M_Stage/cm0/arb/nand2_1
    SLICE_X40Y50         LUT3 (Prop_lut3_I2_O)        0.124    24.934 r  M_Stage/cm0/arb/nand2_2_inferred_i_1/O
                         net (fo=2, routed)           0.679    25.613    M_Stage/cm0/arb/nand2_2
    SLICE_X40Y50         LUT2 (Prop_lut2_I0_O)        0.124    25.737 f  M_Stage/cm0/arb/nand3_2_inferred_i_1/O
                         net (fo=2, routed)           0.816    26.553    M_Stage/cm0/arb/nand3_2
    SLICE_X39Y50         LUT3 (Prop_lut3_I1_O)        0.124    26.677 r  M_Stage/cm0/arb/nand4_2_inferred_i_1/O
                         net (fo=2, routed)           0.379    27.057    M_Stage/cm0/arb/nand4_2
    SLICE_X39Y50         LUT2 (Prop_lut2_I0_O)        0.124    27.181 f  M_Stage/cm0/arb/nand4_1_inferred_i_1/O
                         net (fo=2, routed)           0.608    27.789    M_Stage/cm0/cj2/g
    SLICE_X38Y48         LUT6 (Prop_lut6_I0_O)        0.124    27.913 r  M_Stage/cm0/cj2/nand3_out_inferred_i_1/O
                         net (fo=2, routed)           0.683    28.596    M_Stage/cm0/cj2/nand3_out
    SLICE_X38Y48         LUT2 (Prop_lut2_I0_O)        0.124    28.720 f  M_Stage/cm0/cj2/nand4_out_inferred_i_1/O
                         net (fo=1, routed)           0.162    28.882    M_Stage/cm0/cj2/nand4_out
    SLICE_X38Y48         LUT3 (Prop_lut3_I0_O)        0.124    29.006 r  M_Stage/cm0/cj2/nand5_out_inferred_i_1/O
                         net (fo=3, routed)           0.811    29.817    M_Stage/cm0/cj2/delay3/din
    SLICE_X37Y48         LUT1 (Prop_lut1_I0_O)        0.124    29.941 r  M_Stage/cm0/cj2/delay3/buf_inst_00/O
                         net (fo=1, routed)           0.433    30.374    M_Stage/cm0/cj2/delay3/t00
    SLICE_X37Y48         LUT1 (Prop_lut1_I0_O)        0.124    30.498 r  M_Stage/cm0/cj2/delay3/buf_inst_01/O
                         net (fo=1, routed)           0.665    31.163    M_Stage/cm0/cj2/delay3/t01
    SLICE_X37Y48         LUT1 (Prop_lut1_I0_O)        0.152    31.315 r  M_Stage/cm0/cj2/delay3/buf_inst_02/O
                         net (fo=1, routed)           0.848    32.163    M_Stage/cm0/cj2/delay3/t02
    SLICE_X37Y48         LUT1 (Prop_lut1_I0_O)        0.354    32.517 r  M_Stage/cm0/cj2/delay3/buf_inst_03/O
                         net (fo=1, routed)           0.267    32.783    M_Stage/cm0/cj2/delay3/t03
    SLICE_X37Y48         LUT1 (Prop_lut1_I0_O)        0.328    33.111 r  M_Stage/cm0/cj2/delay3/buf_inst_04/O
                         net (fo=2, routed)           0.301    33.412    M_Stage/cm0/cj2/delay4/din
    SLICE_X39Y48         LUT1 (Prop_lut1_I0_O)        0.327    33.739 r  M_Stage/cm0/cj2/delay4/buf_inst_00/O
                         net (fo=1, routed)           0.526    34.265    M_Stage/cm0/cj2/delay4/t00
    SLICE_X38Y48         LUT1 (Prop_lut1_I0_O)        0.124    34.389 r  M_Stage/cm0/cj2/delay4/buf_inst_01/O
                         net (fo=1, routed)           0.662    35.050    M_Stage/cm0/cj2/delay4/t01
    SLICE_X38Y50         LUT1 (Prop_lut1_I0_O)        0.124    35.174 r  M_Stage/cm0/cj2/delay4/buf_inst_02/O
                         net (fo=1, routed)           0.466    35.640    M_Stage/cm0/cj2/delay4/t02
    SLICE_X38Y50         LUT1 (Prop_lut1_I0_O)        0.124    35.764 r  M_Stage/cm0/cj2/delay4/buf_inst_03/O
                         net (fo=1, routed)           0.680    36.444    M_Stage/cm0/cj2/delay4/t03
    SLICE_X38Y50         LUT1 (Prop_lut1_I0_O)        0.150    36.594 r  M_Stage/cm0/cj2/delay4/buf_inst_04/O
                         net (fo=1, routed)           0.165    36.759    M_Stage/cm0/cj2/LD_out
    SLICE_X38Y50         LUT1 (Prop_lut1_I0_O)        0.328    37.087 f  M_Stage/cm0/cj2/Send_out_INST_0/O
                         net (fo=1, routed)           0.452    37.539    M_Stage/cm0/cop1
    SLICE_X38Y50         LUT2 (Prop_lut2_I1_O)        0.124    37.663 r  M_Stage/cm0/nor1_inferred_i_1/O
                         net (fo=2, routed)           0.816    38.479    MMCAM/c1/Send_in
    SLICE_X38Y53         LUT4 (Prop_lut4_I1_O)        0.124    38.603 f  MMCAM/c1/nand3_out_inferred_i_1/O
                         net (fo=2, routed)           0.841    39.444    MMCAM/c1/nand3_out
    SLICE_X38Y54         LUT2 (Prop_lut2_I0_O)        0.124    39.568 r  MMCAM/c1/nand4_out_inferred_i_1/O
                         net (fo=1, routed)           0.666    40.234    MMCAM/c1/nand4_out
    SLICE_X38Y54         LUT3 (Prop_lut3_I0_O)        0.124    40.358 f  MMCAM/c1/nand5_out_inferred_i_1/O
                         net (fo=3, routed)           0.963    41.321    MMCAM/c1/delay3/din
    SLICE_X41Y54         LUT1 (Prop_lut1_I0_O)        0.124    41.445 f  MMCAM/c1/delay3/buf_inst_00/O
                         net (fo=1, routed)           0.870    42.315    MMCAM/c1/delay3/t00
    SLICE_X40Y54         LUT1 (Prop_lut1_I0_O)        0.124    42.439 f  MMCAM/c1/delay3/buf_inst_01/O
                         net (fo=1, routed)           0.279    42.718    MMCAM/c1/delay3/t01
    SLICE_X40Y54         LUT1 (Prop_lut1_I0_O)        0.124    42.842 f  MMCAM/c1/delay3/buf_inst_02/O
                         net (fo=1, routed)           0.853    43.695    MMCAM/c1/delay3/t02
    SLICE_X40Y54         LUT1 (Prop_lut1_I0_O)        0.124    43.819 f  MMCAM/c1/delay3/buf_inst_03/O
                         net (fo=1, routed)           0.433    44.252    MMCAM/c1/delay3/t03
    SLICE_X40Y54         LUT1 (Prop_lut1_I0_O)        0.124    44.376 f  MMCAM/c1/delay3/buf_inst_04/O
                         net (fo=2, routed)           0.686    45.062    MMCAM/c1/delay4/din
    SLICE_X40Y54         LUT1 (Prop_lut1_I0_O)        0.152    45.214 f  MMCAM/c1/delay4/buf_inst_00/O
                         net (fo=1, routed)           0.851    46.066    MMCAM/c1/delay4/t00
    SLICE_X40Y54         LUT1 (Prop_lut1_I0_O)        0.354    46.420 f  MMCAM/c1/delay4/buf_inst_01/O
                         net (fo=1, routed)           0.288    46.708    MMCAM/c1/delay4/t01
    SLICE_X40Y54         LUT1 (Prop_lut1_I0_O)        0.328    47.036 f  MMCAM/c1/delay4/buf_inst_02/O
                         net (fo=1, routed)           0.809    47.844    MMCAM/c1/delay4/t02
    SLICE_X39Y54         LUT1 (Prop_lut1_I0_O)        0.327    48.171 f  MMCAM/c1/delay4/buf_inst_03/O
                         net (fo=1, routed)           0.264    48.436    MMCAM/c1/delay4/t03
    SLICE_X39Y54         LUT1 (Prop_lut1_I0_O)        0.124    48.560 f  MMCAM/c1/delay4/buf_inst_04/O
                         net (fo=2, routed)           0.812    49.372    MMRAM/ce2/cf0/Send_in
    SLICE_X38Y57         LUT4 (Prop_lut4_I1_O)        0.124    49.496 r  MMRAM/ce2/cf0/nand3_out_inferred_i_1/O
                         net (fo=2, routed)           0.701    50.197    MMRAM/ce2/cf0/nand3_out
    SLICE_X38Y57         LUT2 (Prop_lut2_I0_O)        0.124    50.321 f  MMRAM/ce2/cf0/nand4_out_inferred_i_1/O
                         net (fo=1, routed)           0.282    50.603    MMRAM/ce2/cf0/nand4_out
    SLICE_X38Y57         LUT3 (Prop_lut3_I0_O)        0.124    50.727 r  MMRAM/ce2/cf0/nand5_out_inferred_i_1/O
                         net (fo=3, routed)           0.808    51.535    MMRAM/ce2/cf0/delay3/din
    SLICE_X37Y57         LUT1 (Prop_lut1_I0_O)        0.124    51.659 r  MMRAM/ce2/cf0/delay3/buf_inst_00/O
                         net (fo=1, routed)           0.640    52.299    MMRAM/ce2/cf0/delay3/t00
    SLICE_X37Y57         LUT1 (Prop_lut1_I0_O)        0.124    52.423 r  MMRAM/ce2/cf0/delay3/buf_inst_01/O
                         net (fo=1, routed)           0.433    52.856    MMRAM/ce2/cf0/delay3/t01
    SLICE_X37Y57         LUT1 (Prop_lut1_I0_O)        0.124    52.980 r  MMRAM/ce2/cf0/delay3/buf_inst_02/O
                         net (fo=1, routed)           0.667    53.647    MMRAM/ce2/cf0/delay3/t02
    SLICE_X37Y57         LUT1 (Prop_lut1_I0_O)        0.152    53.799 r  MMRAM/ce2/cf0/delay3/buf_inst_03/O
                         net (fo=1, routed)           0.267    54.065    MMRAM/ce2/cf0/delay3/t03
    SLICE_X37Y57         LUT1 (Prop_lut1_I0_O)        0.328    54.393 r  MMRAM/ce2/cf0/delay3/buf_inst_04/O
                         net (fo=2, routed)           1.063    55.457    MMRAM/ce2/cf0/delay4/din
    SLICE_X32Y58         LUT1 (Prop_lut1_I0_O)        0.353    55.810 r  MMRAM/ce2/cf0/delay4/buf_inst_00/O
                         net (fo=1, routed)           0.848    56.658    MMRAM/ce2/cf0/delay4/t00
    SLICE_X32Y58         LUT1 (Prop_lut1_I0_O)        0.377    57.035 r  MMRAM/ce2/cf0/delay4/buf_inst_01/O
                         net (fo=1, routed)           0.692    57.727    MMRAM/ce2/cf0/delay4/t01
    SLICE_X32Y58         LUT1 (Prop_lut1_I0_O)        0.363    58.090 r  MMRAM/ce2/cf0/delay4/buf_inst_02/O
                         net (fo=2, routed)           0.468    58.558    MMRAM/ce2/CF_Send_out
    SLICE_X32Y58         LUT2 (Prop_lut2_I0_O)        0.355    58.913 r  MMRAM/ce2/or1_out_inferred_i_1/O
                         net (fo=2, routed)           0.997    59.910    PS_Stage/c3/Send_in
    SLICE_X22Y70         LUT4 (Prop_lut4_I1_O)        0.124    60.034 f  PS_Stage/c3/nand3_out_inferred_i_1/O
                         net (fo=2, routed)           0.681    60.714    PS_Stage/c3/nand3_out
    SLICE_X22Y70         LUT2 (Prop_lut2_I0_O)        0.124    60.838 r  PS_Stage/c3/nand4_out_inferred_i_1/O
                         net (fo=1, routed)           0.280    61.118    PS_Stage/c3/nand4_out
    SLICE_X22Y70         LUT3 (Prop_lut3_I0_O)        0.124    61.242 f  PS_Stage/c3/nand5_out_inferred_i_1/O
                         net (fo=3, routed)           0.602    61.844    PS_Stage/c3/delay3/din
    SLICE_X22Y71         LUT1 (Prop_lut1_I0_O)        0.124    61.968 f  PS_Stage/c3/delay3/buf_inst_00/O
                         net (fo=1, routed)           0.433    62.402    PS_Stage/c3/delay3/t00
    SLICE_X22Y71         LUT1 (Prop_lut1_I0_O)        0.124    62.526 f  PS_Stage/c3/delay3/buf_inst_01/O
                         net (fo=1, routed)           0.834    63.360    PS_Stage/c3/delay3/t01
    SLICE_X20Y71         LUT1 (Prop_lut1_I0_O)        0.124    63.484 f  PS_Stage/c3/delay3/buf_inst_02/O
                         net (fo=1, routed)           0.286    63.770    PS_Stage/c3/delay3/t02
    SLICE_X20Y71         LUT1 (Prop_lut1_I0_O)        0.124    63.894 f  PS_Stage/c3/delay3/buf_inst_03/O
                         net (fo=1, routed)           0.161    64.055    PS_Stage/c3/delay3/t03
    SLICE_X20Y71         LUT1 (Prop_lut1_I0_O)        0.124    64.179 f  PS_Stage/c3/delay3/buf_inst_04/O
                         net (fo=2, routed)           0.478    64.657    PS_Stage/c3/delay4/din
    SLICE_X20Y71         LUT1 (Prop_lut1_I0_O)        0.124    64.781 f  PS_Stage/c3/delay4/buf_inst_00/O
                         net (fo=1, routed)           0.873    65.655    PS_Stage/c3/delay4/t00
    SLICE_X21Y71         LUT1 (Prop_lut1_I0_O)        0.124    65.779 f  PS_Stage/c3/delay4/buf_inst_01/O
                         net (fo=1, routed)           0.264    66.043    PS_Stage/c3/delay4/t01
    SLICE_X21Y71         LUT1 (Prop_lut1_I0_O)        0.124    66.167 f  PS_Stage/c3/delay4/buf_inst_02/O
                         net (fo=1, routed)           0.149    66.316    PS_Stage/c3/delay4/t02
    SLICE_X21Y71         LUT1 (Prop_lut1_I0_O)        0.124    66.440 f  PS_Stage/c3/delay4/buf_inst_03/O
                         net (fo=1, routed)           0.433    66.873    PS_Stage/c3/delay4/t03
    SLICE_X21Y71         LUT1 (Prop_lut1_I0_O)        0.124    66.997 f  PS_Stage/c3/delay4/buf_inst_04/O
                         net (fo=2, routed)           1.172    68.170    FP_Stage/ce4/cf0/Send_in
    SLICE_X21Y75         LUT4 (Prop_lut4_I1_O)        0.124    68.294 r  FP_Stage/ce4/cf0/nand3_out_inferred_i_1/O
                         net (fo=2, routed)           0.826    69.119    FP_Stage/ce4/cf0/nand3_out
    SLICE_X23Y75         LUT2 (Prop_lut2_I0_O)        0.124    69.243 f  FP_Stage/ce4/cf0/nand4_out_inferred_i_1/O
                         net (fo=1, routed)           0.151    69.395    FP_Stage/ce4/cf0/nand4_out
    SLICE_X23Y75         LUT3 (Prop_lut3_I0_O)        0.124    69.519 r  FP_Stage/ce4/cf0/nand5_out_inferred_i_1/O
                         net (fo=3, routed)           0.831    70.350    FP_Stage/ce4/cf0/delay3/din
    SLICE_X21Y75         LUT1 (Prop_lut1_I0_O)        0.124    70.474 r  FP_Stage/ce4/cf0/delay3/buf_inst_00/O
                         net (fo=1, routed)           0.433    70.907    FP_Stage/ce4/cf0/delay3/t00
    SLICE_X21Y75         LUT1 (Prop_lut1_I0_O)        0.124    71.031 r  FP_Stage/ce4/cf0/delay3/buf_inst_01/O
                         net (fo=1, routed)           0.665    71.696    FP_Stage/ce4/cf0/delay3/t01
    SLICE_X21Y75         LUT1 (Prop_lut1_I0_O)        0.152    71.848 r  FP_Stage/ce4/cf0/delay3/buf_inst_02/O
                         net (fo=1, routed)           0.458    72.306    FP_Stage/ce4/cf0/delay3/t02
    SLICE_X21Y75         LUT1 (Prop_lut1_I0_O)        0.321    72.627 r  FP_Stage/ce4/cf0/delay3/buf_inst_03/O
                         net (fo=1, routed)           0.267    72.893    FP_Stage/ce4/cf0/delay3/t03
    SLICE_X21Y75         LUT1 (Prop_lut1_I0_O)        0.328    73.221 r  FP_Stage/ce4/cf0/delay3/buf_inst_04/O
                         net (fo=2, routed)           1.018    74.240    FP_Stage/ce4/cf0/delay4/din
    SLICE_X20Y85         LUT1 (Prop_lut1_I0_O)        0.351    74.591 r  FP_Stage/ce4/cf0/delay4/buf_inst_00/O
                         net (fo=1, routed)           0.845    75.436    FP_Stage/ce4/cf0/delay4/t00
    SLICE_X20Y85         LUT1 (Prop_lut1_I0_O)        0.356    75.792 r  FP_Stage/ce4/cf0/delay4/buf_inst_01/O
                         net (fo=1, routed)           0.286    76.078    FP_Stage/ce4/cf0/delay4/t01
    SLICE_X20Y85         LUT1 (Prop_lut1_I0_O)        0.341    76.419 r  FP_Stage/ce4/cf0/delay4/buf_inst_02/O
                         net (fo=2, routed)           0.304    76.723    FP_Stage/ce4/CF_Send_out
    SLICE_X20Y85         LUT2 (Prop_lut2_I0_O)        0.331    77.054 r  FP_Stage/ce4/or1_out_inferred_i_1/O
                         net (fo=2, routed)           1.012    78.066    MA_Stage/c5/Send_in
    SLICE_X23Y91         LUT4 (Prop_lut4_I1_O)        0.124    78.190 f  MA_Stage/c5/nand3_out_inferred_i_1/O
                         net (fo=2, routed)           0.592    78.782    MA_Stage/c5/nand3_out
    SLICE_X24Y91         LUT2 (Prop_lut2_I0_O)        0.124    78.906 r  MA_Stage/c5/nand4_out_inferred_i_1/O
                         net (fo=1, routed)           0.452    79.358    MA_Stage/c5/nand4_out
    SLICE_X24Y91         LUT3 (Prop_lut3_I0_O)        0.124    79.482 f  MA_Stage/c5/nand5_out_inferred_i_1/O
                         net (fo=3, routed)           0.522    80.004    MA_Stage/c5/delay3/din
    SLICE_X25Y91         LUT1 (Prop_lut1_I0_O)        0.124    80.128 f  MA_Stage/c5/delay3/buf_inst_00/O
                         net (fo=1, routed)           0.149    80.277    MA_Stage/c5/delay3/t00
    SLICE_X25Y91         LUT1 (Prop_lut1_I0_O)        0.124    80.401 f  MA_Stage/c5/delay3/buf_inst_01/O
                         net (fo=1, routed)           0.433    80.835    MA_Stage/c5/delay3/t01
    SLICE_X25Y91         LUT1 (Prop_lut1_I0_O)        0.124    80.959 f  MA_Stage/c5/delay3/buf_inst_02/O
                         net (fo=1, routed)           0.517    81.476    MA_Stage/c5/delay3/t02
    SLICE_X24Y91         LUT1 (Prop_lut1_I0_O)        0.124    81.600 f  MA_Stage/c5/delay3/buf_inst_03/O
                         net (fo=1, routed)           0.466    82.065    MA_Stage/c5/delay3/t03
    SLICE_X24Y91         LUT1 (Prop_lut1_I0_O)        0.124    82.189 f  MA_Stage/c5/delay3/buf_inst_04/O
                         net (fo=2, routed)           0.904    83.094    MA_Stage/c5/delay4/din
    SLICE_X27Y91         LUT1 (Prop_lut1_I0_O)        0.124    83.218 f  MA_Stage/c5/delay4/buf_inst_00/O
                         net (fo=1, routed)           0.505    83.723    MA_Stage/c5/delay4/t00
    SLICE_X26Y91         LUT1 (Prop_lut1_I0_O)        0.124    83.847 f  MA_Stage/c5/delay4/buf_inst_01/O
                         net (fo=1, routed)           0.279    84.126    MA_Stage/c5/delay4/t01
    SLICE_X26Y91         LUT1 (Prop_lut1_I0_O)        0.124    84.250 f  MA_Stage/c5/delay4/buf_inst_02/O
                         net (fo=1, routed)           0.158    84.408    MA_Stage/c5/delay4/t02
    SLICE_X26Y91         LUT1 (Prop_lut1_I0_O)        0.124    84.532 f  MA_Stage/c5/delay4/buf_inst_03/O
                         net (fo=1, routed)           0.433    84.966    MA_Stage/c5/delay4/t03
    SLICE_X26Y91         LUT1 (Prop_lut1_I0_O)        0.124    85.090 f  MA_Stage/c5/delay4/buf_inst_04/O
                         net (fo=2, routed)           0.897    85.986    COPY_Stage/cx2_6/cf0/Send_in
    SLICE_X32Y91         LUT4 (Prop_lut4_I1_O)        0.124    86.110 r  COPY_Stage/cx2_6/cf0/nand3_out_inferred_i_1/O
                         net (fo=2, routed)           0.683    86.793    COPY_Stage/cx2_6/cf0/nand3_out
    SLICE_X32Y91         LUT2 (Prop_lut2_I0_O)        0.124    86.917 f  COPY_Stage/cx2_6/cf0/nand4_out_inferred_i_1/O
                         net (fo=1, routed)           0.162    87.079    COPY_Stage/cx2_6/cf0/nand4_out
    SLICE_X32Y91         LUT3 (Prop_lut3_I0_O)        0.124    87.203 r  COPY_Stage/cx2_6/cf0/nand5_out_inferred_i_1/O
                         net (fo=3, routed)           0.679    87.882    COPY_Stage/cx2_6/cf0/delay3/din
    SLICE_X33Y91         LUT1 (Prop_lut1_I0_O)        0.124    88.006 r  COPY_Stage/cx2_6/cf0/delay3/buf_inst_00/O
                         net (fo=1, routed)           0.264    88.270    COPY_Stage/cx2_6/cf0/delay3/t00
    SLICE_X33Y91         LUT1 (Prop_lut1_I0_O)        0.124    88.394 r  COPY_Stage/cx2_6/cf0/delay3/buf_inst_01/O
                         net (fo=1, routed)           0.291    88.685    COPY_Stage/cx2_6/cf0/delay3/t01
    SLICE_X33Y92         LUT1 (Prop_lut1_I0_O)        0.124    88.809 r  COPY_Stage/cx2_6/cf0/delay3/buf_inst_02/O
                         net (fo=1, routed)           0.655    89.464    COPY_Stage/cx2_6/cf0/delay3/t02
    SLICE_X32Y92         LUT1 (Prop_lut1_I0_O)        0.124    89.588 r  COPY_Stage/cx2_6/cf0/delay3/buf_inst_03/O
                         net (fo=1, routed)           0.466    90.054    COPY_Stage/cx2_6/cf0/delay3/t03
    SLICE_X32Y92         LUT1 (Prop_lut1_I0_O)        0.124    90.178 r  COPY_Stage/cx2_6/cf0/delay3/buf_inst_04/O
                         net (fo=2, routed)           0.866    91.044    COPY_Stage/cx2_6/cf0/delay4/din
    SLICE_X36Y88         LUT1 (Prop_lut1_I0_O)        0.124    91.168 r  COPY_Stage/cx2_6/cf0/delay4/buf_inst_00/O
                         net (fo=1, routed)           0.853    92.021    COPY_Stage/cx2_6/cf0/delay4/t00
    SLICE_X36Y88         LUT1 (Prop_lut1_I0_O)        0.124    92.145 r  COPY_Stage/cx2_6/cf0/delay4/buf_inst_01/O
                         net (fo=1, routed)           0.658    92.803    COPY_Stage/cx2_6/cf0/delay4/t01
    SLICE_X37Y88         LUT1 (Prop_lut1_I0_O)        0.124    92.927 r  COPY_Stage/cx2_6/cf0/delay4/buf_inst_02/O
                         net (fo=3, routed)           0.869    93.796    COPY_Stage/cx2_6/CF1_Send_out
    SLICE_X37Y88         LUT2 (Prop_lut2_I0_O)        0.124    93.920 r  COPY_Stage/cx2_6/nand2_inferred_i_1/O
                         net (fo=1, routed)           0.648    94.568    COPY_Stage/cx2_6/nand2
    SLICE_X37Y88         LUT2 (Prop_lut2_I1_O)        0.124    94.692 r  COPY_Stage/cx2_6/and2_inferred_i_1/O
                         net (fo=2, routed)           1.804    96.496    B_Stage/cb7/CF1/Send_in
    SLICE_X43Y56         LUT4 (Prop_lut4_I1_O)        0.124    96.620 f  B_Stage/cb7/CF1/nand3_out_inferred_i_1/O
                         net (fo=2, routed)           0.264    96.885    B_Stage/cb7/CF1/nand3_out
    SLICE_X43Y56         LUT3 (Prop_lut3_I2_O)        0.124    97.009 r  B_Stage/cb7/CF1/nand2_out_inferred_i_1/O
                         net (fo=1, routed)           0.154    97.162    B_Stage/cb7/CF1/nand2_out
    SLICE_X43Y56         LUT2 (Prop_lut2_I1_O)        0.124    97.286 f  B_Stage/cb7/CF1/nand1_out_inferred_i_1/O
                         net (fo=3, routed)           0.680    97.967    B_Stage/cb7/CF1/delay2/din
    SLICE_X42Y58         LUT1 (Prop_lut1_I0_O)        0.124    98.091 f  B_Stage/cb7/CF1/delay2/buf_inst_00/O
                         net (fo=1, routed)           0.466    98.557    B_Stage/cb7/CF1/delay2/t00
    SLICE_X42Y58         LUT1 (Prop_lut1_I0_O)        0.124    98.681 f  B_Stage/cb7/CF1/delay2/buf_inst_01/O
                         net (fo=1, routed)           1.340   100.021    B_Stage/cb7/CF1/delay2/t01
    SLICE_X43Y73         LUT1 (Prop_lut1_I0_O)        0.124   100.145 f  B_Stage/cb7/CF1/delay2/buf_inst_02/O
                         net (fo=1, routed)           0.433   100.578    B_Stage/cb7/CF1/LB_out
    SLICE_X43Y73         LUT1 (Prop_lut1_I0_O)        0.124   100.702 r  B_Stage/cb7/CF1/Ack_out_INST_0/O
                         net (fo=4, routed)           1.607   102.309    COPY_Stage/cx2_6/cf1/Ack_in
    SLICE_X38Y89         LUT3 (Prop_lut3_I2_O)        0.124   102.433 f  COPY_Stage/cx2_6/cf1/nand5_out_inferred_i_1/O
                         net (fo=3, routed)           0.678   103.111    COPY_Stage/cx2_6/cf1/nand5_out
    SLICE_X39Y89         LUT1 (Prop_lut1_I0_O)        0.124   103.235 r  COPY_Stage/cx2_6/cf1/CP_INST_0/O
                         net (fo=2, routed)           0.602   103.838    COPY_Stage/cx2_6/CF2_cp
    SLICE_X38Y87         LUT2 (Prop_lut2_I0_O)        0.124   103.962 f  COPY_Stage/cx2_6/nor1_inferred_i_1/O
                         net (fo=1, routed)           0.161   104.123    COPY_Stage/cx2_6/nor1
    SLICE_X38Y87         LUT2 (Prop_lut2_I1_O)        0.124   104.247 r  COPY_Stage/cx2_6/nor2_inferred_i_1/O
                         net (fo=9, routed)           0.993   105.239    COPY_Stage/FEB
    SLICE_X38Y85         LUT3 (Prop_lut3_I2_O)        0.124   105.363 r  COPY_Stage/MUX1_dest_inferred_i_6/O
                         net (fo=3, routed)           0.842   106.206    B_Stage/subps/U0/inst_blk_mem_gen/gnbram.gnativebmg.native_blk_mem_gen/valid.cstr/ramloop[0].ram.r/prim_init.ram/addra[1]
    RAMB18_X2Y34         RAMB18E1                                     r  B_Stage/subps/U0/inst_blk_mem_gen/gnbram.gnativebmg.native_blk_mem_gen/valid.cstr/ramloop[0].ram.r/prim_init.ram/DEVICE_7SERIES.NO_BMM_INFO.SP.WIDE_PRIM18.ram/ADDRARDADDR[6]
  -------------------------------------------------------------------    -------------------

Slack:                    inf
  Source:                 MR
                            (input port)
  Destination:            B_Stage/subps/U0/inst_blk_mem_gen/gnbram.gnativebmg.native_blk_mem_gen/valid.cstr/ramloop[0].ram.r/prim_init.ram/DEVICE_7SERIES.NO_BMM_INFO.SP.WIDE_PRIM18.ram/ADDRBWRADDR[6]
  Path Group:             (none)
  Path Type:              Max at Slow Process Corner
  Data Path Delay:        106.206ns  (logic 22.938ns (21.598%)  route 83.267ns (78.402%))
  Logic Levels:           136  (IBUF=1 LUT1=90 LUT2=20 LUT3=16 LUT4=8 LUT6=1)

    Location             Delay type                Incr(ns)  Path(ns)    Netlist Resource(s)
  -------------------------------------------------------------------    -------------------
    T15                                               0.000     0.000 f  MR (IN)
                         net (fo=0)                   0.000     0.000    MR
    T15                  IBUF (Prop_ibuf_I_O)         0.996     0.996 f  MR_IBUF_inst/O
                         net (fo=1735, routed)        1.900     2.896    C10/MR
    SLICE_X41Y47         LUT1 (Prop_lut1_I0_O)        0.124     3.020 r  C10/not_out_inferred_i_1/O
                         net (fo=2, routed)           0.591     3.612    C10/not_out
    SLICE_X42Y47         LUT3 (Prop_lut3_I1_O)        0.124     3.736 f  C10/nand5_out_inferred_i_1/O
                         net (fo=3, routed)           0.597     4.332    C10/delay3/din
    SLICE_X40Y47         LUT1 (Prop_lut1_I0_O)        0.150     4.482 f  C10/delay3/buf_inst_00/O
                         net (fo=1, routed)           0.851     5.334    C10/delay3/t00
    SLICE_X40Y47         LUT1 (Prop_lut1_I0_O)        0.354     5.688 f  C10/delay3/buf_inst_01/O
                         net (fo=1, routed)           0.963     6.650    C10/delay3/t01
    SLICE_X43Y45         LUT1 (Prop_lut1_I0_O)        0.332     6.982 f  C10/delay3/buf_inst_02/O
                         net (fo=1, routed)           0.264     7.247    C10/delay3/t02
    SLICE_X43Y45         LUT1 (Prop_lut1_I0_O)        0.124     7.371 f  C10/delay3/buf_inst_03/O
                         net (fo=1, routed)           0.149     7.520    C10/delay3/t03
    SLICE_X43Y45         LUT1 (Prop_lut1_I0_O)        0.124     7.644 f  C10/delay3/buf_inst_04/O
                         net (fo=2, routed)           0.320     7.964    C10/LC_out
    SLICE_X42Y47         LUT4 (Prop_lut4_I3_O)        0.124     8.088 r  C10/nand3_out_inferred_i_1/O
                         net (fo=2, routed)           0.298     8.385    C10/nand3_out
    SLICE_X42Y47         LUT3 (Prop_lut3_I2_O)        0.124     8.509 f  C10/nand2_out_inferred_i_1/O
                         net (fo=1, routed)           0.656     9.165    C10/nand2_out
    SLICE_X43Y47         LUT2 (Prop_lut2_I1_O)        0.124     9.289 r  C10/nand1_out_inferred_i_1/O
                         net (fo=3, routed)           1.300    10.589    C10/delay2/din
    SLICE_X43Y51         LUT1 (Prop_lut1_I0_O)        0.124    10.713 r  C10/delay2/buf_inst_00/O
                         net (fo=1, routed)           0.729    11.442    C10/delay2/t00
    SLICE_X42Y51         LUT1 (Prop_lut1_I0_O)        0.124    11.566 r  C10/delay2/buf_inst_01/O
                         net (fo=1, routed)           0.286    11.852    C10/delay2/t01
    SLICE_X42Y51         LUT1 (Prop_lut1_I0_O)        0.124    11.976 r  C10/delay2/buf_inst_02/O
                         net (fo=1, routed)           0.161    12.137    C10/delay2/t02
    SLICE_X42Y51         LUT1 (Prop_lut1_I0_O)        0.124    12.261 r  C10/delay2/buf_inst_03/O
                         net (fo=1, routed)           0.466    12.727    C10/delay2/t03
    SLICE_X42Y51         LUT1 (Prop_lut1_I0_O)        0.124    12.851 r  C10/delay2/buf_inst_04/O
                         net (fo=1, routed)           0.872    13.724    C10/LB_out
    SLICE_X43Y51         LUT1 (Prop_lut1_I0_O)        0.124    13.848 f  C10/Ack_out_INST_0/O
                         net (fo=1, routed)           0.433    14.281    B_Stage/cb7/Ack_in_a
    SLICE_X43Y51         LUT2 (Prop_lut2_I0_O)        0.124    14.405 f  B_Stage/cb7/Ack_in_and_inferred_i_1/O
                         net (fo=2, routed)           1.101    15.505    B_Stage/cb7/CF1/Ack_in
    SLICE_X43Y56         LUT3 (Prop_lut3_I2_O)        0.124    15.629 r  B_Stage/cb7/CF1/nand5_out_inferred_i_1/O
                         net (fo=3, routed)           0.754    16.383    B_Stage/cb7/CF1/delay3/din
    SLICE_X42Y56         LUT1 (Prop_lut1_I0_O)        0.124    16.507 r  B_Stage/cb7/CF1/delay3/buf_inst_00/O
                         net (fo=1, routed)           0.984    17.491    B_Stage/cb7/CF1/delay3/t00
    SLICE_X42Y56         LUT1 (Prop_lut1_I0_O)        0.124    17.615 r  B_Stage/cb7/CF1/delay3/buf_inst_01/O
                         net (fo=1, routed)           0.466    18.081    B_Stage/cb7/CF1/delay3/t01
    SLICE_X42Y56         LUT1 (Prop_lut1_I0_O)        0.124    18.205 r  B_Stage/cb7/CF1/delay3/buf_inst_02/O
                         net (fo=1, routed)           0.680    18.885    B_Stage/cb7/CF1/delay3/t02
    SLICE_X42Y56         LUT1 (Prop_lut1_I0_O)        0.150    19.035 r  B_Stage/cb7/CF1/delay3/buf_inst_03/O
                         net (fo=1, routed)           0.845    19.881    B_Stage/cb7/CF1/delay3/t03
    SLICE_X42Y56         LUT1 (Prop_lut1_I0_O)        0.356    20.237 r  B_Stage/cb7/CF1/delay3/buf_inst_04/O
                         net (fo=2, routed)           0.302    20.539    B_Stage/cb7/CF1/delay4/din
    SLICE_X42Y56         LUT1 (Prop_lut1_I0_O)        0.341    20.880 r  B_Stage/cb7/CF1/delay4/buf_inst_00/O
                         net (fo=1, routed)           1.004    21.884    B_Stage/cb7/CF1/delay4/t00
    SLICE_X39Y51         LUT1 (Prop_lut1_I0_O)        0.331    22.215 r  B_Stage/cb7/CF1/delay4/buf_inst_01/O
                         net (fo=1, routed)           0.433    22.648    B_Stage/cb7/CF1/delay4/t01
    SLICE_X39Y51         LUT1 (Prop_lut1_I0_O)        0.124    22.772 r  B_Stage/cb7/CF1/delay4/buf_inst_02/O
                         net (fo=2, routed)           0.678    23.450    B_Stage/cb7/CF_Send_out
    SLICE_X39Y51         LUT2 (Prop_lut2_I0_O)        0.124    23.574 r  B_Stage/cb7/nand2_inferred_i_1/O
                         net (fo=3, routed)           0.607    24.181    M_Stage/cm0/arb/Send_in_b
    SLICE_X41Y50         LUT3 (Prop_lut3_I0_O)        0.124    24.305 f  M_Stage/cm0/arb/nand2_1_inferred_i_1/O
                         net (fo=1, routed)           0.505    24.810    M_Stage/cm0/arb/nand2_1
    SLICE_X40Y50         LUT3 (Prop_lut3_I2_O)        0.124    24.934 r  M_Stage/cm0/arb/nand2_2_inferred_i_1/O
                         net (fo=2, routed)           0.679    25.613    M_Stage/cm0/arb/nand2_2
    SLICE_X40Y50         LUT2 (Prop_lut2_I0_O)        0.124    25.737 f  M_Stage/cm0/arb/nand3_2_inferred_i_1/O
                         net (fo=2, routed)           0.816    26.553    M_Stage/cm0/arb/nand3_2
    SLICE_X39Y50         LUT3 (Prop_lut3_I1_O)        0.124    26.677 r  M_Stage/cm0/arb/nand4_2_inferred_i_1/O
                         net (fo=2, routed)           0.379    27.057    M_Stage/cm0/arb/nand4_2
    SLICE_X39Y50         LUT2 (Prop_lut2_I0_O)        0.124    27.181 f  M_Stage/cm0/arb/nand4_1_inferred_i_1/O
                         net (fo=2, routed)           0.608    27.789    M_Stage/cm0/cj2/g
    SLICE_X38Y48         LUT6 (Prop_lut6_I0_O)        0.124    27.913 r  M_Stage/cm0/cj2/nand3_out_inferred_i_1/O
                         net (fo=2, routed)           0.683    28.596    M_Stage/cm0/cj2/nand3_out
    SLICE_X38Y48         LUT2 (Prop_lut2_I0_O)        0.124    28.720 f  M_Stage/cm0/cj2/nand4_out_inferred_i_1/O
                         net (fo=1, routed)           0.162    28.882    M_Stage/cm0/cj2/nand4_out
    SLICE_X38Y48         LUT3 (Prop_lut3_I0_O)        0.124    29.006 r  M_Stage/cm0/cj2/nand5_out_inferred_i_1/O
                         net (fo=3, routed)           0.811    29.817    M_Stage/cm0/cj2/delay3/din
    SLICE_X37Y48         LUT1 (Prop_lut1_I0_O)        0.124    29.941 r  M_Stage/cm0/cj2/delay3/buf_inst_00/O
                         net (fo=1, routed)           0.433    30.374    M_Stage/cm0/cj2/delay3/t00
    SLICE_X37Y48         LUT1 (Prop_lut1_I0_O)        0.124    30.498 r  M_Stage/cm0/cj2/delay3/buf_inst_01/O
                         net (fo=1, routed)           0.665    31.163    M_Stage/cm0/cj2/delay3/t01
    SLICE_X37Y48         LUT1 (Prop_lut1_I0_O)        0.152    31.315 r  M_Stage/cm0/cj2/delay3/buf_inst_02/O
                         net (fo=1, routed)           0.848    32.163    M_Stage/cm0/cj2/delay3/t02
    SLICE_X37Y48         LUT1 (Prop_lut1_I0_O)        0.354    32.517 r  M_Stage/cm0/cj2/delay3/buf_inst_03/O
                         net (fo=1, routed)           0.267    32.783    M_Stage/cm0/cj2/delay3/t03
    SLICE_X37Y48         LUT1 (Prop_lut1_I0_O)        0.328    33.111 r  M_Stage/cm0/cj2/delay3/buf_inst_04/O
                         net (fo=2, routed)           0.301    33.412    M_Stage/cm0/cj2/delay4/din
    SLICE_X39Y48         LUT1 (Prop_lut1_I0_O)        0.327    33.739 r  M_Stage/cm0/cj2/delay4/buf_inst_00/O
                         net (fo=1, routed)           0.526    34.265    M_Stage/cm0/cj2/delay4/t00
    SLICE_X38Y48         LUT1 (Prop_lut1_I0_O)        0.124    34.389 r  M_Stage/cm0/cj2/delay4/buf_inst_01/O
                         net (fo=1, routed)           0.662    35.050    M_Stage/cm0/cj2/delay4/t01
    SLICE_X38Y50         LUT1 (Prop_lut1_I0_O)        0.124    35.174 r  M_Stage/cm0/cj2/delay4/buf_inst_02/O
                         net (fo=1, routed)           0.466    35.640    M_Stage/cm0/cj2/delay4/t02
    SLICE_X38Y50         LUT1 (Prop_lut1_I0_O)        0.124    35.764 r  M_Stage/cm0/cj2/delay4/buf_inst_03/O
                         net (fo=1, routed)           0.680    36.444    M_Stage/cm0/cj2/delay4/t03
    SLICE_X38Y50         LUT1 (Prop_lut1_I0_O)        0.150    36.594 r  M_Stage/cm0/cj2/delay4/buf_inst_04/O
                         net (fo=1, routed)           0.165    36.759    M_Stage/cm0/cj2/LD_out
    SLICE_X38Y50         LUT1 (Prop_lut1_I0_O)        0.328    37.087 f  M_Stage/cm0/cj2/Send_out_INST_0/O
                         net (fo=1, routed)           0.452    37.539    M_Stage/cm0/cop1
    SLICE_X38Y50         LUT2 (Prop_lut2_I1_O)        0.124    37.663 r  M_Stage/cm0/nor1_inferred_i_1/O
                         net (fo=2, routed)           0.816    38.479    MMCAM/c1/Send_in
    SLICE_X38Y53         LUT4 (Prop_lut4_I1_O)        0.124    38.603 f  MMCAM/c1/nand3_out_inferred_i_1/O
                         net (fo=2, routed)           0.841    39.444    MMCAM/c1/nand3_out
    SLICE_X38Y54         LUT2 (Prop_lut2_I0_O)        0.124    39.568 r  MMCAM/c1/nand4_out_inferred_i_1/O
                         net (fo=1, routed)           0.666    40.234    MMCAM/c1/nand4_out
    SLICE_X38Y54         LUT3 (Prop_lut3_I0_O)        0.124    40.358 f  MMCAM/c1/nand5_out_inferred_i_1/O
                         net (fo=3, routed)           0.963    41.321    MMCAM/c1/delay3/din
    SLICE_X41Y54         LUT1 (Prop_lut1_I0_O)        0.124    41.445 f  MMCAM/c1/delay3/buf_inst_00/O
                         net (fo=1, routed)           0.870    42.315    MMCAM/c1/delay3/t00
    SLICE_X40Y54         LUT1 (Prop_lut1_I0_O)        0.124    42.439 f  MMCAM/c1/delay3/buf_inst_01/O
                         net (fo=1, routed)           0.279    42.718    MMCAM/c1/delay3/t01
    SLICE_X40Y54         LUT1 (Prop_lut1_I0_O)        0.124    42.842 f  MMCAM/c1/delay3/buf_inst_02/O
                         net (fo=1, routed)           0.853    43.695    MMCAM/c1/delay3/t02
    SLICE_X40Y54         LUT1 (Prop_lut1_I0_O)        0.124    43.819 f  MMCAM/c1/delay3/buf_inst_03/O
                         net (fo=1, routed)           0.433    44.252    MMCAM/c1/delay3/t03
    SLICE_X40Y54         LUT1 (Prop_lut1_I0_O)        0.124    44.376 f  MMCAM/c1/delay3/buf_inst_04/O
                         net (fo=2, routed)           0.686    45.062    MMCAM/c1/delay4/din
    SLICE_X40Y54         LUT1 (Prop_lut1_I0_O)        0.152    45.214 f  MMCAM/c1/delay4/buf_inst_00/O
                         net (fo=1, routed)           0.851    46.066    MMCAM/c1/delay4/t00
    SLICE_X40Y54         LUT1 (Prop_lut1_I0_O)        0.354    46.420 f  MMCAM/c1/delay4/buf_inst_01/O
                         net (fo=1, routed)           0.288    46.708    MMCAM/c1/delay4/t01
    SLICE_X40Y54         LUT1 (Prop_lut1_I0_O)        0.328    47.036 f  MMCAM/c1/delay4/buf_inst_02/O
                         net (fo=1, routed)           0.809    47.844    MMCAM/c1/delay4/t02
    SLICE_X39Y54         LUT1 (Prop_lut1_I0_O)        0.327    48.171 f  MMCAM/c1/delay4/buf_inst_03/O
                         net (fo=1, routed)           0.264    48.436    MMCAM/c1/delay4/t03
    SLICE_X39Y54         LUT1 (Prop_lut1_I0_O)        0.124    48.560 f  MMCAM/c1/delay4/buf_inst_04/O
                         net (fo=2, routed)           0.812    49.372    MMRAM/ce2/cf0/Send_in
    SLICE_X38Y57         LUT4 (Prop_lut4_I1_O)        0.124    49.496 r  MMRAM/ce2/cf0/nand3_out_inferred_i_1/O
                         net (fo=2, routed)           0.701    50.197    MMRAM/ce2/cf0/nand3_out
    SLICE_X38Y57         LUT2 (Prop_lut2_I0_O)        0.124    50.321 f  MMRAM/ce2/cf0/nand4_out_inferred_i_1/O
                         net (fo=1, routed)           0.282    50.603    MMRAM/ce2/cf0/nand4_out
    SLICE_X38Y57         LUT3 (Prop_lut3_I0_O)        0.124    50.727 r  MMRAM/ce2/cf0/nand5_out_inferred_i_1/O
                         net (fo=3, routed)           0.808    51.535    MMRAM/ce2/cf0/delay3/din
    SLICE_X37Y57         LUT1 (Prop_lut1_I0_O)        0.124    51.659 r  MMRAM/ce2/cf0/delay3/buf_inst_00/O
                         net (fo=1, routed)           0.640    52.299    MMRAM/ce2/cf0/delay3/t00
    SLICE_X37Y57         LUT1 (Prop_lut1_I0_O)        0.124    52.423 r  MMRAM/ce2/cf0/delay3/buf_inst_01/O
                         net (fo=1, routed)           0.433    52.856    MMRAM/ce2/cf0/delay3/t01
    SLICE_X37Y57         LUT1 (Prop_lut1_I0_O)        0.124    52.980 r  MMRAM/ce2/cf0/delay3/buf_inst_02/O
                         net (fo=1, routed)           0.667    53.647    MMRAM/ce2/cf0/delay3/t02
    SLICE_X37Y57         LUT1 (Prop_lut1_I0_O)        0.152    53.799 r  MMRAM/ce2/cf0/delay3/buf_inst_03/O
                         net (fo=1, routed)           0.267    54.065    MMRAM/ce2/cf0/delay3/t03
    SLICE_X37Y57         LUT1 (Prop_lut1_I0_O)        0.328    54.393 r  MMRAM/ce2/cf0/delay3/buf_inst_04/O
                         net (fo=2, routed)           1.063    55.457    MMRAM/ce2/cf0/delay4/din
    SLICE_X32Y58         LUT1 (Prop_lut1_I0_O)        0.353    55.810 r  MMRAM/ce2/cf0/delay4/buf_inst_00/O
                         net (fo=1, routed)           0.848    56.658    MMRAM/ce2/cf0/delay4/t00
    SLICE_X32Y58         LUT1 (Prop_lut1_I0_O)        0.377    57.035 r  MMRAM/ce2/cf0/delay4/buf_inst_01/O
                         net (fo=1, routed)           0.692    57.727    MMRAM/ce2/cf0/delay4/t01
    SLICE_X32Y58         LUT1 (Prop_lut1_I0_O)        0.363    58.090 r  MMRAM/ce2/cf0/delay4/buf_inst_02/O
                         net (fo=2, routed)           0.468    58.558    MMRAM/ce2/CF_Send_out
    SLICE_X32Y58         LUT2 (Prop_lut2_I0_O)        0.355    58.913 r  MMRAM/ce2/or1_out_inferred_i_1/O
                         net (fo=2, routed)           0.997    59.910    PS_Stage/c3/Send_in
    SLICE_X22Y70         LUT4 (Prop_lut4_I1_O)        0.124    60.034 f  PS_Stage/c3/nand3_out_inferred_i_1/O
                         net (fo=2, routed)           0.681    60.714    PS_Stage/c3/nand3_out
    SLICE_X22Y70         LUT2 (Prop_lut2_I0_O)        0.124    60.838 r  PS_Stage/c3/nand4_out_inferred_i_1/O
                         net (fo=1, routed)           0.280    61.118    PS_Stage/c3/nand4_out
    SLICE_X22Y70         LUT3 (Prop_lut3_I0_O)        0.124    61.242 f  PS_Stage/c3/nand5_out_inferred_i_1/O
                         net (fo=3, routed)           0.602    61.844    PS_Stage/c3/delay3/din
    SLICE_X22Y71         LUT1 (Prop_lut1_I0_O)        0.124    61.968 f  PS_Stage/c3/delay3/buf_inst_00/O
                         net (fo=1, routed)           0.433    62.402    PS_Stage/c3/delay3/t00
    SLICE_X22Y71         LUT1 (Prop_lut1_I0_O)        0.124    62.526 f  PS_Stage/c3/delay3/buf_inst_01/O
                         net (fo=1, routed)           0.834    63.360    PS_Stage/c3/delay3/t01
    SLICE_X20Y71         LUT1 (Prop_lut1_I0_O)        0.124    63.484 f  PS_Stage/c3/delay3/buf_inst_02/O
                         net (fo=1, routed)           0.286    63.770    PS_Stage/c3/delay3/t02
    SLICE_X20Y71         LUT1 (Prop_lut1_I0_O)        0.124    63.894 f  PS_Stage/c3/delay3/buf_inst_03/O
                         net (fo=1, routed)           0.161    64.055    PS_Stage/c3/delay3/t03
    SLICE_X20Y71         LUT1 (Prop_lut1_I0_O)        0.124    64.179 f  PS_Stage/c3/delay3/buf_inst_04/O
                         net (fo=2, routed)           0.478    64.657    PS_Stage/c3/delay4/din
    SLICE_X20Y71         LUT1 (Prop_lut1_I0_O)        0.124    64.781 f  PS_Stage/c3/delay4/buf_inst_00/O
                         net (fo=1, routed)           0.873    65.655    PS_Stage/c3/delay4/t00
    SLICE_X21Y71         LUT1 (Prop_lut1_I0_O)        0.124    65.779 f  PS_Stage/c3/delay4/buf_inst_01/O
                         net (fo=1, routed)           0.264    66.043    PS_Stage/c3/delay4/t01
    SLICE_X21Y71         LUT1 (Prop_lut1_I0_O)        0.124    66.167 f  PS_Stage/c3/delay4/buf_inst_02/O
                         net (fo=1, routed)           0.149    66.316    PS_Stage/c3/delay4/t02
    SLICE_X21Y71         LUT1 (Prop_lut1_I0_O)        0.124    66.440 f  PS_Stage/c3/delay4/buf_inst_03/O
                         net (fo=1, routed)           0.433    66.873    PS_Stage/c3/delay4/t03
    SLICE_X21Y71         LUT1 (Prop_lut1_I0_O)        0.124    66.997 f  PS_Stage/c3/delay4/buf_inst_04/O
                         net (fo=2, routed)           1.172    68.170    FP_Stage/ce4/cf0/Send_in
    SLICE_X21Y75         LUT4 (Prop_lut4_I1_O)        0.124    68.294 r  FP_Stage/ce4/cf0/nand3_out_inferred_i_1/O
                         net (fo=2, routed)           0.826    69.119    FP_Stage/ce4/cf0/nand3_out
    SLICE_X23Y75         LUT2 (Prop_lut2_I0_O)        0.124    69.243 f  FP_Stage/ce4/cf0/nand4_out_inferred_i_1/O
                         net (fo=1, routed)           0.151    69.395    FP_Stage/ce4/cf0/nand4_out
    SLICE_X23Y75         LUT3 (Prop_lut3_I0_O)        0.124    69.519 r  FP_Stage/ce4/cf0/nand5_out_inferred_i_1/O
                         net (fo=3, routed)           0.831    70.350    FP_Stage/ce4/cf0/delay3/din
    SLICE_X21Y75         LUT1 (Prop_lut1_I0_O)        0.124    70.474 r  FP_Stage/ce4/cf0/delay3/buf_inst_00/O
                         net (fo=1, routed)           0.433    70.907    FP_Stage/ce4/cf0/delay3/t00
    SLICE_X21Y75         LUT1 (Prop_lut1_I0_O)        0.124    71.031 r  FP_Stage/ce4/cf0/delay3/buf_inst_01/O
                         net (fo=1, routed)           0.665    71.696    FP_Stage/ce4/cf0/delay3/t01
    SLICE_X21Y75         LUT1 (Prop_lut1_I0_O)        0.152    71.848 r  FP_Stage/ce4/cf0/delay3/buf_inst_02/O
                         net (fo=1, routed)           0.458    72.306    FP_Stage/ce4/cf0/delay3/t02
    SLICE_X21Y75         LUT1 (Prop_lut1_I0_O)        0.321    72.627 r  FP_Stage/ce4/cf0/delay3/buf_inst_03/O
                         net (fo=1, routed)           0.267    72.893    FP_Stage/ce4/cf0/delay3/t03
    SLICE_X21Y75         LUT1 (Prop_lut1_I0_O)        0.328    73.221 r  FP_Stage/ce4/cf0/delay3/buf_inst_04/O
                         net (fo=2, routed)           1.018    74.240    FP_Stage/ce4/cf0/delay4/din
    SLICE_X20Y85         LUT1 (Prop_lut1_I0_O)        0.351    74.591 r  FP_Stage/ce4/cf0/delay4/buf_inst_00/O
                         net (fo=1, routed)           0.845    75.436    FP_Stage/ce4/cf0/delay4/t00
    SLICE_X20Y85         LUT1 (Prop_lut1_I0_O)        0.356    75.792 r  FP_Stage/ce4/cf0/delay4/buf_inst_01/O
                         net (fo=1, routed)           0.286    76.078    FP_Stage/ce4/cf0/delay4/t01
    SLICE_X20Y85         LUT1 (Prop_lut1_I0_O)        0.341    76.419 r  FP_Stage/ce4/cf0/delay4/buf_inst_02/O
                         net (fo=2, routed)           0.304    76.723    FP_Stage/ce4/CF_Send_out
    SLICE_X20Y85         LUT2 (Prop_lut2_I0_O)        0.331    77.054 r  FP_Stage/ce4/or1_out_inferred_i_1/O
                         net (fo=2, routed)           1.012    78.066    MA_Stage/c5/Send_in
    SLICE_X23Y91         LUT4 (Prop_lut4_I1_O)        0.124    78.190 f  MA_Stage/c5/nand3_out_inferred_i_1/O
                         net (fo=2, routed)           0.592    78.782    MA_Stage/c5/nand3_out
    SLICE_X24Y91         LUT2 (Prop_lut2_I0_O)        0.124    78.906 r  MA_Stage/c5/nand4_out_inferred_i_1/O
                         net (fo=1, routed)           0.452    79.358    MA_Stage/c5/nand4_out
    SLICE_X24Y91         LUT3 (Prop_lut3_I0_O)        0.124    79.482 f  MA_Stage/c5/nand5_out_inferred_i_1/O
                         net (fo=3, routed)           0.522    80.004    MA_Stage/c5/delay3/din
    SLICE_X25Y91         LUT1 (Prop_lut1_I0_O)        0.124    80.128 f  MA_Stage/c5/delay3/buf_inst_00/O
                         net (fo=1, routed)           0.149    80.277    MA_Stage/c5/delay3/t00
    SLICE_X25Y91         LUT1 (Prop_lut1_I0_O)        0.124    80.401 f  MA_Stage/c5/delay3/buf_inst_01/O
                         net (fo=1, routed)           0.433    80.835    MA_Stage/c5/delay3/t01
    SLICE_X25Y91         LUT1 (Prop_lut1_I0_O)        0.124    80.959 f  MA_Stage/c5/delay3/buf_inst_02/O
                         net (fo=1, routed)           0.517    81.476    MA_Stage/c5/delay3/t02
    SLICE_X24Y91         LUT1 (Prop_lut1_I0_O)        0.124    81.600 f  MA_Stage/c5/delay3/buf_inst_03/O
                         net (fo=1, routed)           0.466    82.065    MA_Stage/c5/delay3/t03
    SLICE_X24Y91         LUT1 (Prop_lut1_I0_O)        0.124    82.189 f  MA_Stage/c5/delay3/buf_inst_04/O
                         net (fo=2, routed)           0.904    83.094    MA_Stage/c5/delay4/din
    SLICE_X27Y91         LUT1 (Prop_lut1_I0_O)        0.124    83.218 f  MA_Stage/c5/delay4/buf_inst_00/O
                         net (fo=1, routed)           0.505    83.723    MA_Stage/c5/delay4/t00
    SLICE_X26Y91         LUT1 (Prop_lut1_I0_O)        0.124    83.847 f  MA_Stage/c5/delay4/buf_inst_01/O
                         net (fo=1, routed)           0.279    84.126    MA_Stage/c5/delay4/t01
    SLICE_X26Y91         LUT1 (Prop_lut1_I0_O)        0.124    84.250 f  MA_Stage/c5/delay4/buf_inst_02/O
                         net (fo=1, routed)           0.158    84.408    MA_Stage/c5/delay4/t02
    SLICE_X26Y91         LUT1 (Prop_lut1_I0_O)        0.124    84.532 f  MA_Stage/c5/delay4/buf_inst_03/O
                         net (fo=1, routed)           0.433    84.966    MA_Stage/c5/delay4/t03
    SLICE_X26Y91         LUT1 (Prop_lut1_I0_O)        0.124    85.090 f  MA_Stage/c5/delay4/buf_inst_04/O
                         net (fo=2, routed)           0.897    85.986    COPY_Stage/cx2_6/cf0/Send_in
    SLICE_X32Y91         LUT4 (Prop_lut4_I1_O)        0.124    86.110 r  COPY_Stage/cx2_6/cf0/nand3_out_inferred_i_1/O
                         net (fo=2, routed)           0.683    86.793    COPY_Stage/cx2_6/cf0/nand3_out
    SLICE_X32Y91         LUT2 (Prop_lut2_I0_O)        0.124    86.917 f  COPY_Stage/cx2_6/cf0/nand4_out_inferred_i_1/O
                         net (fo=1, routed)           0.162    87.079    COPY_Stage/cx2_6/cf0/nand4_out
    SLICE_X32Y91         LUT3 (Prop_lut3_I0_O)        0.124    87.203 r  COPY_Stage/cx2_6/cf0/nand5_out_inferred_i_1/O
                         net (fo=3, routed)           0.679    87.882    COPY_Stage/cx2_6/cf0/delay3/din
    SLICE_X33Y91         LUT1 (Prop_lut1_I0_O)        0.124    88.006 r  COPY_Stage/cx2_6/cf0/delay3/buf_inst_00/O
                         net (fo=1, routed)           0.264    88.270    COPY_Stage/cx2_6/cf0/delay3/t00
    SLICE_X33Y91         LUT1 (Prop_lut1_I0_O)        0.124    88.394 r  COPY_Stage/cx2_6/cf0/delay3/buf_inst_01/O
                         net (fo=1, routed)           0.291    88.685    COPY_Stage/cx2_6/cf0/delay3/t01
    SLICE_X33Y92         LUT1 (Prop_lut1_I0_O)        0.124    88.809 r  COPY_Stage/cx2_6/cf0/delay3/buf_inst_02/O
                         net (fo=1, routed)           0.655    89.464    COPY_Stage/cx2_6/cf0/delay3/t02
    SLICE_X32Y92         LUT1 (Prop_lut1_I0_O)        0.124    89.588 r  COPY_Stage/cx2_6/cf0/delay3/buf_inst_03/O
                         net (fo=1, routed)           0.466    90.054    COPY_Stage/cx2_6/cf0/delay3/t03
    SLICE_X32Y92         LUT1 (Prop_lut1_I0_O)        0.124    90.178 r  COPY_Stage/cx2_6/cf0/delay3/buf_inst_04/O
                         net (fo=2, routed)           0.866    91.044    COPY_Stage/cx2_6/cf0/delay4/din
    SLICE_X36Y88         LUT1 (Prop_lut1_I0_O)        0.124    91.168 r  COPY_Stage/cx2_6/cf0/delay4/buf_inst_00/O
                         net (fo=1, routed)           0.853    92.021    COPY_Stage/cx2_6/cf0/delay4/t00
    SLICE_X36Y88         LUT1 (Prop_lut1_I0_O)        0.124    92.145 r  COPY_Stage/cx2_6/cf0/delay4/buf_inst_01/O
                         net (fo=1, routed)           0.658    92.803    COPY_Stage/cx2_6/cf0/delay4/t01
    SLICE_X37Y88         LUT1 (Prop_lut1_I0_O)        0.124    92.927 r  COPY_Stage/cx2_6/cf0/delay4/buf_inst_02/O
                         net (fo=3, routed)           0.869    93.796    COPY_Stage/cx2_6/CF1_Send_out
    SLICE_X37Y88         LUT2 (Prop_lut2_I0_O)        0.124    93.920 r  COPY_Stage/cx2_6/nand2_inferred_i_1/O
                         net (fo=1, routed)           0.648    94.568    COPY_Stage/cx2_6/nand2
    SLICE_X37Y88         LUT2 (Prop_lut2_I1_O)        0.124    94.692 r  COPY_Stage/cx2_6/and2_inferred_i_1/O
                         net (fo=2, routed)           1.804    96.496    B_Stage/cb7/CF1/Send_in
    SLICE_X43Y56         LUT4 (Prop_lut4_I1_O)        0.124    96.620 f  B_Stage/cb7/CF1/nand3_out_inferred_i_1/O
                         net (fo=2, routed)           0.264    96.885    B_Stage/cb7/CF1/nand3_out
    SLICE_X43Y56         LUT3 (Prop_lut3_I2_O)        0.124    97.009 r  B_Stage/cb7/CF1/nand2_out_inferred_i_1/O
                         net (fo=1, routed)           0.154    97.162    B_Stage/cb7/CF1/nand2_out
    SLICE_X43Y56         LUT2 (Prop_lut2_I1_O)        0.124    97.286 f  B_Stage/cb7/CF1/nand1_out_inferred_i_1/O
                         net (fo=3, routed)           0.680    97.967    B_Stage/cb7/CF1/delay2/din
    SLICE_X42Y58         LUT1 (Prop_lut1_I0_O)        0.124    98.091 f  B_Stage/cb7/CF1/delay2/buf_inst_00/O
                         net (fo=1, routed)           0.466    98.557    B_Stage/cb7/CF1/delay2/t00
    SLICE_X42Y58         LUT1 (Prop_lut1_I0_O)        0.124    98.681 f  B_Stage/cb7/CF1/delay2/buf_inst_01/O
                         net (fo=1, routed)           1.340   100.021    B_Stage/cb7/CF1/delay2/t01
    SLICE_X43Y73         LUT1 (Prop_lut1_I0_O)        0.124   100.145 f  B_Stage/cb7/CF1/delay2/buf_inst_02/O
                         net (fo=1, routed)           0.433   100.578    B_Stage/cb7/CF1/LB_out
    SLICE_X43Y73         LUT1 (Prop_lut1_I0_O)        0.124   100.702 r  B_Stage/cb7/CF1/Ack_out_INST_0/O
                         net (fo=4, routed)           1.607   102.309    COPY_Stage/cx2_6/cf1/Ack_in
    SLICE_X38Y89         LUT3 (Prop_lut3_I2_O)        0.124   102.433 f  COPY_Stage/cx2_6/cf1/nand5_out_inferred_i_1/O
                         net (fo=3, routed)           0.678   103.111    COPY_Stage/cx2_6/cf1/nand5_out
    SLICE_X39Y89         LUT1 (Prop_lut1_I0_O)        0.124   103.235 r  COPY_Stage/cx2_6/cf1/CP_INST_0/O
                         net (fo=2, routed)           0.602   103.838    COPY_Stage/cx2_6/CF2_cp
    SLICE_X38Y87         LUT2 (Prop_lut2_I0_O)        0.124   103.962 f  COPY_Stage/cx2_6/nor1_inferred_i_1/O
                         net (fo=1, routed)           0.161   104.123    COPY_Stage/cx2_6/nor1
    SLICE_X38Y87         LUT2 (Prop_lut2_I1_O)        0.124   104.247 r  COPY_Stage/cx2_6/nor2_inferred_i_1/O
                         net (fo=9, routed)           0.993   105.239    COPY_Stage/FEB
    SLICE_X38Y85         LUT3 (Prop_lut3_I2_O)        0.124   105.363 r  COPY_Stage/MUX1_dest_inferred_i_6/O
                         net (fo=3, routed)           0.842   106.206    B_Stage/subps/U0/inst_blk_mem_gen/gnbram.gnativebmg.native_blk_mem_gen/valid.cstr/ramloop[0].ram.r/prim_init.ram/addra[1]
    RAMB18_X2Y34         RAMB18E1                                     r  B_Stage/subps/U0/inst_blk_mem_gen/gnbram.gnativebmg.native_blk_mem_gen/valid.cstr/ramloop[0].ram.r/prim_init.ram/DEVICE_7SERIES.NO_BMM_INFO.SP.WIDE_PRIM18.ram/ADDRBWRADDR[6]
  -------------------------------------------------------------------    -------------------





Min Delay Paths
--------------------------------------------------------------------------------------
Slack:                    inf
  Source:                 COPY_Stage/DL_reg[7]/C
                            (rising edge-triggered cell FDCE)
  Destination:            B_Stage/DL_reg[7]/D
  Path Group:             (none)
  Path Type:              Min at Fast Process Corner
  Data Path Delay:        0.240ns  (logic 0.141ns (58.691%)  route 0.099ns (41.309%))
  Logic Levels:           1  (FDCE=1)

    Location             Delay type                Incr(ns)  Path(ns)    Netlist Resource(s)
  -------------------------------------------------------------------    -------------------
    SLICE_X37Y77         FDCE                         0.000     0.000 r  COPY_Stage/DL_reg[7]/C
    SLICE_X37Y77         FDCE (Prop_fdce_C_Q)         0.141     0.141 r  COPY_Stage/DL_reg[7]/Q
                         net (fo=1, routed)           0.099     0.240    B_Stage/PACKET_IN[7]
    SLICE_X39Y76         FDCE                                         r  B_Stage/DL_reg[7]/D
  -------------------------------------------------------------------    -------------------

Slack:                    inf
  Source:                 COPY_Stage/DL_reg[39]/C
                            (rising edge-triggered cell FDCE)
  Destination:            B_Stage/DL_reg[37]/D
  Path Group:             (none)
  Path Type:              Min at Fast Process Corner
  Data Path Delay:        0.243ns  (logic 0.141ns (58.024%)  route 0.102ns (41.976%))
  Logic Levels:           1  (FDCE=1)

    Location             Delay type                Incr(ns)  Path(ns)    Netlist Resource(s)
  -------------------------------------------------------------------    -------------------
    SLICE_X41Y78         FDCE                         0.000     0.000 r  COPY_Stage/DL_reg[39]/C
    SLICE_X41Y78         FDCE (Prop_fdce_C_Q)         0.141     0.141 r  COPY_Stage/DL_reg[39]/Q
                         net (fo=1, routed)           0.102     0.243    B_Stage/PACKET_IN[37]
    SLICE_X42Y78         FDCE                                         r  B_Stage/DL_reg[37]/D
  -------------------------------------------------------------------    -------------------

Slack:                    inf
  Source:                 M_Stage/DL_INTERNAL_reg[14]/C
                            (rising edge-triggered cell FDCE)
  Destination:            MMCAM/DL_PACKET_reg[14]/D
  Path Group:             (none)
  Path Type:              Min at Fast Process Corner
  Data Path Delay:        0.244ns  (logic 0.186ns (76.078%)  route 0.058ns (23.922%))
  Logic Levels:           2  (FDCE=1 LUT3=1)

    Location             Delay type                Incr(ns)  Path(ns)    Netlist Resource(s)
  -------------------------------------------------------------------    -------------------
    SLICE_X41Y71         FDCE                         0.000     0.000 r  M_Stage/DL_INTERNAL_reg[14]/C
    SLICE_X41Y71         FDCE (Prop_fdce_C_Q)         0.141     0.141 r  M_Stage/DL_INTERNAL_reg[14]/Q
                         net (fo=1, routed)           0.058     0.199    M_Stage/DL_INTERNAL[14]
    SLICE_X40Y71         LUT3 (Prop_lut3_I0_O)        0.045     0.244 r  M_Stage/PACKET_OUT[14]_INST_0/O
                         net (fo=1, routed)           0.000     0.244    MMCAM/PACKET_IN[14]
    SLICE_X40Y71         FDCE                                         r  MMCAM/DL_PACKET_reg[14]/D
  -------------------------------------------------------------------    -------------------

Slack:                    inf
  Source:                 MMCAM/DL_PACKET_reg[34]/C
                            (rising edge-triggered cell FDCE)
  Destination:            MMRAM/DL_reg[34]/D
  Path Group:             (none)
  Path Type:              Min at Fast Process Corner
  Data Path Delay:        0.247ns  (logic 0.128ns (51.722%)  route 0.119ns (48.278%))
  Logic Levels:           1  (FDCE=1)

    Location             Delay type                Incr(ns)  Path(ns)    Netlist Resource(s)
  -------------------------------------------------------------------    -------------------
    SLICE_X40Y75         FDCE                         0.000     0.000 r  MMCAM/DL_PACKET_reg[34]/C
    SLICE_X40Y75         FDCE (Prop_fdce_C_Q)         0.128     0.128 r  MMCAM/DL_PACKET_reg[34]/Q
                         net (fo=1, routed)           0.119     0.247    MMRAM/PACKET_IN[34]
    SLICE_X40Y76         FDCE                                         r  MMRAM/DL_reg[34]/D
  -------------------------------------------------------------------    -------------------

Slack:                    inf
  Source:                 COPY_Stage/DL_reg[29]/C
                            (rising edge-triggered cell FDCE)
  Destination:            B_Stage/DL_reg[27]/D
  Path Group:             (none)
  Path Type:              Min at Fast Process Corner
  Data Path Delay:        0.255ns  (logic 0.141ns (55.212%)  route 0.114ns (44.788%))
  Logic Levels:           1  (FDCE=1)

    Location             Delay type                Incr(ns)  Path(ns)    Netlist Resource(s)
  -------------------------------------------------------------------    -------------------
    SLICE_X43Y78         FDCE                         0.000     0.000 r  COPY_Stage/DL_reg[29]/C
    SLICE_X43Y78         FDCE (Prop_fdce_C_Q)         0.141     0.141 r  COPY_Stage/DL_reg[29]/Q
                         net (fo=1, routed)           0.114     0.255    B_Stage/PACKET_IN[27]
    SLICE_X42Y78         FDCE                                         r  B_Stage/DL_reg[27]/D
  -------------------------------------------------------------------    -------------------

Slack:                    inf
  Source:                 MMCAM/DL_PACKET_reg[31]/C
                            (rising edge-triggered cell FDCE)
  Destination:            MMRAM/DL_reg[31]/D
  Path Group:             (none)
  Path Type:              Min at Fast Process Corner
  Data Path Delay:        0.256ns  (logic 0.141ns (55.109%)  route 0.115ns (44.891%))
  Logic Levels:           1  (FDCE=1)

    Location             Delay type                Incr(ns)  Path(ns)    Netlist Resource(s)
  -------------------------------------------------------------------    -------------------
    SLICE_X40Y75         FDCE                         0.000     0.000 r  MMCAM/DL_PACKET_reg[31]/C
    SLICE_X40Y75         FDCE (Prop_fdce_C_Q)         0.141     0.141 r  MMCAM/DL_PACKET_reg[31]/Q
                         net (fo=1, routed)           0.115     0.256    MMRAM/PACKET_IN[31]
    SLICE_X40Y76         FDCE                                         r  MMRAM/DL_reg[31]/D
  -------------------------------------------------------------------    -------------------

Slack:                    inf
  Source:                 COPY_Stage/DL_reg[13]/C
                            (rising edge-triggered cell FDCE)
  Destination:            B_Stage/DL_reg[13]/D
  Path Group:             (none)
  Path Type:              Min at Fast Process Corner
  Data Path Delay:        0.257ns  (logic 0.141ns (54.828%)  route 0.116ns (45.172%))
  Logic Levels:           1  (FDCE=1)

    Location             Delay type                Incr(ns)  Path(ns)    Netlist Resource(s)
  -------------------------------------------------------------------    -------------------
    SLICE_X39Y80         FDCE                         0.000     0.000 r  COPY_Stage/DL_reg[13]/C
    SLICE_X39Y80         FDCE (Prop_fdce_C_Q)         0.141     0.141 r  COPY_Stage/DL_reg[13]/Q
                         net (fo=1, routed)           0.116     0.257    B_Stage/PACKET_IN[13]
    SLICE_X38Y80         FDCE                                         r  B_Stage/DL_reg[13]/D
  -------------------------------------------------------------------    -------------------

Slack:                    inf
  Source:                 PS_Stage/DL_reg[26]/C
                            (rising edge-triggered cell FDCE)
  Destination:            FP_Stage/DL_reg[26]/D
  Path Group:             (none)
  Path Type:              Min at Fast Process Corner
  Data Path Delay:        0.257ns  (logic 0.141ns (54.828%)  route 0.116ns (45.172%))
  Logic Levels:           1  (FDCE=1)

    Location             Delay type                Incr(ns)  Path(ns)    Netlist Resource(s)
  -------------------------------------------------------------------    -------------------
    SLICE_X25Y74         FDCE                         0.000     0.000 r  PS_Stage/DL_reg[26]/C
    SLICE_X25Y74         FDCE (Prop_fdce_C_Q)         0.141     0.141 r  PS_Stage/DL_reg[26]/Q
                         net (fo=1, routed)           0.116     0.257    FP_Stage/PACKET_IN[26]
    SLICE_X24Y74         FDCE                                         r  FP_Stage/DL_reg[26]/D
  -------------------------------------------------------------------    -------------------

Slack:                    inf
  Source:                 MMCAM/DL_PACKET_reg[33]/C
                            (rising edge-triggered cell FDCE)
  Destination:            MMRAM/DL_reg[33]/D
  Path Group:             (none)
  Path Type:              Min at Fast Process Corner
  Data Path Delay:        0.259ns  (logic 0.141ns (54.488%)  route 0.118ns (45.512%))
  Logic Levels:           1  (FDCE=1)

    Location             Delay type                Incr(ns)  Path(ns)    Netlist Resource(s)
  -------------------------------------------------------------------    -------------------
    SLICE_X40Y75         FDCE                         0.000     0.000 r  MMCAM/DL_PACKET_reg[33]/C
    SLICE_X40Y75         FDCE (Prop_fdce_C_Q)         0.141     0.141 r  MMCAM/DL_PACKET_reg[33]/Q
                         net (fo=1, routed)           0.118     0.259    MMRAM/PACKET_IN[33]
    SLICE_X40Y76         FDCE                                         r  MMRAM/DL_reg[33]/D
  -------------------------------------------------------------------    -------------------

Slack:                    inf
  Source:                 MMCAM/DL_PACKET_reg[25]/C
                            (rising edge-triggered cell FDCE)
  Destination:            MMRAM/DL_reg[25]/D
  Path Group:             (none)
  Path Type:              Min at Fast Process Corner
  Data Path Delay:        0.260ns  (logic 0.128ns (49.283%)  route 0.132ns (50.717%))
  Logic Levels:           1  (FDCE=1)

    Location             Delay type                Incr(ns)  Path(ns)    Netlist Resource(s)
  -------------------------------------------------------------------    -------------------
    SLICE_X25Y75         FDCE                         0.000     0.000 r  MMCAM/DL_PACKET_reg[25]/C
    SLICE_X25Y75         FDCE (Prop_fdce_C_Q)         0.128     0.128 r  MMCAM/DL_PACKET_reg[25]/Q
                         net (fo=3, routed)           0.132     0.260    MMRAM/dest[5]
    SLICE_X24Y75         FDCE                                         r  MMRAM/DL_reg[25]/D
  -------------------------------------------------------------------    -------------------





