Copyright 1986-2022 Xilinx, Inc. All Rights Reserved. Copyright 2022-2025 Advanced Micro Devices, Inc. All Rights Reserved.
---------------------------------------------------------------------------------------------------------------------------------------------------------------------------------------------------------------------
| Tool Version : Vivado v.2025.2 (win64) Build 6299465 Fri Nov 14 19:35:11 GMT 2025
| Date         : Thu Aug 27 12:51:37 2026
| Host         : DESKTOP-F8PDQQS running 64-bit major release  (build 9200)
| Command      : report_timing_summary -max_paths 10 -routable_nets -report_unconstrained -file DDP_timing_summary_routed.rpt -pb DDP_timing_summary_routed.pb -rpx DDP_timing_summary_routed.rpx -warn_on_violation
| Design       : DDP
| Device       : 7z010-clg400
| Speed File   : -1  PRODUCTION 1.12 2019-11-22
| Design State : Routed
---------------------------------------------------------------------------------------------------------------------------------------------------------------------------------------------------------------------

Timing Summary Report

------------------------------------------------------------------------------------------------
| Timer Settings
| --------------
------------------------------------------------------------------------------------------------

  Enable Multi Corner Analysis               :  Yes
  Enable Pessimism Removal                   :  Yes
  Pessimism Removal Resolution               :  Nearest Common Node
  Enable Input Delay Default Clock           :  No
  Enable Preset / Clear Arcs                 :  No
  Disable Flight Delays                      :  No
  Ignore I/O Paths                           :  No
  Timing Early Launch at Borrowing Latches   :  No
  Borrow Time for Max Delay Exceptions       :  Yes
  Merge Timing Exceptions                    :  Yes
  Inter-SLR Compensation                     :  Conservative

  Corner  Analyze    Analyze    
  Name    Max Paths  Min Paths  
  ------  ---------  ---------  
  Slow    Yes        Yes        
  Fast    Yes        Yes        


------------------------------------------------------------------------------------------------
| Report Methodology
| ------------------
------------------------------------------------------------------------------------------------

Rule       Severity          Description                                      Violations  
---------  ----------------  -----------------------------------------------  ----------  
TIMING-17  Critical Warning  Non-clocked sequential cell                      1000        
CKLD-1     Warning           Clock Net has non-BUF driver and too many loads  1           
TIMING-20  Warning           Non-clocked latch                                2           
TIMING-23  Warning           Combinational loop found                         3           
LATCH-1    Advisory          Existing latches in the design                   1           

Note: This report is based on the most recent report_methodology run and may not be up-to-date. Run report_methodology on the current design for the latest report.



check_timing report

Table of Contents
-----------------
1. checking no_clock (5234)
2. checking constant_clock (0)
3. checking pulse_width_clock (0)
4. checking unconstrained_internal_endpoints (3545)
5. checking no_input_delay (41)
6. checking no_output_delay (39)
7. checking multiple_clock (0)
8. checking generated_clocks (0)
9. checking loops (70)
10. checking partial_input_delay (0)
11. checking partial_output_delay (0)
12. checking latch_loops (0)

1. checking no_clock (5234)
---------------------------
 There are 1731 register/latch pins with no clock driven by root clock pin: Ack_in (HIGH)

 There are 1731 register/latch pins with no clock driven by root clock pin: MR (HIGH)

 There are 38 register/latch pins with no clock driven by root clock pin: Send_in (HIGH)

 There are 76 register/latch pins with no clock driven by root clock pin: cc/b/DL_reg/Q (HIGH)

 There are 1650 register/latch pins with no clock driven by root clock pin: cc/copy/DL1S_reg_LDC/Q (HIGH)

 There are 4 register/latch pins with no clock driven by root clock pin: cc/copy/DL_cpy_reg/Q (HIGH)

 There are 4 register/latch pins with no clock driven by root clock pin: cc/copy/DL_exb_reg/Q (HIGH)


2. checking constant_clock (0)
------------------------------
 There are 0 register/latch pins with constant_clock.


3. checking pulse_width_clock (0)
---------------------------------
 There are 0 register/latch pins which need pulse_width check


4. checking unconstrained_internal_endpoints (3545)
---------------------------------------------------
 There are 3545 pins that are not constrained for maximum delay. (HIGH)

 There are 0 pins that are not constrained for maximum delay due to constant clock.


5. checking no_input_delay (41)
-------------------------------
 There are 41 input ports with no input delay specified. (HIGH)

 There are 0 input ports with no input delay but user has a false path constraint.


6. checking no_output_delay (39)
--------------------------------
 There are 39 ports with no output delay specified. (HIGH)

 There are 0 ports with no output delay but user has a false path constraint

 There are 0 ports with no output delay but with a timing clock defined on it or propagating through it


7. checking multiple_clock (0)
------------------------------
 There are 0 register/latch pins with multiple clocks.


8. checking generated_clocks (0)
--------------------------------
 There are 0 generated clocks that are not connected to a clock source.


9. checking loops (70)
----------------------
 There are 70 combinational loops in the design. (HIGH)


10. checking partial_input_delay (0)
------------------------------------
 There are 0 input ports with partial input delay specified.


11. checking partial_output_delay (0)
-------------------------------------
 There are 0 ports with partial output delay specified.


12. checking latch_loops (0)
----------------------------
 There are 0 combinational latch loops in the design through latch input



------------------------------------------------------------------------------------------------
| Design Timing Summary
| ---------------------
------------------------------------------------------------------------------------------------

    WNS(ns)      TNS(ns)  TNS Failing Endpoints  TNS Total Endpoints      WHS(ns)      THS(ns)  THS Failing Endpoints  THS Total Endpoints     WPWS(ns)     TPWS(ns)  TPWS Failing Endpoints  TPWS Total Endpoints  
    -------      -------  ---------------------  -------------------      -------      -------  ---------------------  -------------------     --------     --------  ----------------------  --------------------  
        inf        0.000                      0                 3585          inf        0.000                      0                 3585           NA           NA                      NA                    NA  


There are no user specified timing constraints.


------------------------------------------------------------------------------------------------
| Clock Summary
| -------------
------------------------------------------------------------------------------------------------


------------------------------------------------------------------------------------------------
| Intra Clock Table
| -----------------
------------------------------------------------------------------------------------------------

Clock             WNS(ns)      TNS(ns)  TNS Failing Endpoints  TNS Total Endpoints      WHS(ns)      THS(ns)  THS Failing Endpoints  THS Total Endpoints     WPWS(ns)     TPWS(ns)  TPWS Failing Endpoints  TPWS Total Endpoints  
-----             -------      -------  ---------------------  -------------------      -------      -------  ---------------------  -------------------     --------     --------  ----------------------  --------------------  


------------------------------------------------------------------------------------------------
| Inter Clock Table
| -----------------
------------------------------------------------------------------------------------------------

From Clock    To Clock          WNS(ns)      TNS(ns)  TNS Failing Endpoints  TNS Total Endpoints      WHS(ns)      THS(ns)  THS Failing Endpoints  THS Total Endpoints  
----------    --------          -------      -------  ---------------------  -------------------      -------      -------  ---------------------  -------------------  


------------------------------------------------------------------------------------------------
| Other Path Groups Table
| -----------------------
------------------------------------------------------------------------------------------------

Path Group    From Clock    To Clock          WNS(ns)      TNS(ns)  TNS Failing Endpoints  TNS Total Endpoints      WHS(ns)      THS(ns)  THS Failing Endpoints  THS Total Endpoints  
----------    ----------    --------          -------      -------  ---------------------  -------------------      -------      -------  ---------------------  -------------------  


------------------------------------------------------------------------------------------------
| User Ignored Path Table
| -----------------------
------------------------------------------------------------------------------------------------

Path Group    From Clock    To Clock    
----------    ----------    --------    


------------------------------------------------------------------------------------------------
| Unconstrained Path Table
| ------------------------
------------------------------------------------------------------------------------------------

Path Group    From Clock    To Clock    
----------    ----------    --------    
(none)                                    


------------------------------------------------------------------------------------------------
| Timing Details
| --------------
------------------------------------------------------------------------------------------------


--------------------------------------------------------------------------------------
Path Group:  (none)
From Clock:  
  To Clock:  

Max Delay          3585 Endpoints
Min Delay          3585 Endpoints
--------------------------------------------------------------------------------------


Max Delay Paths
--------------------------------------------------------------------------------------
Slack:                    inf
  Source:                 Ack_in
                            (input port)
  Destination:            mmcam/entry_fd_loop[29].ef/VALID_reg/D
  Path Group:             (none)
  Path Type:              Max at Slow Process Corner
  Data Path Delay:        109.567ns  (logic 21.580ns (19.696%)  route 87.987ns (80.304%))
  Logic Levels:           136  (CARRY4=2 IBUF=1 LUT1=81 LUT2=16 LUT3=17 LUT4=11 LUT5=1 LUT6=7)

    Location             Delay type                Incr(ns)  Path(ns)    Netlist Resource(s)
  -------------------------------------------------------------------    -------------------
    P14                                               0.000     0.000 f  Ack_in (IN)
                         net (fo=0)                   0.000     0.000    Ack_in
    P14                  IBUF (Prop_ibuf_I_O)         1.002     1.002 f  Ack_in_IBUF_inst/O
                         net (fo=2, routed)           1.435     2.437    cc/c/Ack_in
    SLICE_X42Y53         LUT4 (Prop_lut4_I3_O)        0.124     2.561 r  cc/c/nand3_out_inferred_i_1/O
                         net (fo=2, routed)           0.459     3.020    cc/c/nand3_out
    SLICE_X42Y54         LUT3 (Prop_lut3_I2_O)        0.124     3.144 f  cc/c/nand2_out_inferred_i_1/O
                         net (fo=1, routed)           0.286     3.431    cc/c/nand2_out
    SLICE_X42Y54         LUT2 (Prop_lut2_I1_O)        0.124     3.555 r  cc/c/nand1_out_inferred_i_1/O
                         net (fo=3, routed)           0.960     4.514    cc/c/delay2/din
    SLICE_X41Y55         LUT1 (Prop_lut1_I0_O)        0.124     4.638 r  cc/c/delay2/buf_inst_begin/O
                         net (fo=1, routed)           0.714     5.353    cc/c/delay2/t[0]
    SLICE_X40Y55         LUT1 (Prop_lut1_I0_O)        0.124     5.477 r  cc/c/delay2/delay_loop[0].buf_inst/O
                         net (fo=1, routed)           0.279     5.756    cc/c/delay2/t[1]
    SLICE_X40Y55         LUT1 (Prop_lut1_I0_O)        0.124     5.880 r  cc/c/delay2/delay_loop[1].buf_inst/O
                         net (fo=1, routed)           0.853     6.732    cc/c/delay2/t[2]
    SLICE_X40Y55         LUT1 (Prop_lut1_I0_O)        0.124     6.856 r  cc/c/delay2/delay_loop[2].buf_inst/O
                         net (fo=1, routed)           0.433     7.290    cc/c/delay2/t[3]
    SLICE_X40Y55         LUT1 (Prop_lut1_I0_O)        0.124     7.414 r  cc/c/delay2/delay_loop[3].buf_inst/O
                         net (fo=1, routed)           0.674     8.088    cc/c/delay2/t[4]
    SLICE_X40Y55         LUT1 (Prop_lut1_I0_O)        0.152     8.240 r  cc/c/delay2/delay_loop[4].buf_inst/O
                         net (fo=1, routed)           0.851     9.091    cc/c/delay2/t[5]
    SLICE_X40Y55         LUT1 (Prop_lut1_I0_O)        0.354     9.445 r  cc/c/delay2/delay_loop[5].buf_inst/O
                         net (fo=1, routed)           0.288     9.733    cc/c/delay2/t[6]
    SLICE_X40Y55         LUT1 (Prop_lut1_I0_O)        0.328    10.061 r  cc/c/delay2/delay_loop[6].buf_inst/O
                         net (fo=1, routed)           0.806    10.867    cc/c/delay2/t[7]
    SLICE_X38Y55         LUT1 (Prop_lut1_I0_O)        0.327    11.194 r  cc/c/delay2/delay_loop[7].buf_inst/O
                         net (fo=1, routed)           0.452    11.646    cc/c/delay2/t[8]
    SLICE_X38Y55         LUT1 (Prop_lut1_I0_O)        0.124    11.770 r  cc/c/delay2/buf_inst_end/O
                         net (fo=1, routed)           0.403    12.173    cc/c/LB_out
    SLICE_X39Y55         LUT1 (Prop_lut1_I0_O)        0.124    12.297 f  cc/c/Ack_out_INST_0/O
                         net (fo=1, routed)           0.263    12.560    cc/b/Ack_in_a
    SLICE_X39Y55         LUT2 (Prop_lut2_I0_O)        0.124    12.684 f  cc/b/and_out_inferred_i_1/O
                         net (fo=2, routed)           0.817    13.501    cc/b/c0/Ack_in
    SLICE_X35Y64         LUT4 (Prop_lut4_I3_O)        0.124    13.625 r  cc/b/c0/nand3_out_inferred_i_1/O
                         net (fo=2, routed)           0.555    14.180    cc/b/c0/nand3_out
    SLICE_X35Y67         LUT3 (Prop_lut3_I2_O)        0.124    14.304 f  cc/b/c0/nand2_out_inferred_i_1/O
                         net (fo=1, routed)           0.264    14.568    cc/b/c0/nand2_out
    SLICE_X35Y67         LUT2 (Prop_lut2_I1_O)        0.124    14.692 r  cc/b/c0/nand1_out_inferred_i_1/O
                         net (fo=3, routed)           0.796    15.488    cc/b/c0/delay2/din
    SLICE_X28Y67         LUT1 (Prop_lut1_I0_O)        0.124    15.612 r  cc/b/c0/delay2/buf_inst_begin/O
                         net (fo=1, routed)           0.286    15.898    cc/b/c0/delay2/t[0]
    SLICE_X28Y67         LUT1 (Prop_lut1_I0_O)        0.124    16.022 r  cc/b/c0/delay2/delay_loop[0].buf_inst/O
                         net (fo=1, routed)           0.161    16.183    cc/b/c0/delay2/t[1]
    SLICE_X28Y67         LUT1 (Prop_lut1_I0_O)        0.124    16.307 r  cc/b/c0/delay2/delay_loop[1].buf_inst/O
                         net (fo=1, routed)           1.322    17.629    cc/b/c0/delay2/t[2]
    SLICE_X25Y78         LUT1 (Prop_lut1_I0_O)        0.124    17.753 r  cc/b/c0/delay2/delay_loop[2].buf_inst/O
                         net (fo=1, routed)           0.623    18.376    cc/b/c0/delay2/t[3]
    SLICE_X24Y86         LUT1 (Prop_lut1_I0_O)        0.124    18.500 r  cc/b/c0/delay2/buf_inst_end/O
                         net (fo=1, routed)           0.452    18.952    cc/b/c0/LB_out
    SLICE_X24Y86         LUT1 (Prop_lut1_I0_O)        0.124    19.076 f  cc/b/c0/Ack_out_INST_0/O
                         net (fo=4, routed)           0.598    19.674    cc/copy/Ack_in
    SLICE_X22Y89         LUT3 (Prop_lut3_I0_O)        0.124    19.798 f  cc/copy/and2_out_inferred_i_1/O
                         net (fo=2, routed)           0.967    20.765    cc/copy/CF1/Ack_in
    SLICE_X20Y91         LUT4 (Prop_lut4_I3_O)        0.124    20.889 r  cc/copy/CF1/nand3_out_inferred_i_1/O
                         net (fo=2, routed)           0.298    21.187    cc/copy/CF1/nand3_out
    SLICE_X20Y91         LUT3 (Prop_lut3_I2_O)        0.124    21.311 f  cc/copy/CF1/nand2_out_inferred_i_1/O
                         net (fo=1, routed)           0.656    21.967    cc/copy/CF1/nand2_out
    SLICE_X21Y91         LUT2 (Prop_lut2_I1_O)        0.124    22.091 r  cc/copy/CF1/nand1_out_inferred_i_1/O
                         net (fo=3, routed)           0.832    22.923    cc/copy/CF1/delay2/din
    SLICE_X21Y92         LUT1 (Prop_lut1_I0_O)        0.124    23.047 r  cc/copy/CF1/delay2/buf_inst_begin/O
                         net (fo=1, routed)           0.867    23.914    cc/copy/CF1/delay2/t[0]
    SLICE_X20Y92         LUT1 (Prop_lut1_I0_O)        0.124    24.038 r  cc/copy/CF1/delay2/delay_loop[0].buf_inst/O
                         net (fo=1, routed)           0.161    24.199    cc/copy/CF1/delay2/t[1]
    SLICE_X20Y92         LUT1 (Prop_lut1_I0_O)        0.124    24.323 r  cc/copy/CF1/delay2/delay_loop[1].buf_inst/O
                         net (fo=1, routed)           0.466    24.789    cc/copy/CF1/delay2/t[2]
    SLICE_X20Y92         LUT1 (Prop_lut1_I0_O)        0.124    24.913 r  cc/copy/CF1/delay2/delay_loop[2].buf_inst/O
                         net (fo=1, routed)           0.680    25.593    cc/copy/CF1/delay2/t[3]
    SLICE_X20Y92         LUT1 (Prop_lut1_I0_O)        0.124    25.717 r  cc/copy/CF1/delay2/buf_inst_end/O
                         net (fo=1, routed)           0.493    26.210    cc/copy/CF1/LB_out
    SLICE_X21Y92         LUT1 (Prop_lut1_I0_O)        0.124    26.334 f  cc/copy/CF1/Ack_out_INST_0/O
                         net (fo=2, routed)           0.580    26.914    cc/ma/Ack_in
    SLICE_X19Y89         LUT4 (Prop_lut4_I3_O)        0.124    27.038 r  cc/ma/nand3_out_inferred_i_1/O
                         net (fo=2, routed)           0.957    27.995    cc/ma/nand3_out
    SLICE_X20Y89         LUT3 (Prop_lut3_I2_O)        0.124    28.119 f  cc/ma/nand2_out_inferred_i_1/O
                         net (fo=1, routed)           0.286    28.405    cc/ma/nand2_out
    SLICE_X20Y89         LUT2 (Prop_lut2_I1_O)        0.124    28.529 r  cc/ma/nand1_out_inferred_i_1/O
                         net (fo=3, routed)           0.838    29.368    cc/ma/delay2/din
    SLICE_X16Y91         LUT1 (Prop_lut1_I0_O)        0.124    29.492 r  cc/ma/delay2/buf_inst_begin/O
                         net (fo=1, routed)           0.286    29.778    cc/ma/delay2/t[0]
    SLICE_X16Y91         LUT1 (Prop_lut1_I0_O)        0.124    29.902 r  cc/ma/delay2/delay_loop[0].buf_inst/O
                         net (fo=1, routed)           0.161    30.063    cc/ma/delay2/t[1]
    SLICE_X16Y91         LUT1 (Prop_lut1_I0_O)        0.124    30.187 r  cc/ma/delay2/delay_loop[1].buf_inst/O
                         net (fo=1, routed)           0.466    30.653    cc/ma/delay2/t[2]
    SLICE_X16Y91         LUT1 (Prop_lut1_I0_O)        0.124    30.777 r  cc/ma/delay2/delay_loop[2].buf_inst/O
                         net (fo=1, routed)           0.821    31.598    cc/ma/delay2/t[3]
    SLICE_X16Y90         LUT1 (Prop_lut1_I0_O)        0.124    31.722 r  cc/ma/delay2/delay_loop[3].buf_inst/O
                         net (fo=1, routed)           0.286    32.008    cc/ma/delay2/t[4]
    SLICE_X16Y90         LUT1 (Prop_lut1_I0_O)        0.124    32.132 r  cc/ma/delay2/delay_loop[4].buf_inst/O
                         net (fo=1, routed)           0.161    32.293    cc/ma/delay2/t[5]
    SLICE_X16Y90         LUT1 (Prop_lut1_I0_O)        0.124    32.417 r  cc/ma/delay2/delay_loop[5].buf_inst/O
                         net (fo=1, routed)           0.466    32.883    cc/ma/delay2/t[6]
    SLICE_X16Y90         LUT1 (Prop_lut1_I0_O)        0.124    33.007 r  cc/ma/delay2/delay_loop[6].buf_inst/O
                         net (fo=1, routed)           0.707    33.714    cc/ma/delay2/t[7]
    SLICE_X18Y88         LUT1 (Prop_lut1_I0_O)        0.124    33.838 r  cc/ma/delay2/delay_loop[7].buf_inst/O
                         net (fo=1, routed)           0.280    34.118    cc/ma/delay2/t[8]
    SLICE_X18Y88         LUT1 (Prop_lut1_I0_O)        0.124    34.242 r  cc/ma/delay2/buf_inst_end/O
                         net (fo=1, routed)           0.159    34.401    cc/ma/LB_out
    SLICE_X18Y88         LUT1 (Prop_lut1_I0_O)        0.124    34.525 f  cc/ma/Ack_out_INST_0/O
                         net (fo=1, routed)           0.656    35.181    cc/fp/Ack_in
    SLICE_X19Y88         LUT2 (Prop_lut2_I0_O)        0.124    35.305 f  cc/fp/and_out_inferred_i_1/O
                         net (fo=2, routed)           0.803    36.108    cc/fp/c0/Ack_in
    SLICE_X16Y88         LUT4 (Prop_lut4_I3_O)        0.124    36.232 r  cc/fp/c0/nand3_out_inferred_i_1/O
                         net (fo=2, routed)           0.843    37.074    cc/fp/c0/nand3_out
    SLICE_X16Y88         LUT3 (Prop_lut3_I2_O)        0.124    37.198 f  cc/fp/c0/nand2_out_inferred_i_1/O
                         net (fo=1, routed)           0.171    37.369    cc/fp/c0/nand2_out
    SLICE_X16Y88         LUT2 (Prop_lut2_I1_O)        0.124    37.493 r  cc/fp/c0/nand1_out_inferred_i_1/O
                         net (fo=3, routed)           0.688    38.181    cc/fp/c0/delay2/din
    SLICE_X16Y87         LUT1 (Prop_lut1_I0_O)        0.124    38.305 r  cc/fp/c0/delay2/buf_inst_begin/O
                         net (fo=1, routed)           0.670    38.975    cc/fp/c0/delay2/t[0]
    SLICE_X16Y87         LUT1 (Prop_lut1_I0_O)        0.152    39.127 r  cc/fp/c0/delay2/delay_loop[0].buf_inst/O
                         net (fo=1, routed)           0.286    39.413    cc/fp/c0/delay2/t[1]
    SLICE_X16Y87         LUT1 (Prop_lut1_I0_O)        0.341    39.754 r  cc/fp/c0/delay2/delay_loop[1].buf_inst/O
                         net (fo=1, routed)           0.692    40.446    cc/fp/c0/delay2/t[2]
    SLICE_X16Y87         LUT1 (Prop_lut1_I0_O)        0.363    40.809 r  cc/fp/c0/delay2/delay_loop[2].buf_inst/O
                         net (fo=1, routed)           0.455    41.265    cc/fp/c0/delay2/t[3]
    SLICE_X16Y87         LUT1 (Prop_lut1_I0_O)        0.381    41.646 r  cc/fp/c0/delay2/buf_inst_end/O
                         net (fo=1, routed)           0.853    42.499    cc/fp/c0/LB_out
    SLICE_X16Y87         LUT1 (Prop_lut1_I0_O)        0.328    42.827 f  cc/fp/c0/Ack_out_INST_0/O
                         net (fo=2, routed)           0.736    43.563    cc/ps/Ack_in
    SLICE_X19Y84         LUT4 (Prop_lut4_I3_O)        0.124    43.687 r  cc/ps/nand3_out_inferred_i_1/O
                         net (fo=2, routed)           0.517    44.204    cc/ps/nand3_out
    SLICE_X18Y84         LUT3 (Prop_lut3_I2_O)        0.124    44.328 f  cc/ps/nand2_out_inferred_i_1/O
                         net (fo=1, routed)           0.279    44.607    cc/ps/nand2_out
    SLICE_X18Y84         LUT2 (Prop_lut2_I1_O)        0.124    44.731 r  cc/ps/nand1_out_inferred_i_1/O
                         net (fo=3, routed)           0.183    44.914    cc/ps/delay2/din
    SLICE_X18Y84         LUT1 (Prop_lut1_I0_O)        0.124    45.038 r  cc/ps/delay2/buf_inst_begin/O
                         net (fo=1, routed)           0.716    45.754    cc/ps/delay2/t[0]
    SLICE_X19Y82         LUT1 (Prop_lut1_I0_O)        0.124    45.878 r  cc/ps/delay2/delay_loop[0].buf_inst/O
                         net (fo=1, routed)           0.264    46.142    cc/ps/delay2/t[1]
    SLICE_X19Y82         LUT1 (Prop_lut1_I0_O)        0.124    46.266 r  cc/ps/delay2/delay_loop[1].buf_inst/O
                         net (fo=1, routed)           0.656    46.922    cc/ps/delay2/t[2]
    SLICE_X18Y82         LUT1 (Prop_lut1_I0_O)        0.124    47.046 r  cc/ps/delay2/delay_loop[2].buf_inst/O
                         net (fo=1, routed)           0.279    47.325    cc/ps/delay2/t[3]
    SLICE_X18Y82         LUT1 (Prop_lut1_I0_O)        0.124    47.449 r  cc/ps/delay2/delay_loop[3].buf_inst/O
                         net (fo=1, routed)           0.158    47.607    cc/ps/delay2/t[4]
    SLICE_X18Y82         LUT1 (Prop_lut1_I0_O)        0.124    47.731 r  cc/ps/delay2/delay_loop[4].buf_inst/O
                         net (fo=1, routed)           0.433    48.165    cc/ps/delay2/t[5]
    SLICE_X18Y82         LUT1 (Prop_lut1_I0_O)        0.124    48.289 r  cc/ps/delay2/delay_loop[5].buf_inst/O
                         net (fo=1, routed)           1.013    49.301    cc/ps/delay2/t[6]
    SLICE_X19Y77         LUT1 (Prop_lut1_I0_O)        0.124    49.425 r  cc/ps/delay2/delay_loop[6].buf_inst/O
                         net (fo=1, routed)           0.149    49.574    cc/ps/delay2/t[7]
    SLICE_X19Y77         LUT1 (Prop_lut1_I0_O)        0.124    49.698 r  cc/ps/delay2/delay_loop[7].buf_inst/O
                         net (fo=1, routed)           0.154    49.853    cc/ps/delay2/t[8]
    SLICE_X19Y77         LUT1 (Prop_lut1_I0_O)        0.124    49.977 r  cc/ps/delay2/buf_inst_end/O
                         net (fo=1, routed)           1.264    51.241    cc/ps/LB_out
    SLICE_X20Y66         LUT1 (Prop_lut1_I0_O)        0.124    51.365 f  cc/ps/Ack_out_INST_0/O
                         net (fo=1, routed)           0.680    52.045    cc/mmram/Ack_in
    SLICE_X20Y66         LUT2 (Prop_lut2_I0_O)        0.124    52.169 f  cc/mmram/and_out_inferred_i_1/O
                         net (fo=2, routed)           1.217    53.386    cc/mmram/c0/Ack_in
    SLICE_X26Y64         LUT4 (Prop_lut4_I3_O)        0.124    53.510 r  cc/mmram/c0/nand3_out_inferred_i_1/O
                         net (fo=2, routed)           0.680    54.190    cc/mmram/c0/nand3_out
    SLICE_X30Y64         LUT3 (Prop_lut3_I2_O)        0.124    54.314 f  cc/mmram/c0/nand2_out_inferred_i_1/O
                         net (fo=1, routed)           0.286    54.601    cc/mmram/c0/nand2_out
    SLICE_X30Y64         LUT2 (Prop_lut2_I1_O)        0.124    54.725 r  cc/mmram/c0/nand1_out_inferred_i_1/O
                         net (fo=3, routed)           1.053    55.777    cc/mmram/c0/delay2/din
    SLICE_X32Y58         LUT1 (Prop_lut1_I0_O)        0.124    55.901 r  cc/mmram/c0/delay2/buf_inst_begin/O
                         net (fo=1, routed)           0.670    56.571    cc/mmram/c0/delay2/t[0]
    SLICE_X32Y58         LUT1 (Prop_lut1_I0_O)        0.124    56.695 r  cc/mmram/c0/delay2/delay_loop[0].buf_inst/O
                         net (fo=1, routed)           0.466    57.161    cc/mmram/c0/delay2/t[1]
    SLICE_X32Y58         LUT1 (Prop_lut1_I0_O)        0.124    57.285 r  cc/mmram/c0/delay2/delay_loop[1].buf_inst/O
                         net (fo=1, routed)           0.680    57.965    cc/mmram/c0/delay2/t[2]
    SLICE_X32Y58         LUT1 (Prop_lut1_I0_O)        0.150    58.115 r  cc/mmram/c0/delay2/delay_loop[2].buf_inst/O
                         net (fo=1, routed)           0.165    58.281    cc/mmram/c0/delay2/t[3]
    SLICE_X32Y58         LUT1 (Prop_lut1_I0_O)        0.328    58.609 r  cc/mmram/c0/delay2/buf_inst_end/O
                         net (fo=1, routed)           0.655    59.264    cc/mmram/c0/LB_out
    SLICE_X33Y58         LUT1 (Prop_lut1_I0_O)        0.152    59.416 f  cc/mmram/c0/Ack_out_INST_0/O
                         net (fo=2, routed)           0.683    60.099    cc/mmcam/Ack_in
    SLICE_X33Y58         LUT4 (Prop_lut4_I3_O)        0.332    60.431 r  cc/mmcam/nand3_out_inferred_i_1/O
                         net (fo=2, routed)           0.415    60.846    cc/mmcam/nand3_out
    SLICE_X33Y56         LUT3 (Prop_lut3_I2_O)        0.124    60.970 f  cc/mmcam/nand2_out_inferred_i_1/O
                         net (fo=1, routed)           0.264    61.234    cc/mmcam/nand2_out
    SLICE_X33Y56         LUT2 (Prop_lut2_I1_O)        0.124    61.358 r  cc/mmcam/nand1_out_inferred_i_1/O
                         net (fo=3, routed)           0.176    61.534    cc/mmcam/delay2/din
    SLICE_X33Y56         LUT1 (Prop_lut1_I0_O)        0.124    61.658 r  cc/mmcam/delay2/buf_inst_begin/O
                         net (fo=1, routed)           1.036    62.694    cc/mmcam/delay2/t[0]
    SLICE_X39Y56         LUT1 (Prop_lut1_I0_O)        0.124    62.818 r  cc/mmcam/delay2/delay_loop[0].buf_inst/O
                         net (fo=1, routed)           0.264    63.082    cc/mmcam/delay2/t[1]
    SLICE_X39Y56         LUT1 (Prop_lut1_I0_O)        0.124    63.206 r  cc/mmcam/delay2/delay_loop[1].buf_inst/O
                         net (fo=1, routed)           0.149    63.355    cc/mmcam/delay2/t[2]
    SLICE_X39Y56         LUT1 (Prop_lut1_I0_O)        0.124    63.479 r  cc/mmcam/delay2/delay_loop[2].buf_inst/O
                         net (fo=1, routed)           0.433    63.912    cc/mmcam/delay2/t[3]
    SLICE_X39Y56         LUT1 (Prop_lut1_I0_O)        0.124    64.036 r  cc/mmcam/delay2/delay_loop[3].buf_inst/O
                         net (fo=1, routed)           0.875    64.912    cc/mmcam/delay2/t[4]
    SLICE_X38Y56         LUT1 (Prop_lut1_I0_O)        0.124    65.036 r  cc/mmcam/delay2/delay_loop[4].buf_inst/O
                         net (fo=1, routed)           0.830    65.866    cc/mmcam/delay2/t[5]
    SLICE_X38Y55         LUT1 (Prop_lut1_I0_O)        0.124    65.990 r  cc/mmcam/delay2/delay_loop[5].buf_inst/O
                         net (fo=1, routed)           0.680    66.670    cc/mmcam/delay2/t[6]
    SLICE_X38Y55         LUT1 (Prop_lut1_I0_O)        0.150    66.820 r  cc/mmcam/delay2/delay_loop[6].buf_inst/O
                         net (fo=1, routed)           0.478    67.299    cc/mmcam/delay2/t[7]
    SLICE_X38Y55         LUT1 (Prop_lut1_I0_O)        0.321    67.620 r  cc/mmcam/delay2/delay_loop[7].buf_inst/O
                         net (fo=1, routed)           0.286    67.905    cc/mmcam/delay2/t[8]
    SLICE_X38Y55         LUT1 (Prop_lut1_I0_O)        0.348    68.253 r  cc/mmcam/delay2/buf_inst_end/O
                         net (fo=1, routed)           0.607    68.860    cc/mmcam/LB_out
    SLICE_X38Y53         LUT1 (Prop_lut1_I0_O)        0.124    68.984 f  cc/mmcam/Ack_out_INST_0/O
                         net (fo=4, routed)           0.842    69.826    cc/m/CJ2/Ack_in
    SLICE_X38Y52         LUT6 (Prop_lut6_I4_O)        0.124    69.950 r  cc/m/CJ2/nand3_out_inferred_i_1/O
                         net (fo=2, routed)           0.299    70.249    cc/m/CJ2/nand3_out
    SLICE_X38Y52         LUT3 (Prop_lut3_I2_O)        0.124    70.373 f  cc/m/CJ2/nand2_out_inferred_i_1/O
                         net (fo=1, routed)           0.161    70.534    cc/m/CJ2/nand2_out
    SLICE_X38Y52         LUT2 (Prop_lut2_I1_O)        0.124    70.658 r  cc/m/CJ2/nand1_out_inferred_i_1/O
                         net (fo=3, routed)           0.597    71.255    cc/m/CJ2/delay2/din
    SLICE_X36Y52         LUT1 (Prop_lut1_I0_O)        0.124    71.379 r  cc/m/CJ2/delay2/buf_inst_begin/O
                         net (fo=1, routed)           0.279    71.658    cc/m/CJ2/delay2/t[0]
    SLICE_X36Y52         LUT1 (Prop_lut1_I0_O)        0.124    71.782 r  cc/m/CJ2/delay2/delay_loop[0].buf_inst/O
                         net (fo=1, routed)           0.853    72.635    cc/m/CJ2/delay2/t[1]
    SLICE_X36Y52         LUT1 (Prop_lut1_I0_O)        0.124    72.759 r  cc/m/CJ2/delay2/delay_loop[1].buf_inst/O
                         net (fo=1, routed)           0.433    73.192    cc/m/CJ2/delay2/t[2]
    SLICE_X36Y52         LUT1 (Prop_lut1_I0_O)        0.124    73.316 r  cc/m/CJ2/delay2/delay_loop[2].buf_inst/O
                         net (fo=1, routed)           0.674    73.990    cc/m/CJ2/delay2/t[3]
    SLICE_X36Y52         LUT1 (Prop_lut1_I0_O)        0.152    74.142 r  cc/m/CJ2/delay2/delay_loop[3].buf_inst/O
                         net (fo=1, routed)           0.851    74.994    cc/m/CJ2/delay2/t[4]
    SLICE_X36Y52         LUT1 (Prop_lut1_I0_O)        0.354    75.348 r  cc/m/CJ2/delay2/delay_loop[4].buf_inst/O
                         net (fo=1, routed)           0.288    75.635    cc/m/CJ2/delay2/t[5]
    SLICE_X36Y52         LUT1 (Prop_lut1_I0_O)        0.328    75.963 r  cc/m/CJ2/delay2/delay_loop[5].buf_inst/O
                         net (fo=1, routed)           0.811    76.774    cc/m/CJ2/delay2/t[6]
    SLICE_X37Y51         LUT1 (Prop_lut1_I0_O)        0.327    77.101 r  cc/m/CJ2/delay2/delay_loop[6].buf_inst/O
                         net (fo=1, routed)           0.433    77.534    cc/m/CJ2/delay2/t[7]
    SLICE_X37Y51         LUT1 (Prop_lut1_I0_O)        0.124    77.658 r  cc/m/CJ2/delay2/delay_loop[7].buf_inst/O
                         net (fo=1, routed)           0.667    78.325    cc/m/CJ2/delay2/t[8]
    SLICE_X37Y51         LUT1 (Prop_lut1_I0_O)        0.124    78.449 r  cc/m/CJ2/delay2/buf_inst_end/O
                         net (fo=1, routed)           0.433    78.882    cc/m/CJ2/LB_out
    SLICE_X37Y51         LUT1 (Prop_lut1_I0_O)        0.124    79.006 f  cc/m/CJ2/Ack_out_INST_0/O
                         net (fo=2, routed)           0.937    79.943    cc/m/Ack_out_b
    SLICE_X39Y55         LUT3 (Prop_lut3_I1_O)        0.124    80.067 r  cc/m/nand4_out_inferred_i_1/O
                         net (fo=1, routed)           0.433    80.500    cc/m/nand4_out
    SLICE_X39Y55         LUT3 (Prop_lut3_I0_O)        0.124    80.624 f  cc/m/nand3_out_inferred_i_1/O
                         net (fo=2, routed)           0.963    81.587    cc/m/nand3_out
    SLICE_X40Y52         LUT2 (Prop_lut2_I0_O)        0.124    81.711 r  cc/m/nand6_out_inferred_i_1/O
                         net (fo=2, routed)           0.667    82.378    cc/m/nand6_out
    SLICE_X41Y52         LUT3 (Prop_lut3_I2_O)        0.124    82.502 f  cc/m/nand5_out_inferred_i_1/O
                         net (fo=2, routed)           0.814    83.316    cc/m/nand5_out
    SLICE_X40Y52         LUT2 (Prop_lut2_I0_O)        0.124    83.440 r  cc/m/nand7_out_inferred_i_1/O
                         net (fo=2, routed)           0.174    83.614    cc/m/nand7_out
    SLICE_X40Y52         LUT3 (Prop_lut3_I2_O)        0.124    83.738 f  cc/m/nand8_out_inferred_i_1/O
                         net (fo=2, routed)           0.426    84.164    cc/m/CJ1/g
    SLICE_X40Y51         LUT6 (Prop_lut6_I3_O)        0.124    84.288 r  cc/m/CJ1/nand3_out_inferred_i_1/O
                         net (fo=2, routed)           0.682    84.970    cc/m/CJ1/nand3_out
    SLICE_X40Y51         LUT2 (Prop_lut2_I0_O)        0.124    85.094 f  cc/m/CJ1/nand4_out_inferred_i_1/O
                         net (fo=1, routed)           0.650    85.743    cc/m/CJ1/nand4_out
    SLICE_X40Y51         LUT3 (Prop_lut3_I0_O)        0.124    85.867 r  cc/m/CJ1/nand5_out_inferred_i_1/O
                         net (fo=3, routed)           0.679    86.546    cc/m/CJ1/nand5_out
    SLICE_X41Y51         LUT1 (Prop_lut1_I0_O)        0.124    86.670 f  cc/m/CJ1/cp_INST_0/O
                         net (fo=39, routed)          0.845    87.515    cc/m/cp1
    SLICE_X40Y52         LUT1 (Prop_lut1_I0_O)        0.124    87.639 r  cc/m/z1_inferred_i_1/O
                         net (fo=3, routed)           0.447    88.086    cc/m/z1
    SLICE_X41Y55         LUT2 (Prop_lut2_I0_O)        0.124    88.210 r  cc/m/nor2_out_inferred_i_1/O
                         net (fo=39, routed)          2.096    90.306    m/SEL
    SLICE_X42Y73         LUT3 (Prop_lut3_I2_O)        0.124    90.430 r  m/PACKET_OUT[25]_INST_0/O
                         net (fo=129, routed)         6.956    97.386    mmcam/entry_fd_loop[17].ef/color_gen_dest_LR[6]
    SLICE_X34Y69         LUT6 (Prop_lut6_I3_O)        0.124    97.510 r  mmcam/entry_fd_loop[17].ef/FIRE_INST_0_i_7/O
                         net (fo=1, routed)           0.000    97.510    mmcam/entry_fd_loop[17].ef/FIRE_INST_0_i_7_n_0
    SLICE_X34Y69         CARRY4 (Prop_carry4_S[1]_CO[3])
                                                      0.533    98.043 r  mmcam/entry_fd_loop[17].ef/FIRE_INST_0_i_2/CO[3]
                         net (fo=1, routed)           0.000    98.043    mmcam/entry_fd_loop[17].ef/FIRE_INST_0_i_2_n_0
    SLICE_X34Y70         CARRY4 (Prop_carry4_CI_CO[1])
                                                      0.157    98.200 f  mmcam/entry_fd_loop[17].ef/FIRE_INST_0_i_1/CO[1]
                         net (fo=2, routed)           0.781    98.981    mmcam/entry_fd_loop[17].ef/FIRE1
    SLICE_X31Y71         LUT4 (Prop_lut4_I1_O)        0.332    99.313 f  mmcam/entry_fd_loop[17].ef/FIRE_INST_0/O
                         net (fo=7, routed)           0.897   100.210    mmcam/am_or_ma/FIRE[17]
    SLICE_X30Y71         LUT4 (Prop_lut4_I1_O)        0.124   100.334 f  mmcam/am_or_ma/R_ADDR_inferred_i_41/O
                         net (fo=3, routed)           0.616   100.950    mmcam/am_or_ma/R_ADDR_inferred_i_41_n_0
    SLICE_X30Y69         LUT6 (Prop_lut6_I0_O)        0.124   101.074 f  mmcam/am_or_ma/FIRE_OR_inferred_i_7/O
                         net (fo=3, routed)           0.835   101.909    mmcam/am_or_ma/FIRE_OR_inferred_i_7_n_0
    SLICE_X29Y70         LUT6 (Prop_lut6_I1_O)        0.124   102.033 f  mmcam/am_or_ma/FIRE_OR_inferred_i_5/O
                         net (fo=2, routed)           0.989   103.022    mmcam/am_or_ma/FIRE_OR_inferred_i_5_n_0
    SLICE_X26Y74         LUT4 (Prop_lut4_I3_O)        0.124   103.146 f  mmcam/am_or_ma/FIRE_OR_inferred_i_1/O
                         net (fo=31, routed)          1.523   104.669    mmcam/am_or_ma/FIRE_OR
    SLICE_X35Y70         LUT3 (Prop_lut3_I0_O)        0.124   104.793 r  mmcam/am_or_ma/EN[61]_INST_0_i_2/O
                         net (fo=30, routed)          1.738   106.531    mmcam/am_or_ma/EN[61]_INST_0_i_2_n_0
    SLICE_X27Y75         LUT6 (Prop_lut6_I3_O)        0.124   106.655 r  mmcam/am_or_ma/EN[53]_INST_0_i_1/O
                         net (fo=4, routed)           1.137   107.792    mmcam/am_or_ma/EN[53]_INST_0_i_1_n_0
    SLICE_X26Y70         LUT6 (Prop_lut6_I5_O)        0.124   107.916 r  mmcam/am_or_ma/EN[29]_INST_0/O
                         net (fo=20, routed)          1.527   109.444    mmcam/entry_fd_loop[29].ef/EN
    SLICE_X29Y67         LUT5 (Prop_lut5_I0_O)        0.124   109.568 r  mmcam/entry_fd_loop[29].ef/VALID_i_1/O
                         net (fo=1, routed)           0.000   109.568    mmcam/entry_fd_loop[29].ef/VALID1_out
    SLICE_X29Y67         FDCE                                         r  mmcam/entry_fd_loop[29].ef/VALID_reg/D
  -------------------------------------------------------------------    -------------------

Slack:                    inf
  Source:                 Ack_in
                            (input port)
  Destination:            mmcam/entry_fd_loop[21].ef/ENTRY_reg[3]/CE
  Path Group:             (none)
  Path Type:              Max at Slow Process Corner
  Data Path Delay:        109.548ns  (logic 21.456ns (19.586%)  route 88.092ns (80.414%))
  Logic Levels:           135  (CARRY4=2 IBUF=1 LUT1=81 LUT2=16 LUT3=17 LUT4=11 LUT6=7)

    Location             Delay type                Incr(ns)  Path(ns)    Netlist Resource(s)
  -------------------------------------------------------------------    -------------------
    P14                                               0.000     0.000 f  Ack_in (IN)
                         net (fo=0)                   0.000     0.000    Ack_in
    P14                  IBUF (Prop_ibuf_I_O)         1.002     1.002 f  Ack_in_IBUF_inst/O
                         net (fo=2, routed)           1.435     2.437    cc/c/Ack_in
    SLICE_X42Y53         LUT4 (Prop_lut4_I3_O)        0.124     2.561 r  cc/c/nand3_out_inferred_i_1/O
                         net (fo=2, routed)           0.459     3.020    cc/c/nand3_out
    SLICE_X42Y54         LUT3 (Prop_lut3_I2_O)        0.124     3.144 f  cc/c/nand2_out_inferred_i_1/O
                         net (fo=1, routed)           0.286     3.431    cc/c/nand2_out
    SLICE_X42Y54         LUT2 (Prop_lut2_I1_O)        0.124     3.555 r  cc/c/nand1_out_inferred_i_1/O
                         net (fo=3, routed)           0.960     4.514    cc/c/delay2/din
    SLICE_X41Y55         LUT1 (Prop_lut1_I0_O)        0.124     4.638 r  cc/c/delay2/buf_inst_begin/O
                         net (fo=1, routed)           0.714     5.353    cc/c/delay2/t[0]
    SLICE_X40Y55         LUT1 (Prop_lut1_I0_O)        0.124     5.477 r  cc/c/delay2/delay_loop[0].buf_inst/O
                         net (fo=1, routed)           0.279     5.756    cc/c/delay2/t[1]
    SLICE_X40Y55         LUT1 (Prop_lut1_I0_O)        0.124     5.880 r  cc/c/delay2/delay_loop[1].buf_inst/O
                         net (fo=1, routed)           0.853     6.732    cc/c/delay2/t[2]
    SLICE_X40Y55         LUT1 (Prop_lut1_I0_O)        0.124     6.856 r  cc/c/delay2/delay_loop[2].buf_inst/O
                         net (fo=1, routed)           0.433     7.290    cc/c/delay2/t[3]
    SLICE_X40Y55         LUT1 (Prop_lut1_I0_O)        0.124     7.414 r  cc/c/delay2/delay_loop[3].buf_inst/O
                         net (fo=1, routed)           0.674     8.088    cc/c/delay2/t[4]
    SLICE_X40Y55         LUT1 (Prop_lut1_I0_O)        0.152     8.240 r  cc/c/delay2/delay_loop[4].buf_inst/O
                         net (fo=1, routed)           0.851     9.091    cc/c/delay2/t[5]
    SLICE_X40Y55         LUT1 (Prop_lut1_I0_O)        0.354     9.445 r  cc/c/delay2/delay_loop[5].buf_inst/O
                         net (fo=1, routed)           0.288     9.733    cc/c/delay2/t[6]
    SLICE_X40Y55         LUT1 (Prop_lut1_I0_O)        0.328    10.061 r  cc/c/delay2/delay_loop[6].buf_inst/O
                         net (fo=1, routed)           0.806    10.867    cc/c/delay2/t[7]
    SLICE_X38Y55         LUT1 (Prop_lut1_I0_O)        0.327    11.194 r  cc/c/delay2/delay_loop[7].buf_inst/O
                         net (fo=1, routed)           0.452    11.646    cc/c/delay2/t[8]
    SLICE_X38Y55         LUT1 (Prop_lut1_I0_O)        0.124    11.770 r  cc/c/delay2/buf_inst_end/O
                         net (fo=1, routed)           0.403    12.173    cc/c/LB_out
    SLICE_X39Y55         LUT1 (Prop_lut1_I0_O)        0.124    12.297 f  cc/c/Ack_out_INST_0/O
                         net (fo=1, routed)           0.263    12.560    cc/b/Ack_in_a
    SLICE_X39Y55         LUT2 (Prop_lut2_I0_O)        0.124    12.684 f  cc/b/and_out_inferred_i_1/O
                         net (fo=2, routed)           0.817    13.501    cc/b/c0/Ack_in
    SLICE_X35Y64         LUT4 (Prop_lut4_I3_O)        0.124    13.625 r  cc/b/c0/nand3_out_inferred_i_1/O
                         net (fo=2, routed)           0.555    14.180    cc/b/c0/nand3_out
    SLICE_X35Y67         LUT3 (Prop_lut3_I2_O)        0.124    14.304 f  cc/b/c0/nand2_out_inferred_i_1/O
                         net (fo=1, routed)           0.264    14.568    cc/b/c0/nand2_out
    SLICE_X35Y67         LUT2 (Prop_lut2_I1_O)        0.124    14.692 r  cc/b/c0/nand1_out_inferred_i_1/O
                         net (fo=3, routed)           0.796    15.488    cc/b/c0/delay2/din
    SLICE_X28Y67         LUT1 (Prop_lut1_I0_O)        0.124    15.612 r  cc/b/c0/delay2/buf_inst_begin/O
                         net (fo=1, routed)           0.286    15.898    cc/b/c0/delay2/t[0]
    SLICE_X28Y67         LUT1 (Prop_lut1_I0_O)        0.124    16.022 r  cc/b/c0/delay2/delay_loop[0].buf_inst/O
                         net (fo=1, routed)           0.161    16.183    cc/b/c0/delay2/t[1]
    SLICE_X28Y67         LUT1 (Prop_lut1_I0_O)        0.124    16.307 r  cc/b/c0/delay2/delay_loop[1].buf_inst/O
                         net (fo=1, routed)           1.322    17.629    cc/b/c0/delay2/t[2]
    SLICE_X25Y78         LUT1 (Prop_lut1_I0_O)        0.124    17.753 r  cc/b/c0/delay2/delay_loop[2].buf_inst/O
                         net (fo=1, routed)           0.623    18.376    cc/b/c0/delay2/t[3]
    SLICE_X24Y86         LUT1 (Prop_lut1_I0_O)        0.124    18.500 r  cc/b/c0/delay2/buf_inst_end/O
                         net (fo=1, routed)           0.452    18.952    cc/b/c0/LB_out
    SLICE_X24Y86         LUT1 (Prop_lut1_I0_O)        0.124    19.076 f  cc/b/c0/Ack_out_INST_0/O
                         net (fo=4, routed)           0.598    19.674    cc/copy/Ack_in
    SLICE_X22Y89         LUT3 (Prop_lut3_I0_O)        0.124    19.798 f  cc/copy/and2_out_inferred_i_1/O
                         net (fo=2, routed)           0.967    20.765    cc/copy/CF1/Ack_in
    SLICE_X20Y91         LUT4 (Prop_lut4_I3_O)        0.124    20.889 r  cc/copy/CF1/nand3_out_inferred_i_1/O
                         net (fo=2, routed)           0.298    21.187    cc/copy/CF1/nand3_out
    SLICE_X20Y91         LUT3 (Prop_lut3_I2_O)        0.124    21.311 f  cc/copy/CF1/nand2_out_inferred_i_1/O
                         net (fo=1, routed)           0.656    21.967    cc/copy/CF1/nand2_out
    SLICE_X21Y91         LUT2 (Prop_lut2_I1_O)        0.124    22.091 r  cc/copy/CF1/nand1_out_inferred_i_1/O
                         net (fo=3, routed)           0.832    22.923    cc/copy/CF1/delay2/din
    SLICE_X21Y92         LUT1 (Prop_lut1_I0_O)        0.124    23.047 r  cc/copy/CF1/delay2/buf_inst_begin/O
                         net (fo=1, routed)           0.867    23.914    cc/copy/CF1/delay2/t[0]
    SLICE_X20Y92         LUT1 (Prop_lut1_I0_O)        0.124    24.038 r  cc/copy/CF1/delay2/delay_loop[0].buf_inst/O
                         net (fo=1, routed)           0.161    24.199    cc/copy/CF1/delay2/t[1]
    SLICE_X20Y92         LUT1 (Prop_lut1_I0_O)        0.124    24.323 r  cc/copy/CF1/delay2/delay_loop[1].buf_inst/O
                         net (fo=1, routed)           0.466    24.789    cc/copy/CF1/delay2/t[2]
    SLICE_X20Y92         LUT1 (Prop_lut1_I0_O)        0.124    24.913 r  cc/copy/CF1/delay2/delay_loop[2].buf_inst/O
                         net (fo=1, routed)           0.680    25.593    cc/copy/CF1/delay2/t[3]
    SLICE_X20Y92         LUT1 (Prop_lut1_I0_O)        0.124    25.717 r  cc/copy/CF1/delay2/buf_inst_end/O
                         net (fo=1, routed)           0.493    26.210    cc/copy/CF1/LB_out
    SLICE_X21Y92         LUT1 (Prop_lut1_I0_O)        0.124    26.334 f  cc/copy/CF1/Ack_out_INST_0/O
                         net (fo=2, routed)           0.580    26.914    cc/ma/Ack_in
    SLICE_X19Y89         LUT4 (Prop_lut4_I3_O)        0.124    27.038 r  cc/ma/nand3_out_inferred_i_1/O
                         net (fo=2, routed)           0.957    27.995    cc/ma/nand3_out
    SLICE_X20Y89         LUT3 (Prop_lut3_I2_O)        0.124    28.119 f  cc/ma/nand2_out_inferred_i_1/O
                         net (fo=1, routed)           0.286    28.405    cc/ma/nand2_out
    SLICE_X20Y89         LUT2 (Prop_lut2_I1_O)        0.124    28.529 r  cc/ma/nand1_out_inferred_i_1/O
                         net (fo=3, routed)           0.838    29.368    cc/ma/delay2/din
    SLICE_X16Y91         LUT1 (Prop_lut1_I0_O)        0.124    29.492 r  cc/ma/delay2/buf_inst_begin/O
                         net (fo=1, routed)           0.286    29.778    cc/ma/delay2/t[0]
    SLICE_X16Y91         LUT1 (Prop_lut1_I0_O)        0.124    29.902 r  cc/ma/delay2/delay_loop[0].buf_inst/O
                         net (fo=1, routed)           0.161    30.063    cc/ma/delay2/t[1]
    SLICE_X16Y91         LUT1 (Prop_lut1_I0_O)        0.124    30.187 r  cc/ma/delay2/delay_loop[1].buf_inst/O
                         net (fo=1, routed)           0.466    30.653    cc/ma/delay2/t[2]
    SLICE_X16Y91         LUT1 (Prop_lut1_I0_O)        0.124    30.777 r  cc/ma/delay2/delay_loop[2].buf_inst/O
                         net (fo=1, routed)           0.821    31.598    cc/ma/delay2/t[3]
    SLICE_X16Y90         LUT1 (Prop_lut1_I0_O)        0.124    31.722 r  cc/ma/delay2/delay_loop[3].buf_inst/O
                         net (fo=1, routed)           0.286    32.008    cc/ma/delay2/t[4]
    SLICE_X16Y90         LUT1 (Prop_lut1_I0_O)        0.124    32.132 r  cc/ma/delay2/delay_loop[4].buf_inst/O
                         net (fo=1, routed)           0.161    32.293    cc/ma/delay2/t[5]
    SLICE_X16Y90         LUT1 (Prop_lut1_I0_O)        0.124    32.417 r  cc/ma/delay2/delay_loop[5].buf_inst/O
                         net (fo=1, routed)           0.466    32.883    cc/ma/delay2/t[6]
    SLICE_X16Y90         LUT1 (Prop_lut1_I0_O)        0.124    33.007 r  cc/ma/delay2/delay_loop[6].buf_inst/O
                         net (fo=1, routed)           0.707    33.714    cc/ma/delay2/t[7]
    SLICE_X18Y88         LUT1 (Prop_lut1_I0_O)        0.124    33.838 r  cc/ma/delay2/delay_loop[7].buf_inst/O
                         net (fo=1, routed)           0.280    34.118    cc/ma/delay2/t[8]
    SLICE_X18Y88         LUT1 (Prop_lut1_I0_O)        0.124    34.242 r  cc/ma/delay2/buf_inst_end/O
                         net (fo=1, routed)           0.159    34.401    cc/ma/LB_out
    SLICE_X18Y88         LUT1 (Prop_lut1_I0_O)        0.124    34.525 f  cc/ma/Ack_out_INST_0/O
                         net (fo=1, routed)           0.656    35.181    cc/fp/Ack_in
    SLICE_X19Y88         LUT2 (Prop_lut2_I0_O)        0.124    35.305 f  cc/fp/and_out_inferred_i_1/O
                         net (fo=2, routed)           0.803    36.108    cc/fp/c0/Ack_in
    SLICE_X16Y88         LUT4 (Prop_lut4_I3_O)        0.124    36.232 r  cc/fp/c0/nand3_out_inferred_i_1/O
                         net (fo=2, routed)           0.843    37.074    cc/fp/c0/nand3_out
    SLICE_X16Y88         LUT3 (Prop_lut3_I2_O)        0.124    37.198 f  cc/fp/c0/nand2_out_inferred_i_1/O
                         net (fo=1, routed)           0.171    37.369    cc/fp/c0/nand2_out
    SLICE_X16Y88         LUT2 (Prop_lut2_I1_O)        0.124    37.493 r  cc/fp/c0/nand1_out_inferred_i_1/O
                         net (fo=3, routed)           0.688    38.181    cc/fp/c0/delay2/din
    SLICE_X16Y87         LUT1 (Prop_lut1_I0_O)        0.124    38.305 r  cc/fp/c0/delay2/buf_inst_begin/O
                         net (fo=1, routed)           0.670    38.975    cc/fp/c0/delay2/t[0]
    SLICE_X16Y87         LUT1 (Prop_lut1_I0_O)        0.152    39.127 r  cc/fp/c0/delay2/delay_loop[0].buf_inst/O
                         net (fo=1, routed)           0.286    39.413    cc/fp/c0/delay2/t[1]
    SLICE_X16Y87         LUT1 (Prop_lut1_I0_O)        0.341    39.754 r  cc/fp/c0/delay2/delay_loop[1].buf_inst/O
                         net (fo=1, routed)           0.692    40.446    cc/fp/c0/delay2/t[2]
    SLICE_X16Y87         LUT1 (Prop_lut1_I0_O)        0.363    40.809 r  cc/fp/c0/delay2/delay_loop[2].buf_inst/O
                         net (fo=1, routed)           0.455    41.265    cc/fp/c0/delay2/t[3]
    SLICE_X16Y87         LUT1 (Prop_lut1_I0_O)        0.381    41.646 r  cc/fp/c0/delay2/buf_inst_end/O
                         net (fo=1, routed)           0.853    42.499    cc/fp/c0/LB_out
    SLICE_X16Y87         LUT1 (Prop_lut1_I0_O)        0.328    42.827 f  cc/fp/c0/Ack_out_INST_0/O
                         net (fo=2, routed)           0.736    43.563    cc/ps/Ack_in
    SLICE_X19Y84         LUT4 (Prop_lut4_I3_O)        0.124    43.687 r  cc/ps/nand3_out_inferred_i_1/O
                         net (fo=2, routed)           0.517    44.204    cc/ps/nand3_out
    SLICE_X18Y84         LUT3 (Prop_lut3_I2_O)        0.124    44.328 f  cc/ps/nand2_out_inferred_i_1/O
                         net (fo=1, routed)           0.279    44.607    cc/ps/nand2_out
    SLICE_X18Y84         LUT2 (Prop_lut2_I1_O)        0.124    44.731 r  cc/ps/nand1_out_inferred_i_1/O
                         net (fo=3, routed)           0.183    44.914    cc/ps/delay2/din
    SLICE_X18Y84         LUT1 (Prop_lut1_I0_O)        0.124    45.038 r  cc/ps/delay2/buf_inst_begin/O
                         net (fo=1, routed)           0.716    45.754    cc/ps/delay2/t[0]
    SLICE_X19Y82         LUT1 (Prop_lut1_I0_O)        0.124    45.878 r  cc/ps/delay2/delay_loop[0].buf_inst/O
                         net (fo=1, routed)           0.264    46.142    cc/ps/delay2/t[1]
    SLICE_X19Y82         LUT1 (Prop_lut1_I0_O)        0.124    46.266 r  cc/ps/delay2/delay_loop[1].buf_inst/O
                         net (fo=1, routed)           0.656    46.922    cc/ps/delay2/t[2]
    SLICE_X18Y82         LUT1 (Prop_lut1_I0_O)        0.124    47.046 r  cc/ps/delay2/delay_loop[2].buf_inst/O
                         net (fo=1, routed)           0.279    47.325    cc/ps/delay2/t[3]
    SLICE_X18Y82         LUT1 (Prop_lut1_I0_O)        0.124    47.449 r  cc/ps/delay2/delay_loop[3].buf_inst/O
                         net (fo=1, routed)           0.158    47.607    cc/ps/delay2/t[4]
    SLICE_X18Y82         LUT1 (Prop_lut1_I0_O)        0.124    47.731 r  cc/ps/delay2/delay_loop[4].buf_inst/O
                         net (fo=1, routed)           0.433    48.165    cc/ps/delay2/t[5]
    SLICE_X18Y82         LUT1 (Prop_lut1_I0_O)        0.124    48.289 r  cc/ps/delay2/delay_loop[5].buf_inst/O
                         net (fo=1, routed)           1.013    49.301    cc/ps/delay2/t[6]
    SLICE_X19Y77         LUT1 (Prop_lut1_I0_O)        0.124    49.425 r  cc/ps/delay2/delay_loop[6].buf_inst/O
                         net (fo=1, routed)           0.149    49.574    cc/ps/delay2/t[7]
    SLICE_X19Y77         LUT1 (Prop_lut1_I0_O)        0.124    49.698 r  cc/ps/delay2/delay_loop[7].buf_inst/O
                         net (fo=1, routed)           0.154    49.853    cc/ps/delay2/t[8]
    SLICE_X19Y77         LUT1 (Prop_lut1_I0_O)        0.124    49.977 r  cc/ps/delay2/buf_inst_end/O
                         net (fo=1, routed)           1.264    51.241    cc/ps/LB_out
    SLICE_X20Y66         LUT1 (Prop_lut1_I0_O)        0.124    51.365 f  cc/ps/Ack_out_INST_0/O
                         net (fo=1, routed)           0.680    52.045    cc/mmram/Ack_in
    SLICE_X20Y66         LUT2 (Prop_lut2_I0_O)        0.124    52.169 f  cc/mmram/and_out_inferred_i_1/O
                         net (fo=2, routed)           1.217    53.386    cc/mmram/c0/Ack_in
    SLICE_X26Y64         LUT4 (Prop_lut4_I3_O)        0.124    53.510 r  cc/mmram/c0/nand3_out_inferred_i_1/O
                         net (fo=2, routed)           0.680    54.190    cc/mmram/c0/nand3_out
    SLICE_X30Y64         LUT3 (Prop_lut3_I2_O)        0.124    54.314 f  cc/mmram/c0/nand2_out_inferred_i_1/O
                         net (fo=1, routed)           0.286    54.601    cc/mmram/c0/nand2_out
    SLICE_X30Y64         LUT2 (Prop_lut2_I1_O)        0.124    54.725 r  cc/mmram/c0/nand1_out_inferred_i_1/O
                         net (fo=3, routed)           1.053    55.777    cc/mmram/c0/delay2/din
    SLICE_X32Y58         LUT1 (Prop_lut1_I0_O)        0.124    55.901 r  cc/mmram/c0/delay2/buf_inst_begin/O
                         net (fo=1, routed)           0.670    56.571    cc/mmram/c0/delay2/t[0]
    SLICE_X32Y58         LUT1 (Prop_lut1_I0_O)        0.124    56.695 r  cc/mmram/c0/delay2/delay_loop[0].buf_inst/O
                         net (fo=1, routed)           0.466    57.161    cc/mmram/c0/delay2/t[1]
    SLICE_X32Y58         LUT1 (Prop_lut1_I0_O)        0.124    57.285 r  cc/mmram/c0/delay2/delay_loop[1].buf_inst/O
                         net (fo=1, routed)           0.680    57.965    cc/mmram/c0/delay2/t[2]
    SLICE_X32Y58         LUT1 (Prop_lut1_I0_O)        0.150    58.115 r  cc/mmram/c0/delay2/delay_loop[2].buf_inst/O
                         net (fo=1, routed)           0.165    58.281    cc/mmram/c0/delay2/t[3]
    SLICE_X32Y58         LUT1 (Prop_lut1_I0_O)        0.328    58.609 r  cc/mmram/c0/delay2/buf_inst_end/O
                         net (fo=1, routed)           0.655    59.264    cc/mmram/c0/LB_out
    SLICE_X33Y58         LUT1 (Prop_lut1_I0_O)        0.152    59.416 f  cc/mmram/c0/Ack_out_INST_0/O
                         net (fo=2, routed)           0.683    60.099    cc/mmcam/Ack_in
    SLICE_X33Y58         LUT4 (Prop_lut4_I3_O)        0.332    60.431 r  cc/mmcam/nand3_out_inferred_i_1/O
                         net (fo=2, routed)           0.415    60.846    cc/mmcam/nand3_out
    SLICE_X33Y56         LUT3 (Prop_lut3_I2_O)        0.124    60.970 f  cc/mmcam/nand2_out_inferred_i_1/O
                         net (fo=1, routed)           0.264    61.234    cc/mmcam/nand2_out
    SLICE_X33Y56         LUT2 (Prop_lut2_I1_O)        0.124    61.358 r  cc/mmcam/nand1_out_inferred_i_1/O
                         net (fo=3, routed)           0.176    61.534    cc/mmcam/delay2/din
    SLICE_X33Y56         LUT1 (Prop_lut1_I0_O)        0.124    61.658 r  cc/mmcam/delay2/buf_inst_begin/O
                         net (fo=1, routed)           1.036    62.694    cc/mmcam/delay2/t[0]
    SLICE_X39Y56         LUT1 (Prop_lut1_I0_O)        0.124    62.818 r  cc/mmcam/delay2/delay_loop[0].buf_inst/O
                         net (fo=1, routed)           0.264    63.082    cc/mmcam/delay2/t[1]
    SLICE_X39Y56         LUT1 (Prop_lut1_I0_O)        0.124    63.206 r  cc/mmcam/delay2/delay_loop[1].buf_inst/O
                         net (fo=1, routed)           0.149    63.355    cc/mmcam/delay2/t[2]
    SLICE_X39Y56         LUT1 (Prop_lut1_I0_O)        0.124    63.479 r  cc/mmcam/delay2/delay_loop[2].buf_inst/O
                         net (fo=1, routed)           0.433    63.912    cc/mmcam/delay2/t[3]
    SLICE_X39Y56         LUT1 (Prop_lut1_I0_O)        0.124    64.036 r  cc/mmcam/delay2/delay_loop[3].buf_inst/O
                         net (fo=1, routed)           0.875    64.912    cc/mmcam/delay2/t[4]
    SLICE_X38Y56         LUT1 (Prop_lut1_I0_O)        0.124    65.036 r  cc/mmcam/delay2/delay_loop[4].buf_inst/O
                         net (fo=1, routed)           0.830    65.866    cc/mmcam/delay2/t[5]
    SLICE_X38Y55         LUT1 (Prop_lut1_I0_O)        0.124    65.990 r  cc/mmcam/delay2/delay_loop[5].buf_inst/O
                         net (fo=1, routed)           0.680    66.670    cc/mmcam/delay2/t[6]
    SLICE_X38Y55         LUT1 (Prop_lut1_I0_O)        0.150    66.820 r  cc/mmcam/delay2/delay_loop[6].buf_inst/O
                         net (fo=1, routed)           0.478    67.299    cc/mmcam/delay2/t[7]
    SLICE_X38Y55         LUT1 (Prop_lut1_I0_O)        0.321    67.620 r  cc/mmcam/delay2/delay_loop[7].buf_inst/O
                         net (fo=1, routed)           0.286    67.905    cc/mmcam/delay2/t[8]
    SLICE_X38Y55         LUT1 (Prop_lut1_I0_O)        0.348    68.253 r  cc/mmcam/delay2/buf_inst_end/O
                         net (fo=1, routed)           0.607    68.860    cc/mmcam/LB_out
    SLICE_X38Y53         LUT1 (Prop_lut1_I0_O)        0.124    68.984 f  cc/mmcam/Ack_out_INST_0/O
                         net (fo=4, routed)           0.842    69.826    cc/m/CJ2/Ack_in
    SLICE_X38Y52         LUT6 (Prop_lut6_I4_O)        0.124    69.950 r  cc/m/CJ2/nand3_out_inferred_i_1/O
                         net (fo=2, routed)           0.299    70.249    cc/m/CJ2/nand3_out
    SLICE_X38Y52         LUT3 (Prop_lut3_I2_O)        0.124    70.373 f  cc/m/CJ2/nand2_out_inferred_i_1/O
                         net (fo=1, routed)           0.161    70.534    cc/m/CJ2/nand2_out
    SLICE_X38Y52         LUT2 (Prop_lut2_I1_O)        0.124    70.658 r  cc/m/CJ2/nand1_out_inferred_i_1/O
                         net (fo=3, routed)           0.597    71.255    cc/m/CJ2/delay2/din
    SLICE_X36Y52         LUT1 (Prop_lut1_I0_O)        0.124    71.379 r  cc/m/CJ2/delay2/buf_inst_begin/O
                         net (fo=1, routed)           0.279    71.658    cc/m/CJ2/delay2/t[0]
    SLICE_X36Y52         LUT1 (Prop_lut1_I0_O)        0.124    71.782 r  cc/m/CJ2/delay2/delay_loop[0].buf_inst/O
                         net (fo=1, routed)           0.853    72.635    cc/m/CJ2/delay2/t[1]
    SLICE_X36Y52         LUT1 (Prop_lut1_I0_O)        0.124    72.759 r  cc/m/CJ2/delay2/delay_loop[1].buf_inst/O
                         net (fo=1, routed)           0.433    73.192    cc/m/CJ2/delay2/t[2]
    SLICE_X36Y52         LUT1 (Prop_lut1_I0_O)        0.124    73.316 r  cc/m/CJ2/delay2/delay_loop[2].buf_inst/O
                         net (fo=1, routed)           0.674    73.990    cc/m/CJ2/delay2/t[3]
    SLICE_X36Y52         LUT1 (Prop_lut1_I0_O)        0.152    74.142 r  cc/m/CJ2/delay2/delay_loop[3].buf_inst/O
                         net (fo=1, routed)           0.851    74.994    cc/m/CJ2/delay2/t[4]
    SLICE_X36Y52         LUT1 (Prop_lut1_I0_O)        0.354    75.348 r  cc/m/CJ2/delay2/delay_loop[4].buf_inst/O
                         net (fo=1, routed)           0.288    75.635    cc/m/CJ2/delay2/t[5]
    SLICE_X36Y52         LUT1 (Prop_lut1_I0_O)        0.328    75.963 r  cc/m/CJ2/delay2/delay_loop[5].buf_inst/O
                         net (fo=1, routed)           0.811    76.774    cc/m/CJ2/delay2/t[6]
    SLICE_X37Y51         LUT1 (Prop_lut1_I0_O)        0.327    77.101 r  cc/m/CJ2/delay2/delay_loop[6].buf_inst/O
                         net (fo=1, routed)           0.433    77.534    cc/m/CJ2/delay2/t[7]
    SLICE_X37Y51         LUT1 (Prop_lut1_I0_O)        0.124    77.658 r  cc/m/CJ2/delay2/delay_loop[7].buf_inst/O
                         net (fo=1, routed)           0.667    78.325    cc/m/CJ2/delay2/t[8]
    SLICE_X37Y51         LUT1 (Prop_lut1_I0_O)        0.124    78.449 r  cc/m/CJ2/delay2/buf_inst_end/O
                         net (fo=1, routed)           0.433    78.882    cc/m/CJ2/LB_out
    SLICE_X37Y51         LUT1 (Prop_lut1_I0_O)        0.124    79.006 f  cc/m/CJ2/Ack_out_INST_0/O
                         net (fo=2, routed)           0.937    79.943    cc/m/Ack_out_b
    SLICE_X39Y55         LUT3 (Prop_lut3_I1_O)        0.124    80.067 r  cc/m/nand4_out_inferred_i_1/O
                         net (fo=1, routed)           0.433    80.500    cc/m/nand4_out
    SLICE_X39Y55         LUT3 (Prop_lut3_I0_O)        0.124    80.624 f  cc/m/nand3_out_inferred_i_1/O
                         net (fo=2, routed)           0.963    81.587    cc/m/nand3_out
    SLICE_X40Y52         LUT2 (Prop_lut2_I0_O)        0.124    81.711 r  cc/m/nand6_out_inferred_i_1/O
                         net (fo=2, routed)           0.667    82.378    cc/m/nand6_out
    SLICE_X41Y52         LUT3 (Prop_lut3_I2_O)        0.124    82.502 f  cc/m/nand5_out_inferred_i_1/O
                         net (fo=2, routed)           0.814    83.316    cc/m/nand5_out
    SLICE_X40Y52         LUT2 (Prop_lut2_I0_O)        0.124    83.440 r  cc/m/nand7_out_inferred_i_1/O
                         net (fo=2, routed)           0.174    83.614    cc/m/nand7_out
    SLICE_X40Y52         LUT3 (Prop_lut3_I2_O)        0.124    83.738 f  cc/m/nand8_out_inferred_i_1/O
                         net (fo=2, routed)           0.426    84.164    cc/m/CJ1/g
    SLICE_X40Y51         LUT6 (Prop_lut6_I3_O)        0.124    84.288 r  cc/m/CJ1/nand3_out_inferred_i_1/O
                         net (fo=2, routed)           0.682    84.970    cc/m/CJ1/nand3_out
    SLICE_X40Y51         LUT2 (Prop_lut2_I0_O)        0.124    85.094 f  cc/m/CJ1/nand4_out_inferred_i_1/O
                         net (fo=1, routed)           0.650    85.743    cc/m/CJ1/nand4_out
    SLICE_X40Y51         LUT3 (Prop_lut3_I0_O)        0.124    85.867 r  cc/m/CJ1/nand5_out_inferred_i_1/O
                         net (fo=3, routed)           0.679    86.546    cc/m/CJ1/nand5_out
    SLICE_X41Y51         LUT1 (Prop_lut1_I0_O)        0.124    86.670 f  cc/m/CJ1/cp_INST_0/O
                         net (fo=39, routed)          0.845    87.515    cc/m/cp1
    SLICE_X40Y52         LUT1 (Prop_lut1_I0_O)        0.124    87.639 r  cc/m/z1_inferred_i_1/O
                         net (fo=3, routed)           0.447    88.086    cc/m/z1
    SLICE_X41Y55         LUT2 (Prop_lut2_I0_O)        0.124    88.210 r  cc/m/nor2_out_inferred_i_1/O
                         net (fo=39, routed)          2.096    90.306    m/SEL
    SLICE_X42Y73         LUT3 (Prop_lut3_I2_O)        0.124    90.430 r  m/PACKET_OUT[25]_INST_0/O
                         net (fo=129, routed)         6.956    97.386    mmcam/entry_fd_loop[17].ef/color_gen_dest_LR[6]
    SLICE_X34Y69         LUT6 (Prop_lut6_I3_O)        0.124    97.510 r  mmcam/entry_fd_loop[17].ef/FIRE_INST_0_i_7/O
                         net (fo=1, routed)           0.000    97.510    mmcam/entry_fd_loop[17].ef/FIRE_INST_0_i_7_n_0
    SLICE_X34Y69         CARRY4 (Prop_carry4_S[1]_CO[3])
                                                      0.533    98.043 r  mmcam/entry_fd_loop[17].ef/FIRE_INST_0_i_2/CO[3]
                         net (fo=1, routed)           0.000    98.043    mmcam/entry_fd_loop[17].ef/FIRE_INST_0_i_2_n_0
    SLICE_X34Y70         CARRY4 (Prop_carry4_CI_CO[1])
                                                      0.157    98.200 f  mmcam/entry_fd_loop[17].ef/FIRE_INST_0_i_1/CO[1]
                         net (fo=2, routed)           0.781    98.981    mmcam/entry_fd_loop[17].ef/FIRE1
    SLICE_X31Y71         LUT4 (Prop_lut4_I1_O)        0.332    99.313 f  mmcam/entry_fd_loop[17].ef/FIRE_INST_0/O
                         net (fo=7, routed)           0.897   100.210    mmcam/am_or_ma/FIRE[17]
    SLICE_X30Y71         LUT4 (Prop_lut4_I1_O)        0.124   100.334 f  mmcam/am_or_ma/R_ADDR_inferred_i_41/O
                         net (fo=3, routed)           0.616   100.950    mmcam/am_or_ma/R_ADDR_inferred_i_41_n_0
    SLICE_X30Y69         LUT6 (Prop_lut6_I0_O)        0.124   101.074 f  mmcam/am_or_ma/FIRE_OR_inferred_i_7/O
                         net (fo=3, routed)           0.835   101.909    mmcam/am_or_ma/FIRE_OR_inferred_i_7_n_0
    SLICE_X29Y70         LUT6 (Prop_lut6_I1_O)        0.124   102.033 f  mmcam/am_or_ma/FIRE_OR_inferred_i_5/O
                         net (fo=2, routed)           0.989   103.022    mmcam/am_or_ma/FIRE_OR_inferred_i_5_n_0
    SLICE_X26Y74         LUT4 (Prop_lut4_I3_O)        0.124   103.146 f  mmcam/am_or_ma/FIRE_OR_inferred_i_1/O
                         net (fo=31, routed)          1.523   104.669    mmcam/am_or_ma/FIRE_OR
    SLICE_X35Y70         LUT3 (Prop_lut3_I0_O)        0.124   104.793 r  mmcam/am_or_ma/EN[61]_INST_0_i_2/O
                         net (fo=30, routed)          1.738   106.531    mmcam/am_or_ma/EN[61]_INST_0_i_2_n_0
    SLICE_X27Y75         LUT6 (Prop_lut6_I3_O)        0.124   106.655 r  mmcam/am_or_ma/EN[53]_INST_0_i_1/O
                         net (fo=4, routed)           0.989   107.643    mmcam/am_or_ma/EN[53]_INST_0_i_1_n_0
    SLICE_X26Y72         LUT6 (Prop_lut6_I0_O)        0.124   107.767 r  mmcam/am_or_ma/EN[21]_INST_0/O
                         net (fo=20, routed)          1.781   109.548    mmcam/entry_fd_loop[21].ef/EN
    SLICE_X19Y63         FDRE                                         r  mmcam/entry_fd_loop[21].ef/ENTRY_reg[3]/CE
  -------------------------------------------------------------------    -------------------

Slack:                    inf
  Source:                 Ack_in
                            (input port)
  Destination:            mmcam/entry_fd_loop[21].ef/ENTRY_reg[4]/CE
  Path Group:             (none)
  Path Type:              Max at Slow Process Corner
  Data Path Delay:        109.548ns  (logic 21.456ns (19.586%)  route 88.092ns (80.414%))
  Logic Levels:           135  (CARRY4=2 IBUF=1 LUT1=81 LUT2=16 LUT3=17 LUT4=11 LUT6=7)

    Location             Delay type                Incr(ns)  Path(ns)    Netlist Resource(s)
  -------------------------------------------------------------------    -------------------
    P14                                               0.000     0.000 f  Ack_in (IN)
                         net (fo=0)                   0.000     0.000    Ack_in
    P14                  IBUF (Prop_ibuf_I_O)         1.002     1.002 f  Ack_in_IBUF_inst/O
                         net (fo=2, routed)           1.435     2.437    cc/c/Ack_in
    SLICE_X42Y53         LUT4 (Prop_lut4_I3_O)        0.124     2.561 r  cc/c/nand3_out_inferred_i_1/O
                         net (fo=2, routed)           0.459     3.020    cc/c/nand3_out
    SLICE_X42Y54         LUT3 (Prop_lut3_I2_O)        0.124     3.144 f  cc/c/nand2_out_inferred_i_1/O
                         net (fo=1, routed)           0.286     3.431    cc/c/nand2_out
    SLICE_X42Y54         LUT2 (Prop_lut2_I1_O)        0.124     3.555 r  cc/c/nand1_out_inferred_i_1/O
                         net (fo=3, routed)           0.960     4.514    cc/c/delay2/din
    SLICE_X41Y55         LUT1 (Prop_lut1_I0_O)        0.124     4.638 r  cc/c/delay2/buf_inst_begin/O
                         net (fo=1, routed)           0.714     5.353    cc/c/delay2/t[0]
    SLICE_X40Y55         LUT1 (Prop_lut1_I0_O)        0.124     5.477 r  cc/c/delay2/delay_loop[0].buf_inst/O
                         net (fo=1, routed)           0.279     5.756    cc/c/delay2/t[1]
    SLICE_X40Y55         LUT1 (Prop_lut1_I0_O)        0.124     5.880 r  cc/c/delay2/delay_loop[1].buf_inst/O
                         net (fo=1, routed)           0.853     6.732    cc/c/delay2/t[2]
    SLICE_X40Y55         LUT1 (Prop_lut1_I0_O)        0.124     6.856 r  cc/c/delay2/delay_loop[2].buf_inst/O
                         net (fo=1, routed)           0.433     7.290    cc/c/delay2/t[3]
    SLICE_X40Y55         LUT1 (Prop_lut1_I0_O)        0.124     7.414 r  cc/c/delay2/delay_loop[3].buf_inst/O
                         net (fo=1, routed)           0.674     8.088    cc/c/delay2/t[4]
    SLICE_X40Y55         LUT1 (Prop_lut1_I0_O)        0.152     8.240 r  cc/c/delay2/delay_loop[4].buf_inst/O
                         net (fo=1, routed)           0.851     9.091    cc/c/delay2/t[5]
    SLICE_X40Y55         LUT1 (Prop_lut1_I0_O)        0.354     9.445 r  cc/c/delay2/delay_loop[5].buf_inst/O
                         net (fo=1, routed)           0.288     9.733    cc/c/delay2/t[6]
    SLICE_X40Y55         LUT1 (Prop_lut1_I0_O)        0.328    10.061 r  cc/c/delay2/delay_loop[6].buf_inst/O
                         net (fo=1, routed)           0.806    10.867    cc/c/delay2/t[7]
    SLICE_X38Y55         LUT1 (Prop_lut1_I0_O)        0.327    11.194 r  cc/c/delay2/delay_loop[7].buf_inst/O
                         net (fo=1, routed)           0.452    11.646    cc/c/delay2/t[8]
    SLICE_X38Y55         LUT1 (Prop_lut1_I0_O)        0.124    11.770 r  cc/c/delay2/buf_inst_end/O
                         net (fo=1, routed)           0.403    12.173    cc/c/LB_out
    SLICE_X39Y55         LUT1 (Prop_lut1_I0_O)        0.124    12.297 f  cc/c/Ack_out_INST_0/O
                         net (fo=1, routed)           0.263    12.560    cc/b/Ack_in_a
    SLICE_X39Y55         LUT2 (Prop_lut2_I0_O)        0.124    12.684 f  cc/b/and_out_inferred_i_1/O
                         net (fo=2, routed)           0.817    13.501    cc/b/c0/Ack_in
    SLICE_X35Y64         LUT4 (Prop_lut4_I3_O)        0.124    13.625 r  cc/b/c0/nand3_out_inferred_i_1/O
                         net (fo=2, routed)           0.555    14.180    cc/b/c0/nand3_out
    SLICE_X35Y67         LUT3 (Prop_lut3_I2_O)        0.124    14.304 f  cc/b/c0/nand2_out_inferred_i_1/O
                         net (fo=1, routed)           0.264    14.568    cc/b/c0/nand2_out
    SLICE_X35Y67         LUT2 (Prop_lut2_I1_O)        0.124    14.692 r  cc/b/c0/nand1_out_inferred_i_1/O
                         net (fo=3, routed)           0.796    15.488    cc/b/c0/delay2/din
    SLICE_X28Y67         LUT1 (Prop_lut1_I0_O)        0.124    15.612 r  cc/b/c0/delay2/buf_inst_begin/O
                         net (fo=1, routed)           0.286    15.898    cc/b/c0/delay2/t[0]
    SLICE_X28Y67         LUT1 (Prop_lut1_I0_O)        0.124    16.022 r  cc/b/c0/delay2/delay_loop[0].buf_inst/O
                         net (fo=1, routed)           0.161    16.183    cc/b/c0/delay2/t[1]
    SLICE_X28Y67         LUT1 (Prop_lut1_I0_O)        0.124    16.307 r  cc/b/c0/delay2/delay_loop[1].buf_inst/O
                         net (fo=1, routed)           1.322    17.629    cc/b/c0/delay2/t[2]
    SLICE_X25Y78         LUT1 (Prop_lut1_I0_O)        0.124    17.753 r  cc/b/c0/delay2/delay_loop[2].buf_inst/O
                         net (fo=1, routed)           0.623    18.376    cc/b/c0/delay2/t[3]
    SLICE_X24Y86         LUT1 (Prop_lut1_I0_O)        0.124    18.500 r  cc/b/c0/delay2/buf_inst_end/O
                         net (fo=1, routed)           0.452    18.952    cc/b/c0/LB_out
    SLICE_X24Y86         LUT1 (Prop_lut1_I0_O)        0.124    19.076 f  cc/b/c0/Ack_out_INST_0/O
                         net (fo=4, routed)           0.598    19.674    cc/copy/Ack_in
    SLICE_X22Y89         LUT3 (Prop_lut3_I0_O)        0.124    19.798 f  cc/copy/and2_out_inferred_i_1/O
                         net (fo=2, routed)           0.967    20.765    cc/copy/CF1/Ack_in
    SLICE_X20Y91         LUT4 (Prop_lut4_I3_O)        0.124    20.889 r  cc/copy/CF1/nand3_out_inferred_i_1/O
                         net (fo=2, routed)           0.298    21.187    cc/copy/CF1/nand3_out
    SLICE_X20Y91         LUT3 (Prop_lut3_I2_O)        0.124    21.311 f  cc/copy/CF1/nand2_out_inferred_i_1/O
                         net (fo=1, routed)           0.656    21.967    cc/copy/CF1/nand2_out
    SLICE_X21Y91         LUT2 (Prop_lut2_I1_O)        0.124    22.091 r  cc/copy/CF1/nand1_out_inferred_i_1/O
                         net (fo=3, routed)           0.832    22.923    cc/copy/CF1/delay2/din
    SLICE_X21Y92         LUT1 (Prop_lut1_I0_O)        0.124    23.047 r  cc/copy/CF1/delay2/buf_inst_begin/O
                         net (fo=1, routed)           0.867    23.914    cc/copy/CF1/delay2/t[0]
    SLICE_X20Y92         LUT1 (Prop_lut1_I0_O)        0.124    24.038 r  cc/copy/CF1/delay2/delay_loop[0].buf_inst/O
                         net (fo=1, routed)           0.161    24.199    cc/copy/CF1/delay2/t[1]
    SLICE_X20Y92         LUT1 (Prop_lut1_I0_O)        0.124    24.323 r  cc/copy/CF1/delay2/delay_loop[1].buf_inst/O
                         net (fo=1, routed)           0.466    24.789    cc/copy/CF1/delay2/t[2]
    SLICE_X20Y92         LUT1 (Prop_lut1_I0_O)        0.124    24.913 r  cc/copy/CF1/delay2/delay_loop[2].buf_inst/O
                         net (fo=1, routed)           0.680    25.593    cc/copy/CF1/delay2/t[3]
    SLICE_X20Y92         LUT1 (Prop_lut1_I0_O)        0.124    25.717 r  cc/copy/CF1/delay2/buf_inst_end/O
                         net (fo=1, routed)           0.493    26.210    cc/copy/CF1/LB_out
    SLICE_X21Y92         LUT1 (Prop_lut1_I0_O)        0.124    26.334 f  cc/copy/CF1/Ack_out_INST_0/O
                         net (fo=2, routed)           0.580    26.914    cc/ma/Ack_in
    SLICE_X19Y89         LUT4 (Prop_lut4_I3_O)        0.124    27.038 r  cc/ma/nand3_out_inferred_i_1/O
                         net (fo=2, routed)           0.957    27.995    cc/ma/nand3_out
    SLICE_X20Y89         LUT3 (Prop_lut3_I2_O)        0.124    28.119 f  cc/ma/nand2_out_inferred_i_1/O
                         net (fo=1, routed)           0.286    28.405    cc/ma/nand2_out
    SLICE_X20Y89         LUT2 (Prop_lut2_I1_O)        0.124    28.529 r  cc/ma/nand1_out_inferred_i_1/O
                         net (fo=3, routed)           0.838    29.368    cc/ma/delay2/din
    SLICE_X16Y91         LUT1 (Prop_lut1_I0_O)        0.124    29.492 r  cc/ma/delay2/buf_inst_begin/O
                         net (fo=1, routed)           0.286    29.778    cc/ma/delay2/t[0]
    SLICE_X16Y91         LUT1 (Prop_lut1_I0_O)        0.124    29.902 r  cc/ma/delay2/delay_loop[0].buf_inst/O
                         net (fo=1, routed)           0.161    30.063    cc/ma/delay2/t[1]
    SLICE_X16Y91         LUT1 (Prop_lut1_I0_O)        0.124    30.187 r  cc/ma/delay2/delay_loop[1].buf_inst/O
                         net (fo=1, routed)           0.466    30.653    cc/ma/delay2/t[2]
    SLICE_X16Y91         LUT1 (Prop_lut1_I0_O)        0.124    30.777 r  cc/ma/delay2/delay_loop[2].buf_inst/O
                         net (fo=1, routed)           0.821    31.598    cc/ma/delay2/t[3]
    SLICE_X16Y90         LUT1 (Prop_lut1_I0_O)        0.124    31.722 r  cc/ma/delay2/delay_loop[3].buf_inst/O
                         net (fo=1, routed)           0.286    32.008    cc/ma/delay2/t[4]
    SLICE_X16Y90         LUT1 (Prop_lut1_I0_O)        0.124    32.132 r  cc/ma/delay2/delay_loop[4].buf_inst/O
                         net (fo=1, routed)           0.161    32.293    cc/ma/delay2/t[5]
    SLICE_X16Y90         LUT1 (Prop_lut1_I0_O)        0.124    32.417 r  cc/ma/delay2/delay_loop[5].buf_inst/O
                         net (fo=1, routed)           0.466    32.883    cc/ma/delay2/t[6]
    SLICE_X16Y90         LUT1 (Prop_lut1_I0_O)        0.124    33.007 r  cc/ma/delay2/delay_loop[6].buf_inst/O
                         net (fo=1, routed)           0.707    33.714    cc/ma/delay2/t[7]
    SLICE_X18Y88         LUT1 (Prop_lut1_I0_O)        0.124    33.838 r  cc/ma/delay2/delay_loop[7].buf_inst/O
                         net (fo=1, routed)           0.280    34.118    cc/ma/delay2/t[8]
    SLICE_X18Y88         LUT1 (Prop_lut1_I0_O)        0.124    34.242 r  cc/ma/delay2/buf_inst_end/O
                         net (fo=1, routed)           0.159    34.401    cc/ma/LB_out
    SLICE_X18Y88         LUT1 (Prop_lut1_I0_O)        0.124    34.525 f  cc/ma/Ack_out_INST_0/O
                         net (fo=1, routed)           0.656    35.181    cc/fp/Ack_in
    SLICE_X19Y88         LUT2 (Prop_lut2_I0_O)        0.124    35.305 f  cc/fp/and_out_inferred_i_1/O
                         net (fo=2, routed)           0.803    36.108    cc/fp/c0/Ack_in
    SLICE_X16Y88         LUT4 (Prop_lut4_I3_O)        0.124    36.232 r  cc/fp/c0/nand3_out_inferred_i_1/O
                         net (fo=2, routed)           0.843    37.074    cc/fp/c0/nand3_out
    SLICE_X16Y88         LUT3 (Prop_lut3_I2_O)        0.124    37.198 f  cc/fp/c0/nand2_out_inferred_i_1/O
                         net (fo=1, routed)           0.171    37.369    cc/fp/c0/nand2_out
    SLICE_X16Y88         LUT2 (Prop_lut2_I1_O)        0.124    37.493 r  cc/fp/c0/nand1_out_inferred_i_1/O
                         net (fo=3, routed)           0.688    38.181    cc/fp/c0/delay2/din
    SLICE_X16Y87         LUT1 (Prop_lut1_I0_O)        0.124    38.305 r  cc/fp/c0/delay2/buf_inst_begin/O
                         net (fo=1, routed)           0.670    38.975    cc/fp/c0/delay2/t[0]
    SLICE_X16Y87         LUT1 (Prop_lut1_I0_O)        0.152    39.127 r  cc/fp/c0/delay2/delay_loop[0].buf_inst/O
                         net (fo=1, routed)           0.286    39.413    cc/fp/c0/delay2/t[1]
    SLICE_X16Y87         LUT1 (Prop_lut1_I0_O)        0.341    39.754 r  cc/fp/c0/delay2/delay_loop[1].buf_inst/O
                         net (fo=1, routed)           0.692    40.446    cc/fp/c0/delay2/t[2]
    SLICE_X16Y87         LUT1 (Prop_lut1_I0_O)        0.363    40.809 r  cc/fp/c0/delay2/delay_loop[2].buf_inst/O
                         net (fo=1, routed)           0.455    41.265    cc/fp/c0/delay2/t[3]
    SLICE_X16Y87         LUT1 (Prop_lut1_I0_O)        0.381    41.646 r  cc/fp/c0/delay2/buf_inst_end/O
                         net (fo=1, routed)           0.853    42.499    cc/fp/c0/LB_out
    SLICE_X16Y87         LUT1 (Prop_lut1_I0_O)        0.328    42.827 f  cc/fp/c0/Ack_out_INST_0/O
                         net (fo=2, routed)           0.736    43.563    cc/ps/Ack_in
    SLICE_X19Y84         LUT4 (Prop_lut4_I3_O)        0.124    43.687 r  cc/ps/nand3_out_inferred_i_1/O
                         net (fo=2, routed)           0.517    44.204    cc/ps/nand3_out
    SLICE_X18Y84         LUT3 (Prop_lut3_I2_O)        0.124    44.328 f  cc/ps/nand2_out_inferred_i_1/O
                         net (fo=1, routed)           0.279    44.607    cc/ps/nand2_out
    SLICE_X18Y84         LUT2 (Prop_lut2_I1_O)        0.124    44.731 r  cc/ps/nand1_out_inferred_i_1/O
                         net (fo=3, routed)           0.183    44.914    cc/ps/delay2/din
    SLICE_X18Y84         LUT1 (Prop_lut1_I0_O)        0.124    45.038 r  cc/ps/delay2/buf_inst_begin/O
                         net (fo=1, routed)           0.716    45.754    cc/ps/delay2/t[0]
    SLICE_X19Y82         LUT1 (Prop_lut1_I0_O)        0.124    45.878 r  cc/ps/delay2/delay_loop[0].buf_inst/O
                         net (fo=1, routed)           0.264    46.142    cc/ps/delay2/t[1]
    SLICE_X19Y82         LUT1 (Prop_lut1_I0_O)        0.124    46.266 r  cc/ps/delay2/delay_loop[1].buf_inst/O
                         net (fo=1, routed)           0.656    46.922    cc/ps/delay2/t[2]
    SLICE_X18Y82         LUT1 (Prop_lut1_I0_O)        0.124    47.046 r  cc/ps/delay2/delay_loop[2].buf_inst/O
                         net (fo=1, routed)           0.279    47.325    cc/ps/delay2/t[3]
    SLICE_X18Y82         LUT1 (Prop_lut1_I0_O)        0.124    47.449 r  cc/ps/delay2/delay_loop[3].buf_inst/O
                         net (fo=1, routed)           0.158    47.607    cc/ps/delay2/t[4]
    SLICE_X18Y82         LUT1 (Prop_lut1_I0_O)        0.124    47.731 r  cc/ps/delay2/delay_loop[4].buf_inst/O
                         net (fo=1, routed)           0.433    48.165    cc/ps/delay2/t[5]
    SLICE_X18Y82         LUT1 (Prop_lut1_I0_O)        0.124    48.289 r  cc/ps/delay2/delay_loop[5].buf_inst/O
                         net (fo=1, routed)           1.013    49.301    cc/ps/delay2/t[6]
    SLICE_X19Y77         LUT1 (Prop_lut1_I0_O)        0.124    49.425 r  cc/ps/delay2/delay_loop[6].buf_inst/O
                         net (fo=1, routed)           0.149    49.574    cc/ps/delay2/t[7]
    SLICE_X19Y77         LUT1 (Prop_lut1_I0_O)        0.124    49.698 r  cc/ps/delay2/delay_loop[7].buf_inst/O
                         net (fo=1, routed)           0.154    49.853    cc/ps/delay2/t[8]
    SLICE_X19Y77         LUT1 (Prop_lut1_I0_O)        0.124    49.977 r  cc/ps/delay2/buf_inst_end/O
                         net (fo=1, routed)           1.264    51.241    cc/ps/LB_out
    SLICE_X20Y66         LUT1 (Prop_lut1_I0_O)        0.124    51.365 f  cc/ps/Ack_out_INST_0/O
                         net (fo=1, routed)           0.680    52.045    cc/mmram/Ack_in
    SLICE_X20Y66         LUT2 (Prop_lut2_I0_O)        0.124    52.169 f  cc/mmram/and_out_inferred_i_1/O
                         net (fo=2, routed)           1.217    53.386    cc/mmram/c0/Ack_in
    SLICE_X26Y64         LUT4 (Prop_lut4_I3_O)        0.124    53.510 r  cc/mmram/c0/nand3_out_inferred_i_1/O
                         net (fo=2, routed)           0.680    54.190    cc/mmram/c0/nand3_out
    SLICE_X30Y64         LUT3 (Prop_lut3_I2_O)        0.124    54.314 f  cc/mmram/c0/nand2_out_inferred_i_1/O
                         net (fo=1, routed)           0.286    54.601    cc/mmram/c0/nand2_out
    SLICE_X30Y64         LUT2 (Prop_lut2_I1_O)        0.124    54.725 r  cc/mmram/c0/nand1_out_inferred_i_1/O
                         net (fo=3, routed)           1.053    55.777    cc/mmram/c0/delay2/din
    SLICE_X32Y58         LUT1 (Prop_lut1_I0_O)        0.124    55.901 r  cc/mmram/c0/delay2/buf_inst_begin/O
                         net (fo=1, routed)           0.670    56.571    cc/mmram/c0/delay2/t[0]
    SLICE_X32Y58         LUT1 (Prop_lut1_I0_O)        0.124    56.695 r  cc/mmram/c0/delay2/delay_loop[0].buf_inst/O
                         net (fo=1, routed)           0.466    57.161    cc/mmram/c0/delay2/t[1]
    SLICE_X32Y58         LUT1 (Prop_lut1_I0_O)        0.124    57.285 r  cc/mmram/c0/delay2/delay_loop[1].buf_inst/O
                         net (fo=1, routed)           0.680    57.965    cc/mmram/c0/delay2/t[2]
    SLICE_X32Y58         LUT1 (Prop_lut1_I0_O)        0.150    58.115 r  cc/mmram/c0/delay2/delay_loop[2].buf_inst/O
                         net (fo=1, routed)           0.165    58.281    cc/mmram/c0/delay2/t[3]
    SLICE_X32Y58         LUT1 (Prop_lut1_I0_O)        0.328    58.609 r  cc/mmram/c0/delay2/buf_inst_end/O
                         net (fo=1, routed)           0.655    59.264    cc/mmram/c0/LB_out
    SLICE_X33Y58         LUT1 (Prop_lut1_I0_O)        0.152    59.416 f  cc/mmram/c0/Ack_out_INST_0/O
                         net (fo=2, routed)           0.683    60.099    cc/mmcam/Ack_in
    SLICE_X33Y58         LUT4 (Prop_lut4_I3_O)        0.332    60.431 r  cc/mmcam/nand3_out_inferred_i_1/O
                         net (fo=2, routed)           0.415    60.846    cc/mmcam/nand3_out
    SLICE_X33Y56         LUT3 (Prop_lut3_I2_O)        0.124    60.970 f  cc/mmcam/nand2_out_inferred_i_1/O
                         net (fo=1, routed)           0.264    61.234    cc/mmcam/nand2_out
    SLICE_X33Y56         LUT2 (Prop_lut2_I1_O)        0.124    61.358 r  cc/mmcam/nand1_out_inferred_i_1/O
                         net (fo=3, routed)           0.176    61.534    cc/mmcam/delay2/din
    SLICE_X33Y56         LUT1 (Prop_lut1_I0_O)        0.124    61.658 r  cc/mmcam/delay2/buf_inst_begin/O
                         net (fo=1, routed)           1.036    62.694    cc/mmcam/delay2/t[0]
    SLICE_X39Y56         LUT1 (Prop_lut1_I0_O)        0.124    62.818 r  cc/mmcam/delay2/delay_loop[0].buf_inst/O
                         net (fo=1, routed)           0.264    63.082    cc/mmcam/delay2/t[1]
    SLICE_X39Y56         LUT1 (Prop_lut1_I0_O)        0.124    63.206 r  cc/mmcam/delay2/delay_loop[1].buf_inst/O
                         net (fo=1, routed)           0.149    63.355    cc/mmcam/delay2/t[2]
    SLICE_X39Y56         LUT1 (Prop_lut1_I0_O)        0.124    63.479 r  cc/mmcam/delay2/delay_loop[2].buf_inst/O
                         net (fo=1, routed)           0.433    63.912    cc/mmcam/delay2/t[3]
    SLICE_X39Y56         LUT1 (Prop_lut1_I0_O)        0.124    64.036 r  cc/mmcam/delay2/delay_loop[3].buf_inst/O
                         net (fo=1, routed)           0.875    64.912    cc/mmcam/delay2/t[4]
    SLICE_X38Y56         LUT1 (Prop_lut1_I0_O)        0.124    65.036 r  cc/mmcam/delay2/delay_loop[4].buf_inst/O
                         net (fo=1, routed)           0.830    65.866    cc/mmcam/delay2/t[5]
    SLICE_X38Y55         LUT1 (Prop_lut1_I0_O)        0.124    65.990 r  cc/mmcam/delay2/delay_loop[5].buf_inst/O
                         net (fo=1, routed)           0.680    66.670    cc/mmcam/delay2/t[6]
    SLICE_X38Y55         LUT1 (Prop_lut1_I0_O)        0.150    66.820 r  cc/mmcam/delay2/delay_loop[6].buf_inst/O
                         net (fo=1, routed)           0.478    67.299    cc/mmcam/delay2/t[7]
    SLICE_X38Y55         LUT1 (Prop_lut1_I0_O)        0.321    67.620 r  cc/mmcam/delay2/delay_loop[7].buf_inst/O
                         net (fo=1, routed)           0.286    67.905    cc/mmcam/delay2/t[8]
    SLICE_X38Y55         LUT1 (Prop_lut1_I0_O)        0.348    68.253 r  cc/mmcam/delay2/buf_inst_end/O
                         net (fo=1, routed)           0.607    68.860    cc/mmcam/LB_out
    SLICE_X38Y53         LUT1 (Prop_lut1_I0_O)        0.124    68.984 f  cc/mmcam/Ack_out_INST_0/O
                         net (fo=4, routed)           0.842    69.826    cc/m/CJ2/Ack_in
    SLICE_X38Y52         LUT6 (Prop_lut6_I4_O)        0.124    69.950 r  cc/m/CJ2/nand3_out_inferred_i_1/O
                         net (fo=2, routed)           0.299    70.249    cc/m/CJ2/nand3_out
    SLICE_X38Y52         LUT3 (Prop_lut3_I2_O)        0.124    70.373 f  cc/m/CJ2/nand2_out_inferred_i_1/O
                         net (fo=1, routed)           0.161    70.534    cc/m/CJ2/nand2_out
    SLICE_X38Y52         LUT2 (Prop_lut2_I1_O)        0.124    70.658 r  cc/m/CJ2/nand1_out_inferred_i_1/O
                         net (fo=3, routed)           0.597    71.255    cc/m/CJ2/delay2/din
    SLICE_X36Y52         LUT1 (Prop_lut1_I0_O)        0.124    71.379 r  cc/m/CJ2/delay2/buf_inst_begin/O
                         net (fo=1, routed)           0.279    71.658    cc/m/CJ2/delay2/t[0]
    SLICE_X36Y52         LUT1 (Prop_lut1_I0_O)        0.124    71.782 r  cc/m/CJ2/delay2/delay_loop[0].buf_inst/O
                         net (fo=1, routed)           0.853    72.635    cc/m/CJ2/delay2/t[1]
    SLICE_X36Y52         LUT1 (Prop_lut1_I0_O)        0.124    72.759 r  cc/m/CJ2/delay2/delay_loop[1].buf_inst/O
                         net (fo=1, routed)           0.433    73.192    cc/m/CJ2/delay2/t[2]
    SLICE_X36Y52         LUT1 (Prop_lut1_I0_O)        0.124    73.316 r  cc/m/CJ2/delay2/delay_loop[2].buf_inst/O
                         net (fo=1, routed)           0.674    73.990    cc/m/CJ2/delay2/t[3]
    SLICE_X36Y52         LUT1 (Prop_lut1_I0_O)        0.152    74.142 r  cc/m/CJ2/delay2/delay_loop[3].buf_inst/O
                         net (fo=1, routed)           0.851    74.994    cc/m/CJ2/delay2/t[4]
    SLICE_X36Y52         LUT1 (Prop_lut1_I0_O)        0.354    75.348 r  cc/m/CJ2/delay2/delay_loop[4].buf_inst/O
                         net (fo=1, routed)           0.288    75.635    cc/m/CJ2/delay2/t[5]
    SLICE_X36Y52         LUT1 (Prop_lut1_I0_O)        0.328    75.963 r  cc/m/CJ2/delay2/delay_loop[5].buf_inst/O
                         net (fo=1, routed)           0.811    76.774    cc/m/CJ2/delay2/t[6]
    SLICE_X37Y51         LUT1 (Prop_lut1_I0_O)        0.327    77.101 r  cc/m/CJ2/delay2/delay_loop[6].buf_inst/O
                         net (fo=1, routed)           0.433    77.534    cc/m/CJ2/delay2/t[7]
    SLICE_X37Y51         LUT1 (Prop_lut1_I0_O)        0.124    77.658 r  cc/m/CJ2/delay2/delay_loop[7].buf_inst/O
                         net (fo=1, routed)           0.667    78.325    cc/m/CJ2/delay2/t[8]
    SLICE_X37Y51         LUT1 (Prop_lut1_I0_O)        0.124    78.449 r  cc/m/CJ2/delay2/buf_inst_end/O
                         net (fo=1, routed)           0.433    78.882    cc/m/CJ2/LB_out
    SLICE_X37Y51         LUT1 (Prop_lut1_I0_O)        0.124    79.006 f  cc/m/CJ2/Ack_out_INST_0/O
                         net (fo=2, routed)           0.937    79.943    cc/m/Ack_out_b
    SLICE_X39Y55         LUT3 (Prop_lut3_I1_O)        0.124    80.067 r  cc/m/nand4_out_inferred_i_1/O
                         net (fo=1, routed)           0.433    80.500    cc/m/nand4_out
    SLICE_X39Y55         LUT3 (Prop_lut3_I0_O)        0.124    80.624 f  cc/m/nand3_out_inferred_i_1/O
                         net (fo=2, routed)           0.963    81.587    cc/m/nand3_out
    SLICE_X40Y52         LUT2 (Prop_lut2_I0_O)        0.124    81.711 r  cc/m/nand6_out_inferred_i_1/O
                         net (fo=2, routed)           0.667    82.378    cc/m/nand6_out
    SLICE_X41Y52         LUT3 (Prop_lut3_I2_O)        0.124    82.502 f  cc/m/nand5_out_inferred_i_1/O
                         net (fo=2, routed)           0.814    83.316    cc/m/nand5_out
    SLICE_X40Y52         LUT2 (Prop_lut2_I0_O)        0.124    83.440 r  cc/m/nand7_out_inferred_i_1/O
                         net (fo=2, routed)           0.174    83.614    cc/m/nand7_out
    SLICE_X40Y52         LUT3 (Prop_lut3_I2_O)        0.124    83.738 f  cc/m/nand8_out_inferred_i_1/O
                         net (fo=2, routed)           0.426    84.164    cc/m/CJ1/g
    SLICE_X40Y51         LUT6 (Prop_lut6_I3_O)        0.124    84.288 r  cc/m/CJ1/nand3_out_inferred_i_1/O
                         net (fo=2, routed)           0.682    84.970    cc/m/CJ1/nand3_out
    SLICE_X40Y51         LUT2 (Prop_lut2_I0_O)        0.124    85.094 f  cc/m/CJ1/nand4_out_inferred_i_1/O
                         net (fo=1, routed)           0.650    85.743    cc/m/CJ1/nand4_out
    SLICE_X40Y51         LUT3 (Prop_lut3_I0_O)        0.124    85.867 r  cc/m/CJ1/nand5_out_inferred_i_1/O
                         net (fo=3, routed)           0.679    86.546    cc/m/CJ1/nand5_out
    SLICE_X41Y51         LUT1 (Prop_lut1_I0_O)        0.124    86.670 f  cc/m/CJ1/cp_INST_0/O
                         net (fo=39, routed)          0.845    87.515    cc/m/cp1
    SLICE_X40Y52         LUT1 (Prop_lut1_I0_O)        0.124    87.639 r  cc/m/z1_inferred_i_1/O
                         net (fo=3, routed)           0.447    88.086    cc/m/z1
    SLICE_X41Y55         LUT2 (Prop_lut2_I0_O)        0.124    88.210 r  cc/m/nor2_out_inferred_i_1/O
                         net (fo=39, routed)          2.096    90.306    m/SEL
    SLICE_X42Y73         LUT3 (Prop_lut3_I2_O)        0.124    90.430 r  m/PACKET_OUT[25]_INST_0/O
                         net (fo=129, routed)         6.956    97.386    mmcam/entry_fd_loop[17].ef/color_gen_dest_LR[6]
    SLICE_X34Y69         LUT6 (Prop_lut6_I3_O)        0.124    97.510 r  mmcam/entry_fd_loop[17].ef/FIRE_INST_0_i_7/O
                         net (fo=1, routed)           0.000    97.510    mmcam/entry_fd_loop[17].ef/FIRE_INST_0_i_7_n_0
    SLICE_X34Y69         CARRY4 (Prop_carry4_S[1]_CO[3])
                                                      0.533    98.043 r  mmcam/entry_fd_loop[17].ef/FIRE_INST_0_i_2/CO[3]
                         net (fo=1, routed)           0.000    98.043    mmcam/entry_fd_loop[17].ef/FIRE_INST_0_i_2_n_0
    SLICE_X34Y70         CARRY4 (Prop_carry4_CI_CO[1])
                                                      0.157    98.200 f  mmcam/entry_fd_loop[17].ef/FIRE_INST_0_i_1/CO[1]
                         net (fo=2, routed)           0.781    98.981    mmcam/entry_fd_loop[17].ef/FIRE1
    SLICE_X31Y71         LUT4 (Prop_lut4_I1_O)        0.332    99.313 f  mmcam/entry_fd_loop[17].ef/FIRE_INST_0/O
                         net (fo=7, routed)           0.897   100.210    mmcam/am_or_ma/FIRE[17]
    SLICE_X30Y71         LUT4 (Prop_lut4_I1_O)        0.124   100.334 f  mmcam/am_or_ma/R_ADDR_inferred_i_41/O
                         net (fo=3, routed)           0.616   100.950    mmcam/am_or_ma/R_ADDR_inferred_i_41_n_0
    SLICE_X30Y69         LUT6 (Prop_lut6_I0_O)        0.124   101.074 f  mmcam/am_or_ma/FIRE_OR_inferred_i_7/O
                         net (fo=3, routed)           0.835   101.909    mmcam/am_or_ma/FIRE_OR_inferred_i_7_n_0
    SLICE_X29Y70         LUT6 (Prop_lut6_I1_O)        0.124   102.033 f  mmcam/am_or_ma/FIRE_OR_inferred_i_5/O
                         net (fo=2, routed)           0.989   103.022    mmcam/am_or_ma/FIRE_OR_inferred_i_5_n_0
    SLICE_X26Y74         LUT4 (Prop_lut4_I3_O)        0.124   103.146 f  mmcam/am_or_ma/FIRE_OR_inferred_i_1/O
                         net (fo=31, routed)          1.523   104.669    mmcam/am_or_ma/FIRE_OR
    SLICE_X35Y70         LUT3 (Prop_lut3_I0_O)        0.124   104.793 r  mmcam/am_or_ma/EN[61]_INST_0_i_2/O
                         net (fo=30, routed)          1.738   106.531    mmcam/am_or_ma/EN[61]_INST_0_i_2_n_0
    SLICE_X27Y75         LUT6 (Prop_lut6_I3_O)        0.124   106.655 r  mmcam/am_or_ma/EN[53]_INST_0_i_1/O
                         net (fo=4, routed)           0.989   107.643    mmcam/am_or_ma/EN[53]_INST_0_i_1_n_0
    SLICE_X26Y72         LUT6 (Prop_lut6_I0_O)        0.124   107.767 r  mmcam/am_or_ma/EN[21]_INST_0/O
                         net (fo=20, routed)          1.781   109.548    mmcam/entry_fd_loop[21].ef/EN
    SLICE_X19Y63         FDRE                                         r  mmcam/entry_fd_loop[21].ef/ENTRY_reg[4]/CE
  -------------------------------------------------------------------    -------------------

Slack:                    inf
  Source:                 Ack_in
                            (input port)
  Destination:            mmcam/entry_fd_loop[21].ef/ENTRY_reg[11]/CE
  Path Group:             (none)
  Path Type:              Max at Slow Process Corner
  Data Path Delay:        109.389ns  (logic 21.456ns (19.615%)  route 87.933ns (80.385%))
  Logic Levels:           135  (CARRY4=2 IBUF=1 LUT1=81 LUT2=16 LUT3=17 LUT4=11 LUT6=7)

    Location             Delay type                Incr(ns)  Path(ns)    Netlist Resource(s)
  -------------------------------------------------------------------    -------------------
    P14                                               0.000     0.000 f  Ack_in (IN)
                         net (fo=0)                   0.000     0.000    Ack_in
    P14                  IBUF (Prop_ibuf_I_O)         1.002     1.002 f  Ack_in_IBUF_inst/O
                         net (fo=2, routed)           1.435     2.437    cc/c/Ack_in
    SLICE_X42Y53         LUT4 (Prop_lut4_I3_O)        0.124     2.561 r  cc/c/nand3_out_inferred_i_1/O
                         net (fo=2, routed)           0.459     3.020    cc/c/nand3_out
    SLICE_X42Y54         LUT3 (Prop_lut3_I2_O)        0.124     3.144 f  cc/c/nand2_out_inferred_i_1/O
                         net (fo=1, routed)           0.286     3.431    cc/c/nand2_out
    SLICE_X42Y54         LUT2 (Prop_lut2_I1_O)        0.124     3.555 r  cc/c/nand1_out_inferred_i_1/O
                         net (fo=3, routed)           0.960     4.514    cc/c/delay2/din
    SLICE_X41Y55         LUT1 (Prop_lut1_I0_O)        0.124     4.638 r  cc/c/delay2/buf_inst_begin/O
                         net (fo=1, routed)           0.714     5.353    cc/c/delay2/t[0]
    SLICE_X40Y55         LUT1 (Prop_lut1_I0_O)        0.124     5.477 r  cc/c/delay2/delay_loop[0].buf_inst/O
                         net (fo=1, routed)           0.279     5.756    cc/c/delay2/t[1]
    SLICE_X40Y55         LUT1 (Prop_lut1_I0_O)        0.124     5.880 r  cc/c/delay2/delay_loop[1].buf_inst/O
                         net (fo=1, routed)           0.853     6.732    cc/c/delay2/t[2]
    SLICE_X40Y55         LUT1 (Prop_lut1_I0_O)        0.124     6.856 r  cc/c/delay2/delay_loop[2].buf_inst/O
                         net (fo=1, routed)           0.433     7.290    cc/c/delay2/t[3]
    SLICE_X40Y55         LUT1 (Prop_lut1_I0_O)        0.124     7.414 r  cc/c/delay2/delay_loop[3].buf_inst/O
                         net (fo=1, routed)           0.674     8.088    cc/c/delay2/t[4]
    SLICE_X40Y55         LUT1 (Prop_lut1_I0_O)        0.152     8.240 r  cc/c/delay2/delay_loop[4].buf_inst/O
                         net (fo=1, routed)           0.851     9.091    cc/c/delay2/t[5]
    SLICE_X40Y55         LUT1 (Prop_lut1_I0_O)        0.354     9.445 r  cc/c/delay2/delay_loop[5].buf_inst/O
                         net (fo=1, routed)           0.288     9.733    cc/c/delay2/t[6]
    SLICE_X40Y55         LUT1 (Prop_lut1_I0_O)        0.328    10.061 r  cc/c/delay2/delay_loop[6].buf_inst/O
                         net (fo=1, routed)           0.806    10.867    cc/c/delay2/t[7]
    SLICE_X38Y55         LUT1 (Prop_lut1_I0_O)        0.327    11.194 r  cc/c/delay2/delay_loop[7].buf_inst/O
                         net (fo=1, routed)           0.452    11.646    cc/c/delay2/t[8]
    SLICE_X38Y55         LUT1 (Prop_lut1_I0_O)        0.124    11.770 r  cc/c/delay2/buf_inst_end/O
                         net (fo=1, routed)           0.403    12.173    cc/c/LB_out
    SLICE_X39Y55         LUT1 (Prop_lut1_I0_O)        0.124    12.297 f  cc/c/Ack_out_INST_0/O
                         net (fo=1, routed)           0.263    12.560    cc/b/Ack_in_a
    SLICE_X39Y55         LUT2 (Prop_lut2_I0_O)        0.124    12.684 f  cc/b/and_out_inferred_i_1/O
                         net (fo=2, routed)           0.817    13.501    cc/b/c0/Ack_in
    SLICE_X35Y64         LUT4 (Prop_lut4_I3_O)        0.124    13.625 r  cc/b/c0/nand3_out_inferred_i_1/O
                         net (fo=2, routed)           0.555    14.180    cc/b/c0/nand3_out
    SLICE_X35Y67         LUT3 (Prop_lut3_I2_O)        0.124    14.304 f  cc/b/c0/nand2_out_inferred_i_1/O
                         net (fo=1, routed)           0.264    14.568    cc/b/c0/nand2_out
    SLICE_X35Y67         LUT2 (Prop_lut2_I1_O)        0.124    14.692 r  cc/b/c0/nand1_out_inferred_i_1/O
                         net (fo=3, routed)           0.796    15.488    cc/b/c0/delay2/din
    SLICE_X28Y67         LUT1 (Prop_lut1_I0_O)        0.124    15.612 r  cc/b/c0/delay2/buf_inst_begin/O
                         net (fo=1, routed)           0.286    15.898    cc/b/c0/delay2/t[0]
    SLICE_X28Y67         LUT1 (Prop_lut1_I0_O)        0.124    16.022 r  cc/b/c0/delay2/delay_loop[0].buf_inst/O
                         net (fo=1, routed)           0.161    16.183    cc/b/c0/delay2/t[1]
    SLICE_X28Y67         LUT1 (Prop_lut1_I0_O)        0.124    16.307 r  cc/b/c0/delay2/delay_loop[1].buf_inst/O
                         net (fo=1, routed)           1.322    17.629    cc/b/c0/delay2/t[2]
    SLICE_X25Y78         LUT1 (Prop_lut1_I0_O)        0.124    17.753 r  cc/b/c0/delay2/delay_loop[2].buf_inst/O
                         net (fo=1, routed)           0.623    18.376    cc/b/c0/delay2/t[3]
    SLICE_X24Y86         LUT1 (Prop_lut1_I0_O)        0.124    18.500 r  cc/b/c0/delay2/buf_inst_end/O
                         net (fo=1, routed)           0.452    18.952    cc/b/c0/LB_out
    SLICE_X24Y86         LUT1 (Prop_lut1_I0_O)        0.124    19.076 f  cc/b/c0/Ack_out_INST_0/O
                         net (fo=4, routed)           0.598    19.674    cc/copy/Ack_in
    SLICE_X22Y89         LUT3 (Prop_lut3_I0_O)        0.124    19.798 f  cc/copy/and2_out_inferred_i_1/O
                         net (fo=2, routed)           0.967    20.765    cc/copy/CF1/Ack_in
    SLICE_X20Y91         LUT4 (Prop_lut4_I3_O)        0.124    20.889 r  cc/copy/CF1/nand3_out_inferred_i_1/O
                         net (fo=2, routed)           0.298    21.187    cc/copy/CF1/nand3_out
    SLICE_X20Y91         LUT3 (Prop_lut3_I2_O)        0.124    21.311 f  cc/copy/CF1/nand2_out_inferred_i_1/O
                         net (fo=1, routed)           0.656    21.967    cc/copy/CF1/nand2_out
    SLICE_X21Y91         LUT2 (Prop_lut2_I1_O)        0.124    22.091 r  cc/copy/CF1/nand1_out_inferred_i_1/O
                         net (fo=3, routed)           0.832    22.923    cc/copy/CF1/delay2/din
    SLICE_X21Y92         LUT1 (Prop_lut1_I0_O)        0.124    23.047 r  cc/copy/CF1/delay2/buf_inst_begin/O
                         net (fo=1, routed)           0.867    23.914    cc/copy/CF1/delay2/t[0]
    SLICE_X20Y92         LUT1 (Prop_lut1_I0_O)        0.124    24.038 r  cc/copy/CF1/delay2/delay_loop[0].buf_inst/O
                         net (fo=1, routed)           0.161    24.199    cc/copy/CF1/delay2/t[1]
    SLICE_X20Y92         LUT1 (Prop_lut1_I0_O)        0.124    24.323 r  cc/copy/CF1/delay2/delay_loop[1].buf_inst/O
                         net (fo=1, routed)           0.466    24.789    cc/copy/CF1/delay2/t[2]
    SLICE_X20Y92         LUT1 (Prop_lut1_I0_O)        0.124    24.913 r  cc/copy/CF1/delay2/delay_loop[2].buf_inst/O
                         net (fo=1, routed)           0.680    25.593    cc/copy/CF1/delay2/t[3]
    SLICE_X20Y92         LUT1 (Prop_lut1_I0_O)        0.124    25.717 r  cc/copy/CF1/delay2/buf_inst_end/O
                         net (fo=1, routed)           0.493    26.210    cc/copy/CF1/LB_out
    SLICE_X21Y92         LUT1 (Prop_lut1_I0_O)        0.124    26.334 f  cc/copy/CF1/Ack_out_INST_0/O
                         net (fo=2, routed)           0.580    26.914    cc/ma/Ack_in
    SLICE_X19Y89         LUT4 (Prop_lut4_I3_O)        0.124    27.038 r  cc/ma/nand3_out_inferred_i_1/O
                         net (fo=2, routed)           0.957    27.995    cc/ma/nand3_out
    SLICE_X20Y89         LUT3 (Prop_lut3_I2_O)        0.124    28.119 f  cc/ma/nand2_out_inferred_i_1/O
                         net (fo=1, routed)           0.286    28.405    cc/ma/nand2_out
    SLICE_X20Y89         LUT2 (Prop_lut2_I1_O)        0.124    28.529 r  cc/ma/nand1_out_inferred_i_1/O
                         net (fo=3, routed)           0.838    29.368    cc/ma/delay2/din
    SLICE_X16Y91         LUT1 (Prop_lut1_I0_O)        0.124    29.492 r  cc/ma/delay2/buf_inst_begin/O
                         net (fo=1, routed)           0.286    29.778    cc/ma/delay2/t[0]
    SLICE_X16Y91         LUT1 (Prop_lut1_I0_O)        0.124    29.902 r  cc/ma/delay2/delay_loop[0].buf_inst/O
                         net (fo=1, routed)           0.161    30.063    cc/ma/delay2/t[1]
    SLICE_X16Y91         LUT1 (Prop_lut1_I0_O)        0.124    30.187 r  cc/ma/delay2/delay_loop[1].buf_inst/O
                         net (fo=1, routed)           0.466    30.653    cc/ma/delay2/t[2]
    SLICE_X16Y91         LUT1 (Prop_lut1_I0_O)        0.124    30.777 r  cc/ma/delay2/delay_loop[2].buf_inst/O
                         net (fo=1, routed)           0.821    31.598    cc/ma/delay2/t[3]
    SLICE_X16Y90         LUT1 (Prop_lut1_I0_O)        0.124    31.722 r  cc/ma/delay2/delay_loop[3].buf_inst/O
                         net (fo=1, routed)           0.286    32.008    cc/ma/delay2/t[4]
    SLICE_X16Y90         LUT1 (Prop_lut1_I0_O)        0.124    32.132 r  cc/ma/delay2/delay_loop[4].buf_inst/O
                         net (fo=1, routed)           0.161    32.293    cc/ma/delay2/t[5]
    SLICE_X16Y90         LUT1 (Prop_lut1_I0_O)        0.124    32.417 r  cc/ma/delay2/delay_loop[5].buf_inst/O
                         net (fo=1, routed)           0.466    32.883    cc/ma/delay2/t[6]
    SLICE_X16Y90         LUT1 (Prop_lut1_I0_O)        0.124    33.007 r  cc/ma/delay2/delay_loop[6].buf_inst/O
                         net (fo=1, routed)           0.707    33.714    cc/ma/delay2/t[7]
    SLICE_X18Y88         LUT1 (Prop_lut1_I0_O)        0.124    33.838 r  cc/ma/delay2/delay_loop[7].buf_inst/O
                         net (fo=1, routed)           0.280    34.118    cc/ma/delay2/t[8]
    SLICE_X18Y88         LUT1 (Prop_lut1_I0_O)        0.124    34.242 r  cc/ma/delay2/buf_inst_end/O
                         net (fo=1, routed)           0.159    34.401    cc/ma/LB_out
    SLICE_X18Y88         LUT1 (Prop_lut1_I0_O)        0.124    34.525 f  cc/ma/Ack_out_INST_0/O
                         net (fo=1, routed)           0.656    35.181    cc/fp/Ack_in
    SLICE_X19Y88         LUT2 (Prop_lut2_I0_O)        0.124    35.305 f  cc/fp/and_out_inferred_i_1/O
                         net (fo=2, routed)           0.803    36.108    cc/fp/c0/Ack_in
    SLICE_X16Y88         LUT4 (Prop_lut4_I3_O)        0.124    36.232 r  cc/fp/c0/nand3_out_inferred_i_1/O
                         net (fo=2, routed)           0.843    37.074    cc/fp/c0/nand3_out
    SLICE_X16Y88         LUT3 (Prop_lut3_I2_O)        0.124    37.198 f  cc/fp/c0/nand2_out_inferred_i_1/O
                         net (fo=1, routed)           0.171    37.369    cc/fp/c0/nand2_out
    SLICE_X16Y88         LUT2 (Prop_lut2_I1_O)        0.124    37.493 r  cc/fp/c0/nand1_out_inferred_i_1/O
                         net (fo=3, routed)           0.688    38.181    cc/fp/c0/delay2/din
    SLICE_X16Y87         LUT1 (Prop_lut1_I0_O)        0.124    38.305 r  cc/fp/c0/delay2/buf_inst_begin/O
                         net (fo=1, routed)           0.670    38.975    cc/fp/c0/delay2/t[0]
    SLICE_X16Y87         LUT1 (Prop_lut1_I0_O)        0.152    39.127 r  cc/fp/c0/delay2/delay_loop[0].buf_inst/O
                         net (fo=1, routed)           0.286    39.413    cc/fp/c0/delay2/t[1]
    SLICE_X16Y87         LUT1 (Prop_lut1_I0_O)        0.341    39.754 r  cc/fp/c0/delay2/delay_loop[1].buf_inst/O
                         net (fo=1, routed)           0.692    40.446    cc/fp/c0/delay2/t[2]
    SLICE_X16Y87         LUT1 (Prop_lut1_I0_O)        0.363    40.809 r  cc/fp/c0/delay2/delay_loop[2].buf_inst/O
                         net (fo=1, routed)           0.455    41.265    cc/fp/c0/delay2/t[3]
    SLICE_X16Y87         LUT1 (Prop_lut1_I0_O)        0.381    41.646 r  cc/fp/c0/delay2/buf_inst_end/O
                         net (fo=1, routed)           0.853    42.499    cc/fp/c0/LB_out
    SLICE_X16Y87         LUT1 (Prop_lut1_I0_O)        0.328    42.827 f  cc/fp/c0/Ack_out_INST_0/O
                         net (fo=2, routed)           0.736    43.563    cc/ps/Ack_in
    SLICE_X19Y84         LUT4 (Prop_lut4_I3_O)        0.124    43.687 r  cc/ps/nand3_out_inferred_i_1/O
                         net (fo=2, routed)           0.517    44.204    cc/ps/nand3_out
    SLICE_X18Y84         LUT3 (Prop_lut3_I2_O)        0.124    44.328 f  cc/ps/nand2_out_inferred_i_1/O
                         net (fo=1, routed)           0.279    44.607    cc/ps/nand2_out
    SLICE_X18Y84         LUT2 (Prop_lut2_I1_O)        0.124    44.731 r  cc/ps/nand1_out_inferred_i_1/O
                         net (fo=3, routed)           0.183    44.914    cc/ps/delay2/din
    SLICE_X18Y84         LUT1 (Prop_lut1_I0_O)        0.124    45.038 r  cc/ps/delay2/buf_inst_begin/O
                         net (fo=1, routed)           0.716    45.754    cc/ps/delay2/t[0]
    SLICE_X19Y82         LUT1 (Prop_lut1_I0_O)        0.124    45.878 r  cc/ps/delay2/delay_loop[0].buf_inst/O
                         net (fo=1, routed)           0.264    46.142    cc/ps/delay2/t[1]
    SLICE_X19Y82         LUT1 (Prop_lut1_I0_O)        0.124    46.266 r  cc/ps/delay2/delay_loop[1].buf_inst/O
                         net (fo=1, routed)           0.656    46.922    cc/ps/delay2/t[2]
    SLICE_X18Y82         LUT1 (Prop_lut1_I0_O)        0.124    47.046 r  cc/ps/delay2/delay_loop[2].buf_inst/O
                         net (fo=1, routed)           0.279    47.325    cc/ps/delay2/t[3]
    SLICE_X18Y82         LUT1 (Prop_lut1_I0_O)        0.124    47.449 r  cc/ps/delay2/delay_loop[3].buf_inst/O
                         net (fo=1, routed)           0.158    47.607    cc/ps/delay2/t[4]
    SLICE_X18Y82         LUT1 (Prop_lut1_I0_O)        0.124    47.731 r  cc/ps/delay2/delay_loop[4].buf_inst/O
                         net (fo=1, routed)           0.433    48.165    cc/ps/delay2/t[5]
    SLICE_X18Y82         LUT1 (Prop_lut1_I0_O)        0.124    48.289 r  cc/ps/delay2/delay_loop[5].buf_inst/O
                         net (fo=1, routed)           1.013    49.301    cc/ps/delay2/t[6]
    SLICE_X19Y77         LUT1 (Prop_lut1_I0_O)        0.124    49.425 r  cc/ps/delay2/delay_loop[6].buf_inst/O
                         net (fo=1, routed)           0.149    49.574    cc/ps/delay2/t[7]
    SLICE_X19Y77         LUT1 (Prop_lut1_I0_O)        0.124    49.698 r  cc/ps/delay2/delay_loop[7].buf_inst/O
                         net (fo=1, routed)           0.154    49.853    cc/ps/delay2/t[8]
    SLICE_X19Y77         LUT1 (Prop_lut1_I0_O)        0.124    49.977 r  cc/ps/delay2/buf_inst_end/O
                         net (fo=1, routed)           1.264    51.241    cc/ps/LB_out
    SLICE_X20Y66         LUT1 (Prop_lut1_I0_O)        0.124    51.365 f  cc/ps/Ack_out_INST_0/O
                         net (fo=1, routed)           0.680    52.045    cc/mmram/Ack_in
    SLICE_X20Y66         LUT2 (Prop_lut2_I0_O)        0.124    52.169 f  cc/mmram/and_out_inferred_i_1/O
                         net (fo=2, routed)           1.217    53.386    cc/mmram/c0/Ack_in
    SLICE_X26Y64         LUT4 (Prop_lut4_I3_O)        0.124    53.510 r  cc/mmram/c0/nand3_out_inferred_i_1/O
                         net (fo=2, routed)           0.680    54.190    cc/mmram/c0/nand3_out
    SLICE_X30Y64         LUT3 (Prop_lut3_I2_O)        0.124    54.314 f  cc/mmram/c0/nand2_out_inferred_i_1/O
                         net (fo=1, routed)           0.286    54.601    cc/mmram/c0/nand2_out
    SLICE_X30Y64         LUT2 (Prop_lut2_I1_O)        0.124    54.725 r  cc/mmram/c0/nand1_out_inferred_i_1/O
                         net (fo=3, routed)           1.053    55.777    cc/mmram/c0/delay2/din
    SLICE_X32Y58         LUT1 (Prop_lut1_I0_O)        0.124    55.901 r  cc/mmram/c0/delay2/buf_inst_begin/O
                         net (fo=1, routed)           0.670    56.571    cc/mmram/c0/delay2/t[0]
    SLICE_X32Y58         LUT1 (Prop_lut1_I0_O)        0.124    56.695 r  cc/mmram/c0/delay2/delay_loop[0].buf_inst/O
                         net (fo=1, routed)           0.466    57.161    cc/mmram/c0/delay2/t[1]
    SLICE_X32Y58         LUT1 (Prop_lut1_I0_O)        0.124    57.285 r  cc/mmram/c0/delay2/delay_loop[1].buf_inst/O
                         net (fo=1, routed)           0.680    57.965    cc/mmram/c0/delay2/t[2]
    SLICE_X32Y58         LUT1 (Prop_lut1_I0_O)        0.150    58.115 r  cc/mmram/c0/delay2/delay_loop[2].buf_inst/O
                         net (fo=1, routed)           0.165    58.281    cc/mmram/c0/delay2/t[3]
    SLICE_X32Y58         LUT1 (Prop_lut1_I0_O)        0.328    58.609 r  cc/mmram/c0/delay2/buf_inst_end/O
                         net (fo=1, routed)           0.655    59.264    cc/mmram/c0/LB_out
    SLICE_X33Y58         LUT1 (Prop_lut1_I0_O)        0.152    59.416 f  cc/mmram/c0/Ack_out_INST_0/O
                         net (fo=2, routed)           0.683    60.099    cc/mmcam/Ack_in
    SLICE_X33Y58         LUT4 (Prop_lut4_I3_O)        0.332    60.431 r  cc/mmcam/nand3_out_inferred_i_1/O
                         net (fo=2, routed)           0.415    60.846    cc/mmcam/nand3_out
    SLICE_X33Y56         LUT3 (Prop_lut3_I2_O)        0.124    60.970 f  cc/mmcam/nand2_out_inferred_i_1/O
                         net (fo=1, routed)           0.264    61.234    cc/mmcam/nand2_out
    SLICE_X33Y56         LUT2 (Prop_lut2_I1_O)        0.124    61.358 r  cc/mmcam/nand1_out_inferred_i_1/O
                         net (fo=3, routed)           0.176    61.534    cc/mmcam/delay2/din
    SLICE_X33Y56         LUT1 (Prop_lut1_I0_O)        0.124    61.658 r  cc/mmcam/delay2/buf_inst_begin/O
                         net (fo=1, routed)           1.036    62.694    cc/mmcam/delay2/t[0]
    SLICE_X39Y56         LUT1 (Prop_lut1_I0_O)        0.124    62.818 r  cc/mmcam/delay2/delay_loop[0].buf_inst/O
                         net (fo=1, routed)           0.264    63.082    cc/mmcam/delay2/t[1]
    SLICE_X39Y56         LUT1 (Prop_lut1_I0_O)        0.124    63.206 r  cc/mmcam/delay2/delay_loop[1].buf_inst/O
                         net (fo=1, routed)           0.149    63.355    cc/mmcam/delay2/t[2]
    SLICE_X39Y56         LUT1 (Prop_lut1_I0_O)        0.124    63.479 r  cc/mmcam/delay2/delay_loop[2].buf_inst/O
                         net (fo=1, routed)           0.433    63.912    cc/mmcam/delay2/t[3]
    SLICE_X39Y56         LUT1 (Prop_lut1_I0_O)        0.124    64.036 r  cc/mmcam/delay2/delay_loop[3].buf_inst/O
                         net (fo=1, routed)           0.875    64.912    cc/mmcam/delay2/t[4]
    SLICE_X38Y56         LUT1 (Prop_lut1_I0_O)        0.124    65.036 r  cc/mmcam/delay2/delay_loop[4].buf_inst/O
                         net (fo=1, routed)           0.830    65.866    cc/mmcam/delay2/t[5]
    SLICE_X38Y55         LUT1 (Prop_lut1_I0_O)        0.124    65.990 r  cc/mmcam/delay2/delay_loop[5].buf_inst/O
                         net (fo=1, routed)           0.680    66.670    cc/mmcam/delay2/t[6]
    SLICE_X38Y55         LUT1 (Prop_lut1_I0_O)        0.150    66.820 r  cc/mmcam/delay2/delay_loop[6].buf_inst/O
                         net (fo=1, routed)           0.478    67.299    cc/mmcam/delay2/t[7]
    SLICE_X38Y55         LUT1 (Prop_lut1_I0_O)        0.321    67.620 r  cc/mmcam/delay2/delay_loop[7].buf_inst/O
                         net (fo=1, routed)           0.286    67.905    cc/mmcam/delay2/t[8]
    SLICE_X38Y55         LUT1 (Prop_lut1_I0_O)        0.348    68.253 r  cc/mmcam/delay2/buf_inst_end/O
                         net (fo=1, routed)           0.607    68.860    cc/mmcam/LB_out
    SLICE_X38Y53         LUT1 (Prop_lut1_I0_O)        0.124    68.984 f  cc/mmcam/Ack_out_INST_0/O
                         net (fo=4, routed)           0.842    69.826    cc/m/CJ2/Ack_in
    SLICE_X38Y52         LUT6 (Prop_lut6_I4_O)        0.124    69.950 r  cc/m/CJ2/nand3_out_inferred_i_1/O
                         net (fo=2, routed)           0.299    70.249    cc/m/CJ2/nand3_out
    SLICE_X38Y52         LUT3 (Prop_lut3_I2_O)        0.124    70.373 f  cc/m/CJ2/nand2_out_inferred_i_1/O
                         net (fo=1, routed)           0.161    70.534    cc/m/CJ2/nand2_out
    SLICE_X38Y52         LUT2 (Prop_lut2_I1_O)        0.124    70.658 r  cc/m/CJ2/nand1_out_inferred_i_1/O
                         net (fo=3, routed)           0.597    71.255    cc/m/CJ2/delay2/din
    SLICE_X36Y52         LUT1 (Prop_lut1_I0_O)        0.124    71.379 r  cc/m/CJ2/delay2/buf_inst_begin/O
                         net (fo=1, routed)           0.279    71.658    cc/m/CJ2/delay2/t[0]
    SLICE_X36Y52         LUT1 (Prop_lut1_I0_O)        0.124    71.782 r  cc/m/CJ2/delay2/delay_loop[0].buf_inst/O
                         net (fo=1, routed)           0.853    72.635    cc/m/CJ2/delay2/t[1]
    SLICE_X36Y52         LUT1 (Prop_lut1_I0_O)        0.124    72.759 r  cc/m/CJ2/delay2/delay_loop[1].buf_inst/O
                         net (fo=1, routed)           0.433    73.192    cc/m/CJ2/delay2/t[2]
    SLICE_X36Y52         LUT1 (Prop_lut1_I0_O)        0.124    73.316 r  cc/m/CJ2/delay2/delay_loop[2].buf_inst/O
                         net (fo=1, routed)           0.674    73.990    cc/m/CJ2/delay2/t[3]
    SLICE_X36Y52         LUT1 (Prop_lut1_I0_O)        0.152    74.142 r  cc/m/CJ2/delay2/delay_loop[3].buf_inst/O
                         net (fo=1, routed)           0.851    74.994    cc/m/CJ2/delay2/t[4]
    SLICE_X36Y52         LUT1 (Prop_lut1_I0_O)        0.354    75.348 r  cc/m/CJ2/delay2/delay_loop[4].buf_inst/O
                         net (fo=1, routed)           0.288    75.635    cc/m/CJ2/delay2/t[5]
    SLICE_X36Y52         LUT1 (Prop_lut1_I0_O)        0.328    75.963 r  cc/m/CJ2/delay2/delay_loop[5].buf_inst/O
                         net (fo=1, routed)           0.811    76.774    cc/m/CJ2/delay2/t[6]
    SLICE_X37Y51         LUT1 (Prop_lut1_I0_O)        0.327    77.101 r  cc/m/CJ2/delay2/delay_loop[6].buf_inst/O
                         net (fo=1, routed)           0.433    77.534    cc/m/CJ2/delay2/t[7]
    SLICE_X37Y51         LUT1 (Prop_lut1_I0_O)        0.124    77.658 r  cc/m/CJ2/delay2/delay_loop[7].buf_inst/O
                         net (fo=1, routed)           0.667    78.325    cc/m/CJ2/delay2/t[8]
    SLICE_X37Y51         LUT1 (Prop_lut1_I0_O)        0.124    78.449 r  cc/m/CJ2/delay2/buf_inst_end/O
                         net (fo=1, routed)           0.433    78.882    cc/m/CJ2/LB_out
    SLICE_X37Y51         LUT1 (Prop_lut1_I0_O)        0.124    79.006 f  cc/m/CJ2/Ack_out_INST_0/O
                         net (fo=2, routed)           0.937    79.943    cc/m/Ack_out_b
    SLICE_X39Y55         LUT3 (Prop_lut3_I1_O)        0.124    80.067 r  cc/m/nand4_out_inferred_i_1/O
                         net (fo=1, routed)           0.433    80.500    cc/m/nand4_out
    SLICE_X39Y55         LUT3 (Prop_lut3_I0_O)        0.124    80.624 f  cc/m/nand3_out_inferred_i_1/O
                         net (fo=2, routed)           0.963    81.587    cc/m/nand3_out
    SLICE_X40Y52         LUT2 (Prop_lut2_I0_O)        0.124    81.711 r  cc/m/nand6_out_inferred_i_1/O
                         net (fo=2, routed)           0.667    82.378    cc/m/nand6_out
    SLICE_X41Y52         LUT3 (Prop_lut3_I2_O)        0.124    82.502 f  cc/m/nand5_out_inferred_i_1/O
                         net (fo=2, routed)           0.814    83.316    cc/m/nand5_out
    SLICE_X40Y52         LUT2 (Prop_lut2_I0_O)        0.124    83.440 r  cc/m/nand7_out_inferred_i_1/O
                         net (fo=2, routed)           0.174    83.614    cc/m/nand7_out
    SLICE_X40Y52         LUT3 (Prop_lut3_I2_O)        0.124    83.738 f  cc/m/nand8_out_inferred_i_1/O
                         net (fo=2, routed)           0.426    84.164    cc/m/CJ1/g
    SLICE_X40Y51         LUT6 (Prop_lut6_I3_O)        0.124    84.288 r  cc/m/CJ1/nand3_out_inferred_i_1/O
                         net (fo=2, routed)           0.682    84.970    cc/m/CJ1/nand3_out
    SLICE_X40Y51         LUT2 (Prop_lut2_I0_O)        0.124    85.094 f  cc/m/CJ1/nand4_out_inferred_i_1/O
                         net (fo=1, routed)           0.650    85.743    cc/m/CJ1/nand4_out
    SLICE_X40Y51         LUT3 (Prop_lut3_I0_O)        0.124    85.867 r  cc/m/CJ1/nand5_out_inferred_i_1/O
                         net (fo=3, routed)           0.679    86.546    cc/m/CJ1/nand5_out
    SLICE_X41Y51         LUT1 (Prop_lut1_I0_O)        0.124    86.670 f  cc/m/CJ1/cp_INST_0/O
                         net (fo=39, routed)          0.845    87.515    cc/m/cp1
    SLICE_X40Y52         LUT1 (Prop_lut1_I0_O)        0.124    87.639 r  cc/m/z1_inferred_i_1/O
                         net (fo=3, routed)           0.447    88.086    cc/m/z1
    SLICE_X41Y55         LUT2 (Prop_lut2_I0_O)        0.124    88.210 r  cc/m/nor2_out_inferred_i_1/O
                         net (fo=39, routed)          2.096    90.306    m/SEL
    SLICE_X42Y73         LUT3 (Prop_lut3_I2_O)        0.124    90.430 r  m/PACKET_OUT[25]_INST_0/O
                         net (fo=129, routed)         6.956    97.386    mmcam/entry_fd_loop[17].ef/color_gen_dest_LR[6]
    SLICE_X34Y69         LUT6 (Prop_lut6_I3_O)        0.124    97.510 r  mmcam/entry_fd_loop[17].ef/FIRE_INST_0_i_7/O
                         net (fo=1, routed)           0.000    97.510    mmcam/entry_fd_loop[17].ef/FIRE_INST_0_i_7_n_0
    SLICE_X34Y69         CARRY4 (Prop_carry4_S[1]_CO[3])
                                                      0.533    98.043 r  mmcam/entry_fd_loop[17].ef/FIRE_INST_0_i_2/CO[3]
                         net (fo=1, routed)           0.000    98.043    mmcam/entry_fd_loop[17].ef/FIRE_INST_0_i_2_n_0
    SLICE_X34Y70         CARRY4 (Prop_carry4_CI_CO[1])
                                                      0.157    98.200 f  mmcam/entry_fd_loop[17].ef/FIRE_INST_0_i_1/CO[1]
                         net (fo=2, routed)           0.781    98.981    mmcam/entry_fd_loop[17].ef/FIRE1
    SLICE_X31Y71         LUT4 (Prop_lut4_I1_O)        0.332    99.313 f  mmcam/entry_fd_loop[17].ef/FIRE_INST_0/O
                         net (fo=7, routed)           0.897   100.210    mmcam/am_or_ma/FIRE[17]
    SLICE_X30Y71         LUT4 (Prop_lut4_I1_O)        0.124   100.334 f  mmcam/am_or_ma/R_ADDR_inferred_i_41/O
                         net (fo=3, routed)           0.616   100.950    mmcam/am_or_ma/R_ADDR_inferred_i_41_n_0
    SLICE_X30Y69         LUT6 (Prop_lut6_I0_O)        0.124   101.074 f  mmcam/am_or_ma/FIRE_OR_inferred_i_7/O
                         net (fo=3, routed)           0.835   101.909    mmcam/am_or_ma/FIRE_OR_inferred_i_7_n_0
    SLICE_X29Y70         LUT6 (Prop_lut6_I1_O)        0.124   102.033 f  mmcam/am_or_ma/FIRE_OR_inferred_i_5/O
                         net (fo=2, routed)           0.989   103.022    mmcam/am_or_ma/FIRE_OR_inferred_i_5_n_0
    SLICE_X26Y74         LUT4 (Prop_lut4_I3_O)        0.124   103.146 f  mmcam/am_or_ma/FIRE_OR_inferred_i_1/O
                         net (fo=31, routed)          1.523   104.669    mmcam/am_or_ma/FIRE_OR
    SLICE_X35Y70         LUT3 (Prop_lut3_I0_O)        0.124   104.793 r  mmcam/am_or_ma/EN[61]_INST_0_i_2/O
                         net (fo=30, routed)          1.738   106.531    mmcam/am_or_ma/EN[61]_INST_0_i_2_n_0
    SLICE_X27Y75         LUT6 (Prop_lut6_I3_O)        0.124   106.655 r  mmcam/am_or_ma/EN[53]_INST_0_i_1/O
                         net (fo=4, routed)           0.989   107.643    mmcam/am_or_ma/EN[53]_INST_0_i_1_n_0
    SLICE_X26Y72         LUT6 (Prop_lut6_I0_O)        0.124   107.767 r  mmcam/am_or_ma/EN[21]_INST_0/O
                         net (fo=20, routed)          1.622   109.389    mmcam/entry_fd_loop[21].ef/EN
    SLICE_X21Y64         FDRE                                         r  mmcam/entry_fd_loop[21].ef/ENTRY_reg[11]/CE
  -------------------------------------------------------------------    -------------------

Slack:                    inf
  Source:                 Ack_in
                            (input port)
  Destination:            mmcam/entry_fd_loop[21].ef/ENTRY_reg[13]/CE
  Path Group:             (none)
  Path Type:              Max at Slow Process Corner
  Data Path Delay:        109.389ns  (logic 21.456ns (19.615%)  route 87.933ns (80.385%))
  Logic Levels:           135  (CARRY4=2 IBUF=1 LUT1=81 LUT2=16 LUT3=17 LUT4=11 LUT6=7)

    Location             Delay type                Incr(ns)  Path(ns)    Netlist Resource(s)
  -------------------------------------------------------------------    -------------------
    P14                                               0.000     0.000 f  Ack_in (IN)
                         net (fo=0)                   0.000     0.000    Ack_in
    P14                  IBUF (Prop_ibuf_I_O)         1.002     1.002 f  Ack_in_IBUF_inst/O
                         net (fo=2, routed)           1.435     2.437    cc/c/Ack_in
    SLICE_X42Y53         LUT4 (Prop_lut4_I3_O)        0.124     2.561 r  cc/c/nand3_out_inferred_i_1/O
                         net (fo=2, routed)           0.459     3.020    cc/c/nand3_out
    SLICE_X42Y54         LUT3 (Prop_lut3_I2_O)        0.124     3.144 f  cc/c/nand2_out_inferred_i_1/O
                         net (fo=1, routed)           0.286     3.431    cc/c/nand2_out
    SLICE_X42Y54         LUT2 (Prop_lut2_I1_O)        0.124     3.555 r  cc/c/nand1_out_inferred_i_1/O
                         net (fo=3, routed)           0.960     4.514    cc/c/delay2/din
    SLICE_X41Y55         LUT1 (Prop_lut1_I0_O)        0.124     4.638 r  cc/c/delay2/buf_inst_begin/O
                         net (fo=1, routed)           0.714     5.353    cc/c/delay2/t[0]
    SLICE_X40Y55         LUT1 (Prop_lut1_I0_O)        0.124     5.477 r  cc/c/delay2/delay_loop[0].buf_inst/O
                         net (fo=1, routed)           0.279     5.756    cc/c/delay2/t[1]
    SLICE_X40Y55         LUT1 (Prop_lut1_I0_O)        0.124     5.880 r  cc/c/delay2/delay_loop[1].buf_inst/O
                         net (fo=1, routed)           0.853     6.732    cc/c/delay2/t[2]
    SLICE_X40Y55         LUT1 (Prop_lut1_I0_O)        0.124     6.856 r  cc/c/delay2/delay_loop[2].buf_inst/O
                         net (fo=1, routed)           0.433     7.290    cc/c/delay2/t[3]
    SLICE_X40Y55         LUT1 (Prop_lut1_I0_O)        0.124     7.414 r  cc/c/delay2/delay_loop[3].buf_inst/O
                         net (fo=1, routed)           0.674     8.088    cc/c/delay2/t[4]
    SLICE_X40Y55         LUT1 (Prop_lut1_I0_O)        0.152     8.240 r  cc/c/delay2/delay_loop[4].buf_inst/O
                         net (fo=1, routed)           0.851     9.091    cc/c/delay2/t[5]
    SLICE_X40Y55         LUT1 (Prop_lut1_I0_O)        0.354     9.445 r  cc/c/delay2/delay_loop[5].buf_inst/O
                         net (fo=1, routed)           0.288     9.733    cc/c/delay2/t[6]
    SLICE_X40Y55         LUT1 (Prop_lut1_I0_O)        0.328    10.061 r  cc/c/delay2/delay_loop[6].buf_inst/O
                         net (fo=1, routed)           0.806    10.867    cc/c/delay2/t[7]
    SLICE_X38Y55         LUT1 (Prop_lut1_I0_O)        0.327    11.194 r  cc/c/delay2/delay_loop[7].buf_inst/O
                         net (fo=1, routed)           0.452    11.646    cc/c/delay2/t[8]
    SLICE_X38Y55         LUT1 (Prop_lut1_I0_O)        0.124    11.770 r  cc/c/delay2/buf_inst_end/O
                         net (fo=1, routed)           0.403    12.173    cc/c/LB_out
    SLICE_X39Y55         LUT1 (Prop_lut1_I0_O)        0.124    12.297 f  cc/c/Ack_out_INST_0/O
                         net (fo=1, routed)           0.263    12.560    cc/b/Ack_in_a
    SLICE_X39Y55         LUT2 (Prop_lut2_I0_O)        0.124    12.684 f  cc/b/and_out_inferred_i_1/O
                         net (fo=2, routed)           0.817    13.501    cc/b/c0/Ack_in
    SLICE_X35Y64         LUT4 (Prop_lut4_I3_O)        0.124    13.625 r  cc/b/c0/nand3_out_inferred_i_1/O
                         net (fo=2, routed)           0.555    14.180    cc/b/c0/nand3_out
    SLICE_X35Y67         LUT3 (Prop_lut3_I2_O)        0.124    14.304 f  cc/b/c0/nand2_out_inferred_i_1/O
                         net (fo=1, routed)           0.264    14.568    cc/b/c0/nand2_out
    SLICE_X35Y67         LUT2 (Prop_lut2_I1_O)        0.124    14.692 r  cc/b/c0/nand1_out_inferred_i_1/O
                         net (fo=3, routed)           0.796    15.488    cc/b/c0/delay2/din
    SLICE_X28Y67         LUT1 (Prop_lut1_I0_O)        0.124    15.612 r  cc/b/c0/delay2/buf_inst_begin/O
                         net (fo=1, routed)           0.286    15.898    cc/b/c0/delay2/t[0]
    SLICE_X28Y67         LUT1 (Prop_lut1_I0_O)        0.124    16.022 r  cc/b/c0/delay2/delay_loop[0].buf_inst/O
                         net (fo=1, routed)           0.161    16.183    cc/b/c0/delay2/t[1]
    SLICE_X28Y67         LUT1 (Prop_lut1_I0_O)        0.124    16.307 r  cc/b/c0/delay2/delay_loop[1].buf_inst/O
                         net (fo=1, routed)           1.322    17.629    cc/b/c0/delay2/t[2]
    SLICE_X25Y78         LUT1 (Prop_lut1_I0_O)        0.124    17.753 r  cc/b/c0/delay2/delay_loop[2].buf_inst/O
                         net (fo=1, routed)           0.623    18.376    cc/b/c0/delay2/t[3]
    SLICE_X24Y86         LUT1 (Prop_lut1_I0_O)        0.124    18.500 r  cc/b/c0/delay2/buf_inst_end/O
                         net (fo=1, routed)           0.452    18.952    cc/b/c0/LB_out
    SLICE_X24Y86         LUT1 (Prop_lut1_I0_O)        0.124    19.076 f  cc/b/c0/Ack_out_INST_0/O
                         net (fo=4, routed)           0.598    19.674    cc/copy/Ack_in
    SLICE_X22Y89         LUT3 (Prop_lut3_I0_O)        0.124    19.798 f  cc/copy/and2_out_inferred_i_1/O
                         net (fo=2, routed)           0.967    20.765    cc/copy/CF1/Ack_in
    SLICE_X20Y91         LUT4 (Prop_lut4_I3_O)        0.124    20.889 r  cc/copy/CF1/nand3_out_inferred_i_1/O
                         net (fo=2, routed)           0.298    21.187    cc/copy/CF1/nand3_out
    SLICE_X20Y91         LUT3 (Prop_lut3_I2_O)        0.124    21.311 f  cc/copy/CF1/nand2_out_inferred_i_1/O
                         net (fo=1, routed)           0.656    21.967    cc/copy/CF1/nand2_out
    SLICE_X21Y91         LUT2 (Prop_lut2_I1_O)        0.124    22.091 r  cc/copy/CF1/nand1_out_inferred_i_1/O
                         net (fo=3, routed)           0.832    22.923    cc/copy/CF1/delay2/din
    SLICE_X21Y92         LUT1 (Prop_lut1_I0_O)        0.124    23.047 r  cc/copy/CF1/delay2/buf_inst_begin/O
                         net (fo=1, routed)           0.867    23.914    cc/copy/CF1/delay2/t[0]
    SLICE_X20Y92         LUT1 (Prop_lut1_I0_O)        0.124    24.038 r  cc/copy/CF1/delay2/delay_loop[0].buf_inst/O
                         net (fo=1, routed)           0.161    24.199    cc/copy/CF1/delay2/t[1]
    SLICE_X20Y92         LUT1 (Prop_lut1_I0_O)        0.124    24.323 r  cc/copy/CF1/delay2/delay_loop[1].buf_inst/O
                         net (fo=1, routed)           0.466    24.789    cc/copy/CF1/delay2/t[2]
    SLICE_X20Y92         LUT1 (Prop_lut1_I0_O)        0.124    24.913 r  cc/copy/CF1/delay2/delay_loop[2].buf_inst/O
                         net (fo=1, routed)           0.680    25.593    cc/copy/CF1/delay2/t[3]
    SLICE_X20Y92         LUT1 (Prop_lut1_I0_O)        0.124    25.717 r  cc/copy/CF1/delay2/buf_inst_end/O
                         net (fo=1, routed)           0.493    26.210    cc/copy/CF1/LB_out
    SLICE_X21Y92         LUT1 (Prop_lut1_I0_O)        0.124    26.334 f  cc/copy/CF1/Ack_out_INST_0/O
                         net (fo=2, routed)           0.580    26.914    cc/ma/Ack_in
    SLICE_X19Y89         LUT4 (Prop_lut4_I3_O)        0.124    27.038 r  cc/ma/nand3_out_inferred_i_1/O
                         net (fo=2, routed)           0.957    27.995    cc/ma/nand3_out
    SLICE_X20Y89         LUT3 (Prop_lut3_I2_O)        0.124    28.119 f  cc/ma/nand2_out_inferred_i_1/O
                         net (fo=1, routed)           0.286    28.405    cc/ma/nand2_out
    SLICE_X20Y89         LUT2 (Prop_lut2_I1_O)        0.124    28.529 r  cc/ma/nand1_out_inferred_i_1/O
                         net (fo=3, routed)           0.838    29.368    cc/ma/delay2/din
    SLICE_X16Y91         LUT1 (Prop_lut1_I0_O)        0.124    29.492 r  cc/ma/delay2/buf_inst_begin/O
                         net (fo=1, routed)           0.286    29.778    cc/ma/delay2/t[0]
    SLICE_X16Y91         LUT1 (Prop_lut1_I0_O)        0.124    29.902 r  cc/ma/delay2/delay_loop[0].buf_inst/O
                         net (fo=1, routed)           0.161    30.063    cc/ma/delay2/t[1]
    SLICE_X16Y91         LUT1 (Prop_lut1_I0_O)        0.124    30.187 r  cc/ma/delay2/delay_loop[1].buf_inst/O
                         net (fo=1, routed)           0.466    30.653    cc/ma/delay2/t[2]
    SLICE_X16Y91         LUT1 (Prop_lut1_I0_O)        0.124    30.777 r  cc/ma/delay2/delay_loop[2].buf_inst/O
                         net (fo=1, routed)           0.821    31.598    cc/ma/delay2/t[3]
    SLICE_X16Y90         LUT1 (Prop_lut1_I0_O)        0.124    31.722 r  cc/ma/delay2/delay_loop[3].buf_inst/O
                         net (fo=1, routed)           0.286    32.008    cc/ma/delay2/t[4]
    SLICE_X16Y90         LUT1 (Prop_lut1_I0_O)        0.124    32.132 r  cc/ma/delay2/delay_loop[4].buf_inst/O
                         net (fo=1, routed)           0.161    32.293    cc/ma/delay2/t[5]
    SLICE_X16Y90         LUT1 (Prop_lut1_I0_O)        0.124    32.417 r  cc/ma/delay2/delay_loop[5].buf_inst/O
                         net (fo=1, routed)           0.466    32.883    cc/ma/delay2/t[6]
    SLICE_X16Y90         LUT1 (Prop_lut1_I0_O)        0.124    33.007 r  cc/ma/delay2/delay_loop[6].buf_inst/O
                         net (fo=1, routed)           0.707    33.714    cc/ma/delay2/t[7]
    SLICE_X18Y88         LUT1 (Prop_lut1_I0_O)        0.124    33.838 r  cc/ma/delay2/delay_loop[7].buf_inst/O
                         net (fo=1, routed)           0.280    34.118    cc/ma/delay2/t[8]
    SLICE_X18Y88         LUT1 (Prop_lut1_I0_O)        0.124    34.242 r  cc/ma/delay2/buf_inst_end/O
                         net (fo=1, routed)           0.159    34.401    cc/ma/LB_out
    SLICE_X18Y88         LUT1 (Prop_lut1_I0_O)        0.124    34.525 f  cc/ma/Ack_out_INST_0/O
                         net (fo=1, routed)           0.656    35.181    cc/fp/Ack_in
    SLICE_X19Y88         LUT2 (Prop_lut2_I0_O)        0.124    35.305 f  cc/fp/and_out_inferred_i_1/O
                         net (fo=2, routed)           0.803    36.108    cc/fp/c0/Ack_in
    SLICE_X16Y88         LUT4 (Prop_lut4_I3_O)        0.124    36.232 r  cc/fp/c0/nand3_out_inferred_i_1/O
                         net (fo=2, routed)           0.843    37.074    cc/fp/c0/nand3_out
    SLICE_X16Y88         LUT3 (Prop_lut3_I2_O)        0.124    37.198 f  cc/fp/c0/nand2_out_inferred_i_1/O
                         net (fo=1, routed)           0.171    37.369    cc/fp/c0/nand2_out
    SLICE_X16Y88         LUT2 (Prop_lut2_I1_O)        0.124    37.493 r  cc/fp/c0/nand1_out_inferred_i_1/O
                         net (fo=3, routed)           0.688    38.181    cc/fp/c0/delay2/din
    SLICE_X16Y87         LUT1 (Prop_lut1_I0_O)        0.124    38.305 r  cc/fp/c0/delay2/buf_inst_begin/O
                         net (fo=1, routed)           0.670    38.975    cc/fp/c0/delay2/t[0]
    SLICE_X16Y87         LUT1 (Prop_lut1_I0_O)        0.152    39.127 r  cc/fp/c0/delay2/delay_loop[0].buf_inst/O
                         net (fo=1, routed)           0.286    39.413    cc/fp/c0/delay2/t[1]
    SLICE_X16Y87         LUT1 (Prop_lut1_I0_O)        0.341    39.754 r  cc/fp/c0/delay2/delay_loop[1].buf_inst/O
                         net (fo=1, routed)           0.692    40.446    cc/fp/c0/delay2/t[2]
    SLICE_X16Y87         LUT1 (Prop_lut1_I0_O)        0.363    40.809 r  cc/fp/c0/delay2/delay_loop[2].buf_inst/O
                         net (fo=1, routed)           0.455    41.265    cc/fp/c0/delay2/t[3]
    SLICE_X16Y87         LUT1 (Prop_lut1_I0_O)        0.381    41.646 r  cc/fp/c0/delay2/buf_inst_end/O
                         net (fo=1, routed)           0.853    42.499    cc/fp/c0/LB_out
    SLICE_X16Y87         LUT1 (Prop_lut1_I0_O)        0.328    42.827 f  cc/fp/c0/Ack_out_INST_0/O
                         net (fo=2, routed)           0.736    43.563    cc/ps/Ack_in
    SLICE_X19Y84         LUT4 (Prop_lut4_I3_O)        0.124    43.687 r  cc/ps/nand3_out_inferred_i_1/O
                         net (fo=2, routed)           0.517    44.204    cc/ps/nand3_out
    SLICE_X18Y84         LUT3 (Prop_lut3_I2_O)        0.124    44.328 f  cc/ps/nand2_out_inferred_i_1/O
                         net (fo=1, routed)           0.279    44.607    cc/ps/nand2_out
    SLICE_X18Y84         LUT2 (Prop_lut2_I1_O)        0.124    44.731 r  cc/ps/nand1_out_inferred_i_1/O
                         net (fo=3, routed)           0.183    44.914    cc/ps/delay2/din
    SLICE_X18Y84         LUT1 (Prop_lut1_I0_O)        0.124    45.038 r  cc/ps/delay2/buf_inst_begin/O
                         net (fo=1, routed)           0.716    45.754    cc/ps/delay2/t[0]
    SLICE_X19Y82         LUT1 (Prop_lut1_I0_O)        0.124    45.878 r  cc/ps/delay2/delay_loop[0].buf_inst/O
                         net (fo=1, routed)           0.264    46.142    cc/ps/delay2/t[1]
    SLICE_X19Y82         LUT1 (Prop_lut1_I0_O)        0.124    46.266 r  cc/ps/delay2/delay_loop[1].buf_inst/O
                         net (fo=1, routed)           0.656    46.922    cc/ps/delay2/t[2]
    SLICE_X18Y82         LUT1 (Prop_lut1_I0_O)        0.124    47.046 r  cc/ps/delay2/delay_loop[2].buf_inst/O
                         net (fo=1, routed)           0.279    47.325    cc/ps/delay2/t[3]
    SLICE_X18Y82         LUT1 (Prop_lut1_I0_O)        0.124    47.449 r  cc/ps/delay2/delay_loop[3].buf_inst/O
                         net (fo=1, routed)           0.158    47.607    cc/ps/delay2/t[4]
    SLICE_X18Y82         LUT1 (Prop_lut1_I0_O)        0.124    47.731 r  cc/ps/delay2/delay_loop[4].buf_inst/O
                         net (fo=1, routed)           0.433    48.165    cc/ps/delay2/t[5]
    SLICE_X18Y82         LUT1 (Prop_lut1_I0_O)        0.124    48.289 r  cc/ps/delay2/delay_loop[5].buf_inst/O
                         net (fo=1, routed)           1.013    49.301    cc/ps/delay2/t[6]
    SLICE_X19Y77         LUT1 (Prop_lut1_I0_O)        0.124    49.425 r  cc/ps/delay2/delay_loop[6].buf_inst/O
                         net (fo=1, routed)           0.149    49.574    cc/ps/delay2/t[7]
    SLICE_X19Y77         LUT1 (Prop_lut1_I0_O)        0.124    49.698 r  cc/ps/delay2/delay_loop[7].buf_inst/O
                         net (fo=1, routed)           0.154    49.853    cc/ps/delay2/t[8]
    SLICE_X19Y77         LUT1 (Prop_lut1_I0_O)        0.124    49.977 r  cc/ps/delay2/buf_inst_end/O
                         net (fo=1, routed)           1.264    51.241    cc/ps/LB_out
    SLICE_X20Y66         LUT1 (Prop_lut1_I0_O)        0.124    51.365 f  cc/ps/Ack_out_INST_0/O
                         net (fo=1, routed)           0.680    52.045    cc/mmram/Ack_in
    SLICE_X20Y66         LUT2 (Prop_lut2_I0_O)        0.124    52.169 f  cc/mmram/and_out_inferred_i_1/O
                         net (fo=2, routed)           1.217    53.386    cc/mmram/c0/Ack_in
    SLICE_X26Y64         LUT4 (Prop_lut4_I3_O)        0.124    53.510 r  cc/mmram/c0/nand3_out_inferred_i_1/O
                         net (fo=2, routed)           0.680    54.190    cc/mmram/c0/nand3_out
    SLICE_X30Y64         LUT3 (Prop_lut3_I2_O)        0.124    54.314 f  cc/mmram/c0/nand2_out_inferred_i_1/O
                         net (fo=1, routed)           0.286    54.601    cc/mmram/c0/nand2_out
    SLICE_X30Y64         LUT2 (Prop_lut2_I1_O)        0.124    54.725 r  cc/mmram/c0/nand1_out_inferred_i_1/O
                         net (fo=3, routed)           1.053    55.777    cc/mmram/c0/delay2/din
    SLICE_X32Y58         LUT1 (Prop_lut1_I0_O)        0.124    55.901 r  cc/mmram/c0/delay2/buf_inst_begin/O
                         net (fo=1, routed)           0.670    56.571    cc/mmram/c0/delay2/t[0]
    SLICE_X32Y58         LUT1 (Prop_lut1_I0_O)        0.124    56.695 r  cc/mmram/c0/delay2/delay_loop[0].buf_inst/O
                         net (fo=1, routed)           0.466    57.161    cc/mmram/c0/delay2/t[1]
    SLICE_X32Y58         LUT1 (Prop_lut1_I0_O)        0.124    57.285 r  cc/mmram/c0/delay2/delay_loop[1].buf_inst/O
                         net (fo=1, routed)           0.680    57.965    cc/mmram/c0/delay2/t[2]
    SLICE_X32Y58         LUT1 (Prop_lut1_I0_O)        0.150    58.115 r  cc/mmram/c0/delay2/delay_loop[2].buf_inst/O
                         net (fo=1, routed)           0.165    58.281    cc/mmram/c0/delay2/t[3]
    SLICE_X32Y58         LUT1 (Prop_lut1_I0_O)        0.328    58.609 r  cc/mmram/c0/delay2/buf_inst_end/O
                         net (fo=1, routed)           0.655    59.264    cc/mmram/c0/LB_out
    SLICE_X33Y58         LUT1 (Prop_lut1_I0_O)        0.152    59.416 f  cc/mmram/c0/Ack_out_INST_0/O
                         net (fo=2, routed)           0.683    60.099    cc/mmcam/Ack_in
    SLICE_X33Y58         LUT4 (Prop_lut4_I3_O)        0.332    60.431 r  cc/mmcam/nand3_out_inferred_i_1/O
                         net (fo=2, routed)           0.415    60.846    cc/mmcam/nand3_out
    SLICE_X33Y56         LUT3 (Prop_lut3_I2_O)        0.124    60.970 f  cc/mmcam/nand2_out_inferred_i_1/O
                         net (fo=1, routed)           0.264    61.234    cc/mmcam/nand2_out
    SLICE_X33Y56         LUT2 (Prop_lut2_I1_O)        0.124    61.358 r  cc/mmcam/nand1_out_inferred_i_1/O
                         net (fo=3, routed)           0.176    61.534    cc/mmcam/delay2/din
    SLICE_X33Y56         LUT1 (Prop_lut1_I0_O)        0.124    61.658 r  cc/mmcam/delay2/buf_inst_begin/O
                         net (fo=1, routed)           1.036    62.694    cc/mmcam/delay2/t[0]
    SLICE_X39Y56         LUT1 (Prop_lut1_I0_O)        0.124    62.818 r  cc/mmcam/delay2/delay_loop[0].buf_inst/O
                         net (fo=1, routed)           0.264    63.082    cc/mmcam/delay2/t[1]
    SLICE_X39Y56         LUT1 (Prop_lut1_I0_O)        0.124    63.206 r  cc/mmcam/delay2/delay_loop[1].buf_inst/O
                         net (fo=1, routed)           0.149    63.355    cc/mmcam/delay2/t[2]
    SLICE_X39Y56         LUT1 (Prop_lut1_I0_O)        0.124    63.479 r  cc/mmcam/delay2/delay_loop[2].buf_inst/O
                         net (fo=1, routed)           0.433    63.912    cc/mmcam/delay2/t[3]
    SLICE_X39Y56         LUT1 (Prop_lut1_I0_O)        0.124    64.036 r  cc/mmcam/delay2/delay_loop[3].buf_inst/O
                         net (fo=1, routed)           0.875    64.912    cc/mmcam/delay2/t[4]
    SLICE_X38Y56         LUT1 (Prop_lut1_I0_O)        0.124    65.036 r  cc/mmcam/delay2/delay_loop[4].buf_inst/O
                         net (fo=1, routed)           0.830    65.866    cc/mmcam/delay2/t[5]
    SLICE_X38Y55         LUT1 (Prop_lut1_I0_O)        0.124    65.990 r  cc/mmcam/delay2/delay_loop[5].buf_inst/O
                         net (fo=1, routed)           0.680    66.670    cc/mmcam/delay2/t[6]
    SLICE_X38Y55         LUT1 (Prop_lut1_I0_O)        0.150    66.820 r  cc/mmcam/delay2/delay_loop[6].buf_inst/O
                         net (fo=1, routed)           0.478    67.299    cc/mmcam/delay2/t[7]
    SLICE_X38Y55         LUT1 (Prop_lut1_I0_O)        0.321    67.620 r  cc/mmcam/delay2/delay_loop[7].buf_inst/O
                         net (fo=1, routed)           0.286    67.905    cc/mmcam/delay2/t[8]
    SLICE_X38Y55         LUT1 (Prop_lut1_I0_O)        0.348    68.253 r  cc/mmcam/delay2/buf_inst_end/O
                         net (fo=1, routed)           0.607    68.860    cc/mmcam/LB_out
    SLICE_X38Y53         LUT1 (Prop_lut1_I0_O)        0.124    68.984 f  cc/mmcam/Ack_out_INST_0/O
                         net (fo=4, routed)           0.842    69.826    cc/m/CJ2/Ack_in
    SLICE_X38Y52         LUT6 (Prop_lut6_I4_O)        0.124    69.950 r  cc/m/CJ2/nand3_out_inferred_i_1/O
                         net (fo=2, routed)           0.299    70.249    cc/m/CJ2/nand3_out
    SLICE_X38Y52         LUT3 (Prop_lut3_I2_O)        0.124    70.373 f  cc/m/CJ2/nand2_out_inferred_i_1/O
                         net (fo=1, routed)           0.161    70.534    cc/m/CJ2/nand2_out
    SLICE_X38Y52         LUT2 (Prop_lut2_I1_O)        0.124    70.658 r  cc/m/CJ2/nand1_out_inferred_i_1/O
                         net (fo=3, routed)           0.597    71.255    cc/m/CJ2/delay2/din
    SLICE_X36Y52         LUT1 (Prop_lut1_I0_O)        0.124    71.379 r  cc/m/CJ2/delay2/buf_inst_begin/O
                         net (fo=1, routed)           0.279    71.658    cc/m/CJ2/delay2/t[0]
    SLICE_X36Y52         LUT1 (Prop_lut1_I0_O)        0.124    71.782 r  cc/m/CJ2/delay2/delay_loop[0].buf_inst/O
                         net (fo=1, routed)           0.853    72.635    cc/m/CJ2/delay2/t[1]
    SLICE_X36Y52         LUT1 (Prop_lut1_I0_O)        0.124    72.759 r  cc/m/CJ2/delay2/delay_loop[1].buf_inst/O
                         net (fo=1, routed)           0.433    73.192    cc/m/CJ2/delay2/t[2]
    SLICE_X36Y52         LUT1 (Prop_lut1_I0_O)        0.124    73.316 r  cc/m/CJ2/delay2/delay_loop[2].buf_inst/O
                         net (fo=1, routed)           0.674    73.990    cc/m/CJ2/delay2/t[3]
    SLICE_X36Y52         LUT1 (Prop_lut1_I0_O)        0.152    74.142 r  cc/m/CJ2/delay2/delay_loop[3].buf_inst/O
                         net (fo=1, routed)           0.851    74.994    cc/m/CJ2/delay2/t[4]
    SLICE_X36Y52         LUT1 (Prop_lut1_I0_O)        0.354    75.348 r  cc/m/CJ2/delay2/delay_loop[4].buf_inst/O
                         net (fo=1, routed)           0.288    75.635    cc/m/CJ2/delay2/t[5]
    SLICE_X36Y52         LUT1 (Prop_lut1_I0_O)        0.328    75.963 r  cc/m/CJ2/delay2/delay_loop[5].buf_inst/O
                         net (fo=1, routed)           0.811    76.774    cc/m/CJ2/delay2/t[6]
    SLICE_X37Y51         LUT1 (Prop_lut1_I0_O)        0.327    77.101 r  cc/m/CJ2/delay2/delay_loop[6].buf_inst/O
                         net (fo=1, routed)           0.433    77.534    cc/m/CJ2/delay2/t[7]
    SLICE_X37Y51         LUT1 (Prop_lut1_I0_O)        0.124    77.658 r  cc/m/CJ2/delay2/delay_loop[7].buf_inst/O
                         net (fo=1, routed)           0.667    78.325    cc/m/CJ2/delay2/t[8]
    SLICE_X37Y51         LUT1 (Prop_lut1_I0_O)        0.124    78.449 r  cc/m/CJ2/delay2/buf_inst_end/O
                         net (fo=1, routed)           0.433    78.882    cc/m/CJ2/LB_out
    SLICE_X37Y51         LUT1 (Prop_lut1_I0_O)        0.124    79.006 f  cc/m/CJ2/Ack_out_INST_0/O
                         net (fo=2, routed)           0.937    79.943    cc/m/Ack_out_b
    SLICE_X39Y55         LUT3 (Prop_lut3_I1_O)        0.124    80.067 r  cc/m/nand4_out_inferred_i_1/O
                         net (fo=1, routed)           0.433    80.500    cc/m/nand4_out
    SLICE_X39Y55         LUT3 (Prop_lut3_I0_O)        0.124    80.624 f  cc/m/nand3_out_inferred_i_1/O
                         net (fo=2, routed)           0.963    81.587    cc/m/nand3_out
    SLICE_X40Y52         LUT2 (Prop_lut2_I0_O)        0.124    81.711 r  cc/m/nand6_out_inferred_i_1/O
                         net (fo=2, routed)           0.667    82.378    cc/m/nand6_out
    SLICE_X41Y52         LUT3 (Prop_lut3_I2_O)        0.124    82.502 f  cc/m/nand5_out_inferred_i_1/O
                         net (fo=2, routed)           0.814    83.316    cc/m/nand5_out
    SLICE_X40Y52         LUT2 (Prop_lut2_I0_O)        0.124    83.440 r  cc/m/nand7_out_inferred_i_1/O
                         net (fo=2, routed)           0.174    83.614    cc/m/nand7_out
    SLICE_X40Y52         LUT3 (Prop_lut3_I2_O)        0.124    83.738 f  cc/m/nand8_out_inferred_i_1/O
                         net (fo=2, routed)           0.426    84.164    cc/m/CJ1/g
    SLICE_X40Y51         LUT6 (Prop_lut6_I3_O)        0.124    84.288 r  cc/m/CJ1/nand3_out_inferred_i_1/O
                         net (fo=2, routed)           0.682    84.970    cc/m/CJ1/nand3_out
    SLICE_X40Y51         LUT2 (Prop_lut2_I0_O)        0.124    85.094 f  cc/m/CJ1/nand4_out_inferred_i_1/O
                         net (fo=1, routed)           0.650    85.743    cc/m/CJ1/nand4_out
    SLICE_X40Y51         LUT3 (Prop_lut3_I0_O)        0.124    85.867 r  cc/m/CJ1/nand5_out_inferred_i_1/O
                         net (fo=3, routed)           0.679    86.546    cc/m/CJ1/nand5_out
    SLICE_X41Y51         LUT1 (Prop_lut1_I0_O)        0.124    86.670 f  cc/m/CJ1/cp_INST_0/O
                         net (fo=39, routed)          0.845    87.515    cc/m/cp1
    SLICE_X40Y52         LUT1 (Prop_lut1_I0_O)        0.124    87.639 r  cc/m/z1_inferred_i_1/O
                         net (fo=3, routed)           0.447    88.086    cc/m/z1
    SLICE_X41Y55         LUT2 (Prop_lut2_I0_O)        0.124    88.210 r  cc/m/nor2_out_inferred_i_1/O
                         net (fo=39, routed)          2.096    90.306    m/SEL
    SLICE_X42Y73         LUT3 (Prop_lut3_I2_O)        0.124    90.430 r  m/PACKET_OUT[25]_INST_0/O
                         net (fo=129, routed)         6.956    97.386    mmcam/entry_fd_loop[17].ef/color_gen_dest_LR[6]
    SLICE_X34Y69         LUT6 (Prop_lut6_I3_O)        0.124    97.510 r  mmcam/entry_fd_loop[17].ef/FIRE_INST_0_i_7/O
                         net (fo=1, routed)           0.000    97.510    mmcam/entry_fd_loop[17].ef/FIRE_INST_0_i_7_n_0
    SLICE_X34Y69         CARRY4 (Prop_carry4_S[1]_CO[3])
                                                      0.533    98.043 r  mmcam/entry_fd_loop[17].ef/FIRE_INST_0_i_2/CO[3]
                         net (fo=1, routed)           0.000    98.043    mmcam/entry_fd_loop[17].ef/FIRE_INST_0_i_2_n_0
    SLICE_X34Y70         CARRY4 (Prop_carry4_CI_CO[1])
                                                      0.157    98.200 f  mmcam/entry_fd_loop[17].ef/FIRE_INST_0_i_1/CO[1]
                         net (fo=2, routed)           0.781    98.981    mmcam/entry_fd_loop[17].ef/FIRE1
    SLICE_X31Y71         LUT4 (Prop_lut4_I1_O)        0.332    99.313 f  mmcam/entry_fd_loop[17].ef/FIRE_INST_0/O
                         net (fo=7, routed)           0.897   100.210    mmcam/am_or_ma/FIRE[17]
    SLICE_X30Y71         LUT4 (Prop_lut4_I1_O)        0.124   100.334 f  mmcam/am_or_ma/R_ADDR_inferred_i_41/O
                         net (fo=3, routed)           0.616   100.950    mmcam/am_or_ma/R_ADDR_inferred_i_41_n_0
    SLICE_X30Y69         LUT6 (Prop_lut6_I0_O)        0.124   101.074 f  mmcam/am_or_ma/FIRE_OR_inferred_i_7/O
                         net (fo=3, routed)           0.835   101.909    mmcam/am_or_ma/FIRE_OR_inferred_i_7_n_0
    SLICE_X29Y70         LUT6 (Prop_lut6_I1_O)        0.124   102.033 f  mmcam/am_or_ma/FIRE_OR_inferred_i_5/O
                         net (fo=2, routed)           0.989   103.022    mmcam/am_or_ma/FIRE_OR_inferred_i_5_n_0
    SLICE_X26Y74         LUT4 (Prop_lut4_I3_O)        0.124   103.146 f  mmcam/am_or_ma/FIRE_OR_inferred_i_1/O
                         net (fo=31, routed)          1.523   104.669    mmcam/am_or_ma/FIRE_OR
    SLICE_X35Y70         LUT3 (Prop_lut3_I0_O)        0.124   104.793 r  mmcam/am_or_ma/EN[61]_INST_0_i_2/O
                         net (fo=30, routed)          1.738   106.531    mmcam/am_or_ma/EN[61]_INST_0_i_2_n_0
    SLICE_X27Y75         LUT6 (Prop_lut6_I3_O)        0.124   106.655 r  mmcam/am_or_ma/EN[53]_INST_0_i_1/O
                         net (fo=4, routed)           0.989   107.643    mmcam/am_or_ma/EN[53]_INST_0_i_1_n_0
    SLICE_X26Y72         LUT6 (Prop_lut6_I0_O)        0.124   107.767 r  mmcam/am_or_ma/EN[21]_INST_0/O
                         net (fo=20, routed)          1.622   109.389    mmcam/entry_fd_loop[21].ef/EN
    SLICE_X21Y64         FDRE                                         r  mmcam/entry_fd_loop[21].ef/ENTRY_reg[13]/CE
  -------------------------------------------------------------------    -------------------

Slack:                    inf
  Source:                 Ack_in
                            (input port)
  Destination:            mmcam/entry_fd_loop[21].ef/ENTRY_reg[14]/CE
  Path Group:             (none)
  Path Type:              Max at Slow Process Corner
  Data Path Delay:        109.389ns  (logic 21.456ns (19.615%)  route 87.933ns (80.385%))
  Logic Levels:           135  (CARRY4=2 IBUF=1 LUT1=81 LUT2=16 LUT3=17 LUT4=11 LUT6=7)

    Location             Delay type                Incr(ns)  Path(ns)    Netlist Resource(s)
  -------------------------------------------------------------------    -------------------
    P14                                               0.000     0.000 f  Ack_in (IN)
                         net (fo=0)                   0.000     0.000    Ack_in
    P14                  IBUF (Prop_ibuf_I_O)         1.002     1.002 f  Ack_in_IBUF_inst/O
                         net (fo=2, routed)           1.435     2.437    cc/c/Ack_in
    SLICE_X42Y53         LUT4 (Prop_lut4_I3_O)        0.124     2.561 r  cc/c/nand3_out_inferred_i_1/O
                         net (fo=2, routed)           0.459     3.020    cc/c/nand3_out
    SLICE_X42Y54         LUT3 (Prop_lut3_I2_O)        0.124     3.144 f  cc/c/nand2_out_inferred_i_1/O
                         net (fo=1, routed)           0.286     3.431    cc/c/nand2_out
    SLICE_X42Y54         LUT2 (Prop_lut2_I1_O)        0.124     3.555 r  cc/c/nand1_out_inferred_i_1/O
                         net (fo=3, routed)           0.960     4.514    cc/c/delay2/din
    SLICE_X41Y55         LUT1 (Prop_lut1_I0_O)        0.124     4.638 r  cc/c/delay2/buf_inst_begin/O
                         net (fo=1, routed)           0.714     5.353    cc/c/delay2/t[0]
    SLICE_X40Y55         LUT1 (Prop_lut1_I0_O)        0.124     5.477 r  cc/c/delay2/delay_loop[0].buf_inst/O
                         net (fo=1, routed)           0.279     5.756    cc/c/delay2/t[1]
    SLICE_X40Y55         LUT1 (Prop_lut1_I0_O)        0.124     5.880 r  cc/c/delay2/delay_loop[1].buf_inst/O
                         net (fo=1, routed)           0.853     6.732    cc/c/delay2/t[2]
    SLICE_X40Y55         LUT1 (Prop_lut1_I0_O)        0.124     6.856 r  cc/c/delay2/delay_loop[2].buf_inst/O
                         net (fo=1, routed)           0.433     7.290    cc/c/delay2/t[3]
    SLICE_X40Y55         LUT1 (Prop_lut1_I0_O)        0.124     7.414 r  cc/c/delay2/delay_loop[3].buf_inst/O
                         net (fo=1, routed)           0.674     8.088    cc/c/delay2/t[4]
    SLICE_X40Y55         LUT1 (Prop_lut1_I0_O)        0.152     8.240 r  cc/c/delay2/delay_loop[4].buf_inst/O
                         net (fo=1, routed)           0.851     9.091    cc/c/delay2/t[5]
    SLICE_X40Y55         LUT1 (Prop_lut1_I0_O)        0.354     9.445 r  cc/c/delay2/delay_loop[5].buf_inst/O
                         net (fo=1, routed)           0.288     9.733    cc/c/delay2/t[6]
    SLICE_X40Y55         LUT1 (Prop_lut1_I0_O)        0.328    10.061 r  cc/c/delay2/delay_loop[6].buf_inst/O
                         net (fo=1, routed)           0.806    10.867    cc/c/delay2/t[7]
    SLICE_X38Y55         LUT1 (Prop_lut1_I0_O)        0.327    11.194 r  cc/c/delay2/delay_loop[7].buf_inst/O
                         net (fo=1, routed)           0.452    11.646    cc/c/delay2/t[8]
    SLICE_X38Y55         LUT1 (Prop_lut1_I0_O)        0.124    11.770 r  cc/c/delay2/buf_inst_end/O
                         net (fo=1, routed)           0.403    12.173    cc/c/LB_out
    SLICE_X39Y55         LUT1 (Prop_lut1_I0_O)        0.124    12.297 f  cc/c/Ack_out_INST_0/O
                         net (fo=1, routed)           0.263    12.560    cc/b/Ack_in_a
    SLICE_X39Y55         LUT2 (Prop_lut2_I0_O)        0.124    12.684 f  cc/b/and_out_inferred_i_1/O
                         net (fo=2, routed)           0.817    13.501    cc/b/c0/Ack_in
    SLICE_X35Y64         LUT4 (Prop_lut4_I3_O)        0.124    13.625 r  cc/b/c0/nand3_out_inferred_i_1/O
                         net (fo=2, routed)           0.555    14.180    cc/b/c0/nand3_out
    SLICE_X35Y67         LUT3 (Prop_lut3_I2_O)        0.124    14.304 f  cc/b/c0/nand2_out_inferred_i_1/O
                         net (fo=1, routed)           0.264    14.568    cc/b/c0/nand2_out
    SLICE_X35Y67         LUT2 (Prop_lut2_I1_O)        0.124    14.692 r  cc/b/c0/nand1_out_inferred_i_1/O
                         net (fo=3, routed)           0.796    15.488    cc/b/c0/delay2/din
    SLICE_X28Y67         LUT1 (Prop_lut1_I0_O)        0.124    15.612 r  cc/b/c0/delay2/buf_inst_begin/O
                         net (fo=1, routed)           0.286    15.898    cc/b/c0/delay2/t[0]
    SLICE_X28Y67         LUT1 (Prop_lut1_I0_O)        0.124    16.022 r  cc/b/c0/delay2/delay_loop[0].buf_inst/O
                         net (fo=1, routed)           0.161    16.183    cc/b/c0/delay2/t[1]
    SLICE_X28Y67         LUT1 (Prop_lut1_I0_O)        0.124    16.307 r  cc/b/c0/delay2/delay_loop[1].buf_inst/O
                         net (fo=1, routed)           1.322    17.629    cc/b/c0/delay2/t[2]
    SLICE_X25Y78         LUT1 (Prop_lut1_I0_O)        0.124    17.753 r  cc/b/c0/delay2/delay_loop[2].buf_inst/O
                         net (fo=1, routed)           0.623    18.376    cc/b/c0/delay2/t[3]
    SLICE_X24Y86         LUT1 (Prop_lut1_I0_O)        0.124    18.500 r  cc/b/c0/delay2/buf_inst_end/O
                         net (fo=1, routed)           0.452    18.952    cc/b/c0/LB_out
    SLICE_X24Y86         LUT1 (Prop_lut1_I0_O)        0.124    19.076 f  cc/b/c0/Ack_out_INST_0/O
                         net (fo=4, routed)           0.598    19.674    cc/copy/Ack_in
    SLICE_X22Y89         LUT3 (Prop_lut3_I0_O)        0.124    19.798 f  cc/copy/and2_out_inferred_i_1/O
                         net (fo=2, routed)           0.967    20.765    cc/copy/CF1/Ack_in
    SLICE_X20Y91         LUT4 (Prop_lut4_I3_O)        0.124    20.889 r  cc/copy/CF1/nand3_out_inferred_i_1/O
                         net (fo=2, routed)           0.298    21.187    cc/copy/CF1/nand3_out
    SLICE_X20Y91         LUT3 (Prop_lut3_I2_O)        0.124    21.311 f  cc/copy/CF1/nand2_out_inferred_i_1/O
                         net (fo=1, routed)           0.656    21.967    cc/copy/CF1/nand2_out
    SLICE_X21Y91         LUT2 (Prop_lut2_I1_O)        0.124    22.091 r  cc/copy/CF1/nand1_out_inferred_i_1/O
                         net (fo=3, routed)           0.832    22.923    cc/copy/CF1/delay2/din
    SLICE_X21Y92         LUT1 (Prop_lut1_I0_O)        0.124    23.047 r  cc/copy/CF1/delay2/buf_inst_begin/O
                         net (fo=1, routed)           0.867    23.914    cc/copy/CF1/delay2/t[0]
    SLICE_X20Y92         LUT1 (Prop_lut1_I0_O)        0.124    24.038 r  cc/copy/CF1/delay2/delay_loop[0].buf_inst/O
                         net (fo=1, routed)           0.161    24.199    cc/copy/CF1/delay2/t[1]
    SLICE_X20Y92         LUT1 (Prop_lut1_I0_O)        0.124    24.323 r  cc/copy/CF1/delay2/delay_loop[1].buf_inst/O
                         net (fo=1, routed)           0.466    24.789    cc/copy/CF1/delay2/t[2]
    SLICE_X20Y92         LUT1 (Prop_lut1_I0_O)        0.124    24.913 r  cc/copy/CF1/delay2/delay_loop[2].buf_inst/O
                         net (fo=1, routed)           0.680    25.593    cc/copy/CF1/delay2/t[3]
    SLICE_X20Y92         LUT1 (Prop_lut1_I0_O)        0.124    25.717 r  cc/copy/CF1/delay2/buf_inst_end/O
                         net (fo=1, routed)           0.493    26.210    cc/copy/CF1/LB_out
    SLICE_X21Y92         LUT1 (Prop_lut1_I0_O)        0.124    26.334 f  cc/copy/CF1/Ack_out_INST_0/O
                         net (fo=2, routed)           0.580    26.914    cc/ma/Ack_in
    SLICE_X19Y89         LUT4 (Prop_lut4_I3_O)        0.124    27.038 r  cc/ma/nand3_out_inferred_i_1/O
                         net (fo=2, routed)           0.957    27.995    cc/ma/nand3_out
    SLICE_X20Y89         LUT3 (Prop_lut3_I2_O)        0.124    28.119 f  cc/ma/nand2_out_inferred_i_1/O
                         net (fo=1, routed)           0.286    28.405    cc/ma/nand2_out
    SLICE_X20Y89         LUT2 (Prop_lut2_I1_O)        0.124    28.529 r  cc/ma/nand1_out_inferred_i_1/O
                         net (fo=3, routed)           0.838    29.368    cc/ma/delay2/din
    SLICE_X16Y91         LUT1 (Prop_lut1_I0_O)        0.124    29.492 r  cc/ma/delay2/buf_inst_begin/O
                         net (fo=1, routed)           0.286    29.778    cc/ma/delay2/t[0]
    SLICE_X16Y91         LUT1 (Prop_lut1_I0_O)        0.124    29.902 r  cc/ma/delay2/delay_loop[0].buf_inst/O
                         net (fo=1, routed)           0.161    30.063    cc/ma/delay2/t[1]
    SLICE_X16Y91         LUT1 (Prop_lut1_I0_O)        0.124    30.187 r  cc/ma/delay2/delay_loop[1].buf_inst/O
                         net (fo=1, routed)           0.466    30.653    cc/ma/delay2/t[2]
    SLICE_X16Y91         LUT1 (Prop_lut1_I0_O)        0.124    30.777 r  cc/ma/delay2/delay_loop[2].buf_inst/O
                         net (fo=1, routed)           0.821    31.598    cc/ma/delay2/t[3]
    SLICE_X16Y90         LUT1 (Prop_lut1_I0_O)        0.124    31.722 r  cc/ma/delay2/delay_loop[3].buf_inst/O
                         net (fo=1, routed)           0.286    32.008    cc/ma/delay2/t[4]
    SLICE_X16Y90         LUT1 (Prop_lut1_I0_O)        0.124    32.132 r  cc/ma/delay2/delay_loop[4].buf_inst/O
                         net (fo=1, routed)           0.161    32.293    cc/ma/delay2/t[5]
    SLICE_X16Y90         LUT1 (Prop_lut1_I0_O)        0.124    32.417 r  cc/ma/delay2/delay_loop[5].buf_inst/O
                         net (fo=1, routed)           0.466    32.883    cc/ma/delay2/t[6]
    SLICE_X16Y90         LUT1 (Prop_lut1_I0_O)        0.124    33.007 r  cc/ma/delay2/delay_loop[6].buf_inst/O
                         net (fo=1, routed)           0.707    33.714    cc/ma/delay2/t[7]
    SLICE_X18Y88         LUT1 (Prop_lut1_I0_O)        0.124    33.838 r  cc/ma/delay2/delay_loop[7].buf_inst/O
                         net (fo=1, routed)           0.280    34.118    cc/ma/delay2/t[8]
    SLICE_X18Y88         LUT1 (Prop_lut1_I0_O)        0.124    34.242 r  cc/ma/delay2/buf_inst_end/O
                         net (fo=1, routed)           0.159    34.401    cc/ma/LB_out
    SLICE_X18Y88         LUT1 (Prop_lut1_I0_O)        0.124    34.525 f  cc/ma/Ack_out_INST_0/O
                         net (fo=1, routed)           0.656    35.181    cc/fp/Ack_in
    SLICE_X19Y88         LUT2 (Prop_lut2_I0_O)        0.124    35.305 f  cc/fp/and_out_inferred_i_1/O
                         net (fo=2, routed)           0.803    36.108    cc/fp/c0/Ack_in
    SLICE_X16Y88         LUT4 (Prop_lut4_I3_O)        0.124    36.232 r  cc/fp/c0/nand3_out_inferred_i_1/O
                         net (fo=2, routed)           0.843    37.074    cc/fp/c0/nand3_out
    SLICE_X16Y88         LUT3 (Prop_lut3_I2_O)        0.124    37.198 f  cc/fp/c0/nand2_out_inferred_i_1/O
                         net (fo=1, routed)           0.171    37.369    cc/fp/c0/nand2_out
    SLICE_X16Y88         LUT2 (Prop_lut2_I1_O)        0.124    37.493 r  cc/fp/c0/nand1_out_inferred_i_1/O
                         net (fo=3, routed)           0.688    38.181    cc/fp/c0/delay2/din
    SLICE_X16Y87         LUT1 (Prop_lut1_I0_O)        0.124    38.305 r  cc/fp/c0/delay2/buf_inst_begin/O
                         net (fo=1, routed)           0.670    38.975    cc/fp/c0/delay2/t[0]
    SLICE_X16Y87         LUT1 (Prop_lut1_I0_O)        0.152    39.127 r  cc/fp/c0/delay2/delay_loop[0].buf_inst/O
                         net (fo=1, routed)           0.286    39.413    cc/fp/c0/delay2/t[1]
    SLICE_X16Y87         LUT1 (Prop_lut1_I0_O)        0.341    39.754 r  cc/fp/c0/delay2/delay_loop[1].buf_inst/O
                         net (fo=1, routed)           0.692    40.446    cc/fp/c0/delay2/t[2]
    SLICE_X16Y87         LUT1 (Prop_lut1_I0_O)        0.363    40.809 r  cc/fp/c0/delay2/delay_loop[2].buf_inst/O
                         net (fo=1, routed)           0.455    41.265    cc/fp/c0/delay2/t[3]
    SLICE_X16Y87         LUT1 (Prop_lut1_I0_O)        0.381    41.646 r  cc/fp/c0/delay2/buf_inst_end/O
                         net (fo=1, routed)           0.853    42.499    cc/fp/c0/LB_out
    SLICE_X16Y87         LUT1 (Prop_lut1_I0_O)        0.328    42.827 f  cc/fp/c0/Ack_out_INST_0/O
                         net (fo=2, routed)           0.736    43.563    cc/ps/Ack_in
    SLICE_X19Y84         LUT4 (Prop_lut4_I3_O)        0.124    43.687 r  cc/ps/nand3_out_inferred_i_1/O
                         net (fo=2, routed)           0.517    44.204    cc/ps/nand3_out
    SLICE_X18Y84         LUT3 (Prop_lut3_I2_O)        0.124    44.328 f  cc/ps/nand2_out_inferred_i_1/O
                         net (fo=1, routed)           0.279    44.607    cc/ps/nand2_out
    SLICE_X18Y84         LUT2 (Prop_lut2_I1_O)        0.124    44.731 r  cc/ps/nand1_out_inferred_i_1/O
                         net (fo=3, routed)           0.183    44.914    cc/ps/delay2/din
    SLICE_X18Y84         LUT1 (Prop_lut1_I0_O)        0.124    45.038 r  cc/ps/delay2/buf_inst_begin/O
                         net (fo=1, routed)           0.716    45.754    cc/ps/delay2/t[0]
    SLICE_X19Y82         LUT1 (Prop_lut1_I0_O)        0.124    45.878 r  cc/ps/delay2/delay_loop[0].buf_inst/O
                         net (fo=1, routed)           0.264    46.142    cc/ps/delay2/t[1]
    SLICE_X19Y82         LUT1 (Prop_lut1_I0_O)        0.124    46.266 r  cc/ps/delay2/delay_loop[1].buf_inst/O
                         net (fo=1, routed)           0.656    46.922    cc/ps/delay2/t[2]
    SLICE_X18Y82         LUT1 (Prop_lut1_I0_O)        0.124    47.046 r  cc/ps/delay2/delay_loop[2].buf_inst/O
                         net (fo=1, routed)           0.279    47.325    cc/ps/delay2/t[3]
    SLICE_X18Y82         LUT1 (Prop_lut1_I0_O)        0.124    47.449 r  cc/ps/delay2/delay_loop[3].buf_inst/O
                         net (fo=1, routed)           0.158    47.607    cc/ps/delay2/t[4]
    SLICE_X18Y82         LUT1 (Prop_lut1_I0_O)        0.124    47.731 r  cc/ps/delay2/delay_loop[4].buf_inst/O
                         net (fo=1, routed)           0.433    48.165    cc/ps/delay2/t[5]
    SLICE_X18Y82         LUT1 (Prop_lut1_I0_O)        0.124    48.289 r  cc/ps/delay2/delay_loop[5].buf_inst/O
                         net (fo=1, routed)           1.013    49.301    cc/ps/delay2/t[6]
    SLICE_X19Y77         LUT1 (Prop_lut1_I0_O)        0.124    49.425 r  cc/ps/delay2/delay_loop[6].buf_inst/O
                         net (fo=1, routed)           0.149    49.574    cc/ps/delay2/t[7]
    SLICE_X19Y77         LUT1 (Prop_lut1_I0_O)        0.124    49.698 r  cc/ps/delay2/delay_loop[7].buf_inst/O
                         net (fo=1, routed)           0.154    49.853    cc/ps/delay2/t[8]
    SLICE_X19Y77         LUT1 (Prop_lut1_I0_O)        0.124    49.977 r  cc/ps/delay2/buf_inst_end/O
                         net (fo=1, routed)           1.264    51.241    cc/ps/LB_out
    SLICE_X20Y66         LUT1 (Prop_lut1_I0_O)        0.124    51.365 f  cc/ps/Ack_out_INST_0/O
                         net (fo=1, routed)           0.680    52.045    cc/mmram/Ack_in
    SLICE_X20Y66         LUT2 (Prop_lut2_I0_O)        0.124    52.169 f  cc/mmram/and_out_inferred_i_1/O
                         net (fo=2, routed)           1.217    53.386    cc/mmram/c0/Ack_in
    SLICE_X26Y64         LUT4 (Prop_lut4_I3_O)        0.124    53.510 r  cc/mmram/c0/nand3_out_inferred_i_1/O
                         net (fo=2, routed)           0.680    54.190    cc/mmram/c0/nand3_out
    SLICE_X30Y64         LUT3 (Prop_lut3_I2_O)        0.124    54.314 f  cc/mmram/c0/nand2_out_inferred_i_1/O
                         net (fo=1, routed)           0.286    54.601    cc/mmram/c0/nand2_out
    SLICE_X30Y64         LUT2 (Prop_lut2_I1_O)        0.124    54.725 r  cc/mmram/c0/nand1_out_inferred_i_1/O
                         net (fo=3, routed)           1.053    55.777    cc/mmram/c0/delay2/din
    SLICE_X32Y58         LUT1 (Prop_lut1_I0_O)        0.124    55.901 r  cc/mmram/c0/delay2/buf_inst_begin/O
                         net (fo=1, routed)           0.670    56.571    cc/mmram/c0/delay2/t[0]
    SLICE_X32Y58         LUT1 (Prop_lut1_I0_O)        0.124    56.695 r  cc/mmram/c0/delay2/delay_loop[0].buf_inst/O
                         net (fo=1, routed)           0.466    57.161    cc/mmram/c0/delay2/t[1]
    SLICE_X32Y58         LUT1 (Prop_lut1_I0_O)        0.124    57.285 r  cc/mmram/c0/delay2/delay_loop[1].buf_inst/O
                         net (fo=1, routed)           0.680    57.965    cc/mmram/c0/delay2/t[2]
    SLICE_X32Y58         LUT1 (Prop_lut1_I0_O)        0.150    58.115 r  cc/mmram/c0/delay2/delay_loop[2].buf_inst/O
                         net (fo=1, routed)           0.165    58.281    cc/mmram/c0/delay2/t[3]
    SLICE_X32Y58         LUT1 (Prop_lut1_I0_O)        0.328    58.609 r  cc/mmram/c0/delay2/buf_inst_end/O
                         net (fo=1, routed)           0.655    59.264    cc/mmram/c0/LB_out
    SLICE_X33Y58         LUT1 (Prop_lut1_I0_O)        0.152    59.416 f  cc/mmram/c0/Ack_out_INST_0/O
                         net (fo=2, routed)           0.683    60.099    cc/mmcam/Ack_in
    SLICE_X33Y58         LUT4 (Prop_lut4_I3_O)        0.332    60.431 r  cc/mmcam/nand3_out_inferred_i_1/O
                         net (fo=2, routed)           0.415    60.846    cc/mmcam/nand3_out
    SLICE_X33Y56         LUT3 (Prop_lut3_I2_O)        0.124    60.970 f  cc/mmcam/nand2_out_inferred_i_1/O
                         net (fo=1, routed)           0.264    61.234    cc/mmcam/nand2_out
    SLICE_X33Y56         LUT2 (Prop_lut2_I1_O)        0.124    61.358 r  cc/mmcam/nand1_out_inferred_i_1/O
                         net (fo=3, routed)           0.176    61.534    cc/mmcam/delay2/din
    SLICE_X33Y56         LUT1 (Prop_lut1_I0_O)        0.124    61.658 r  cc/mmcam/delay2/buf_inst_begin/O
                         net (fo=1, routed)           1.036    62.694    cc/mmcam/delay2/t[0]
    SLICE_X39Y56         LUT1 (Prop_lut1_I0_O)        0.124    62.818 r  cc/mmcam/delay2/delay_loop[0].buf_inst/O
                         net (fo=1, routed)           0.264    63.082    cc/mmcam/delay2/t[1]
    SLICE_X39Y56         LUT1 (Prop_lut1_I0_O)        0.124    63.206 r  cc/mmcam/delay2/delay_loop[1].buf_inst/O
                         net (fo=1, routed)           0.149    63.355    cc/mmcam/delay2/t[2]
    SLICE_X39Y56         LUT1 (Prop_lut1_I0_O)        0.124    63.479 r  cc/mmcam/delay2/delay_loop[2].buf_inst/O
                         net (fo=1, routed)           0.433    63.912    cc/mmcam/delay2/t[3]
    SLICE_X39Y56         LUT1 (Prop_lut1_I0_O)        0.124    64.036 r  cc/mmcam/delay2/delay_loop[3].buf_inst/O
                         net (fo=1, routed)           0.875    64.912    cc/mmcam/delay2/t[4]
    SLICE_X38Y56         LUT1 (Prop_lut1_I0_O)        0.124    65.036 r  cc/mmcam/delay2/delay_loop[4].buf_inst/O
                         net (fo=1, routed)           0.830    65.866    cc/mmcam/delay2/t[5]
    SLICE_X38Y55         LUT1 (Prop_lut1_I0_O)        0.124    65.990 r  cc/mmcam/delay2/delay_loop[5].buf_inst/O
                         net (fo=1, routed)           0.680    66.670    cc/mmcam/delay2/t[6]
    SLICE_X38Y55         LUT1 (Prop_lut1_I0_O)        0.150    66.820 r  cc/mmcam/delay2/delay_loop[6].buf_inst/O
                         net (fo=1, routed)           0.478    67.299    cc/mmcam/delay2/t[7]
    SLICE_X38Y55         LUT1 (Prop_lut1_I0_O)        0.321    67.620 r  cc/mmcam/delay2/delay_loop[7].buf_inst/O
                         net (fo=1, routed)           0.286    67.905    cc/mmcam/delay2/t[8]
    SLICE_X38Y55         LUT1 (Prop_lut1_I0_O)        0.348    68.253 r  cc/mmcam/delay2/buf_inst_end/O
                         net (fo=1, routed)           0.607    68.860    cc/mmcam/LB_out
    SLICE_X38Y53         LUT1 (Prop_lut1_I0_O)        0.124    68.984 f  cc/mmcam/Ack_out_INST_0/O
                         net (fo=4, routed)           0.842    69.826    cc/m/CJ2/Ack_in
    SLICE_X38Y52         LUT6 (Prop_lut6_I4_O)        0.124    69.950 r  cc/m/CJ2/nand3_out_inferred_i_1/O
                         net (fo=2, routed)           0.299    70.249    cc/m/CJ2/nand3_out
    SLICE_X38Y52         LUT3 (Prop_lut3_I2_O)        0.124    70.373 f  cc/m/CJ2/nand2_out_inferred_i_1/O
                         net (fo=1, routed)           0.161    70.534    cc/m/CJ2/nand2_out
    SLICE_X38Y52         LUT2 (Prop_lut2_I1_O)        0.124    70.658 r  cc/m/CJ2/nand1_out_inferred_i_1/O
                         net (fo=3, routed)           0.597    71.255    cc/m/CJ2/delay2/din
    SLICE_X36Y52         LUT1 (Prop_lut1_I0_O)        0.124    71.379 r  cc/m/CJ2/delay2/buf_inst_begin/O
                         net (fo=1, routed)           0.279    71.658    cc/m/CJ2/delay2/t[0]
    SLICE_X36Y52         LUT1 (Prop_lut1_I0_O)        0.124    71.782 r  cc/m/CJ2/delay2/delay_loop[0].buf_inst/O
                         net (fo=1, routed)           0.853    72.635    cc/m/CJ2/delay2/t[1]
    SLICE_X36Y52         LUT1 (Prop_lut1_I0_O)        0.124    72.759 r  cc/m/CJ2/delay2/delay_loop[1].buf_inst/O
                         net (fo=1, routed)           0.433    73.192    cc/m/CJ2/delay2/t[2]
    SLICE_X36Y52         LUT1 (Prop_lut1_I0_O)        0.124    73.316 r  cc/m/CJ2/delay2/delay_loop[2].buf_inst/O
                         net (fo=1, routed)           0.674    73.990    cc/m/CJ2/delay2/t[3]
    SLICE_X36Y52         LUT1 (Prop_lut1_I0_O)        0.152    74.142 r  cc/m/CJ2/delay2/delay_loop[3].buf_inst/O
                         net (fo=1, routed)           0.851    74.994    cc/m/CJ2/delay2/t[4]
    SLICE_X36Y52         LUT1 (Prop_lut1_I0_O)        0.354    75.348 r  cc/m/CJ2/delay2/delay_loop[4].buf_inst/O
                         net (fo=1, routed)           0.288    75.635    cc/m/CJ2/delay2/t[5]
    SLICE_X36Y52         LUT1 (Prop_lut1_I0_O)        0.328    75.963 r  cc/m/CJ2/delay2/delay_loop[5].buf_inst/O
                         net (fo=1, routed)           0.811    76.774    cc/m/CJ2/delay2/t[6]
    SLICE_X37Y51         LUT1 (Prop_lut1_I0_O)        0.327    77.101 r  cc/m/CJ2/delay2/delay_loop[6].buf_inst/O
                         net (fo=1, routed)           0.433    77.534    cc/m/CJ2/delay2/t[7]
    SLICE_X37Y51         LUT1 (Prop_lut1_I0_O)        0.124    77.658 r  cc/m/CJ2/delay2/delay_loop[7].buf_inst/O
                         net (fo=1, routed)           0.667    78.325    cc/m/CJ2/delay2/t[8]
    SLICE_X37Y51         LUT1 (Prop_lut1_I0_O)        0.124    78.449 r  cc/m/CJ2/delay2/buf_inst_end/O
                         net (fo=1, routed)           0.433    78.882    cc/m/CJ2/LB_out
    SLICE_X37Y51         LUT1 (Prop_lut1_I0_O)        0.124    79.006 f  cc/m/CJ2/Ack_out_INST_0/O
                         net (fo=2, routed)           0.937    79.943    cc/m/Ack_out_b
    SLICE_X39Y55         LUT3 (Prop_lut3_I1_O)        0.124    80.067 r  cc/m/nand4_out_inferred_i_1/O
                         net (fo=1, routed)           0.433    80.500    cc/m/nand4_out
    SLICE_X39Y55         LUT3 (Prop_lut3_I0_O)        0.124    80.624 f  cc/m/nand3_out_inferred_i_1/O
                         net (fo=2, routed)           0.963    81.587    cc/m/nand3_out
    SLICE_X40Y52         LUT2 (Prop_lut2_I0_O)        0.124    81.711 r  cc/m/nand6_out_inferred_i_1/O
                         net (fo=2, routed)           0.667    82.378    cc/m/nand6_out
    SLICE_X41Y52         LUT3 (Prop_lut3_I2_O)        0.124    82.502 f  cc/m/nand5_out_inferred_i_1/O
                         net (fo=2, routed)           0.814    83.316    cc/m/nand5_out
    SLICE_X40Y52         LUT2 (Prop_lut2_I0_O)        0.124    83.440 r  cc/m/nand7_out_inferred_i_1/O
                         net (fo=2, routed)           0.174    83.614    cc/m/nand7_out
    SLICE_X40Y52         LUT3 (Prop_lut3_I2_O)        0.124    83.738 f  cc/m/nand8_out_inferred_i_1/O
                         net (fo=2, routed)           0.426    84.164    cc/m/CJ1/g
    SLICE_X40Y51         LUT6 (Prop_lut6_I3_O)        0.124    84.288 r  cc/m/CJ1/nand3_out_inferred_i_1/O
                         net (fo=2, routed)           0.682    84.970    cc/m/CJ1/nand3_out
    SLICE_X40Y51         LUT2 (Prop_lut2_I0_O)        0.124    85.094 f  cc/m/CJ1/nand4_out_inferred_i_1/O
                         net (fo=1, routed)           0.650    85.743    cc/m/CJ1/nand4_out
    SLICE_X40Y51         LUT3 (Prop_lut3_I0_O)        0.124    85.867 r  cc/m/CJ1/nand5_out_inferred_i_1/O
                         net (fo=3, routed)           0.679    86.546    cc/m/CJ1/nand5_out
    SLICE_X41Y51         LUT1 (Prop_lut1_I0_O)        0.124    86.670 f  cc/m/CJ1/cp_INST_0/O
                         net (fo=39, routed)          0.845    87.515    cc/m/cp1
    SLICE_X40Y52         LUT1 (Prop_lut1_I0_O)        0.124    87.639 r  cc/m/z1_inferred_i_1/O
                         net (fo=3, routed)           0.447    88.086    cc/m/z1
    SLICE_X41Y55         LUT2 (Prop_lut2_I0_O)        0.124    88.210 r  cc/m/nor2_out_inferred_i_1/O
                         net (fo=39, routed)          2.096    90.306    m/SEL
    SLICE_X42Y73         LUT3 (Prop_lut3_I2_O)        0.124    90.430 r  m/PACKET_OUT[25]_INST_0/O
                         net (fo=129, routed)         6.956    97.386    mmcam/entry_fd_loop[17].ef/color_gen_dest_LR[6]
    SLICE_X34Y69         LUT6 (Prop_lut6_I3_O)        0.124    97.510 r  mmcam/entry_fd_loop[17].ef/FIRE_INST_0_i_7/O
                         net (fo=1, routed)           0.000    97.510    mmcam/entry_fd_loop[17].ef/FIRE_INST_0_i_7_n_0
    SLICE_X34Y69         CARRY4 (Prop_carry4_S[1]_CO[3])
                                                      0.533    98.043 r  mmcam/entry_fd_loop[17].ef/FIRE_INST_0_i_2/CO[3]
                         net (fo=1, routed)           0.000    98.043    mmcam/entry_fd_loop[17].ef/FIRE_INST_0_i_2_n_0
    SLICE_X34Y70         CARRY4 (Prop_carry4_CI_CO[1])
                                                      0.157    98.200 f  mmcam/entry_fd_loop[17].ef/FIRE_INST_0_i_1/CO[1]
                         net (fo=2, routed)           0.781    98.981    mmcam/entry_fd_loop[17].ef/FIRE1
    SLICE_X31Y71         LUT4 (Prop_lut4_I1_O)        0.332    99.313 f  mmcam/entry_fd_loop[17].ef/FIRE_INST_0/O
                         net (fo=7, routed)           0.897   100.210    mmcam/am_or_ma/FIRE[17]
    SLICE_X30Y71         LUT4 (Prop_lut4_I1_O)        0.124   100.334 f  mmcam/am_or_ma/R_ADDR_inferred_i_41/O
                         net (fo=3, routed)           0.616   100.950    mmcam/am_or_ma/R_ADDR_inferred_i_41_n_0
    SLICE_X30Y69         LUT6 (Prop_lut6_I0_O)        0.124   101.074 f  mmcam/am_or_ma/FIRE_OR_inferred_i_7/O
                         net (fo=3, routed)           0.835   101.909    mmcam/am_or_ma/FIRE_OR_inferred_i_7_n_0
    SLICE_X29Y70         LUT6 (Prop_lut6_I1_O)        0.124   102.033 f  mmcam/am_or_ma/FIRE_OR_inferred_i_5/O
                         net (fo=2, routed)           0.989   103.022    mmcam/am_or_ma/FIRE_OR_inferred_i_5_n_0
    SLICE_X26Y74         LUT4 (Prop_lut4_I3_O)        0.124   103.146 f  mmcam/am_or_ma/FIRE_OR_inferred_i_1/O
                         net (fo=31, routed)          1.523   104.669    mmcam/am_or_ma/FIRE_OR
    SLICE_X35Y70         LUT3 (Prop_lut3_I0_O)        0.124   104.793 r  mmcam/am_or_ma/EN[61]_INST_0_i_2/O
                         net (fo=30, routed)          1.738   106.531    mmcam/am_or_ma/EN[61]_INST_0_i_2_n_0
    SLICE_X27Y75         LUT6 (Prop_lut6_I3_O)        0.124   106.655 r  mmcam/am_or_ma/EN[53]_INST_0_i_1/O
                         net (fo=4, routed)           0.989   107.643    mmcam/am_or_ma/EN[53]_INST_0_i_1_n_0
    SLICE_X26Y72         LUT6 (Prop_lut6_I0_O)        0.124   107.767 r  mmcam/am_or_ma/EN[21]_INST_0/O
                         net (fo=20, routed)          1.622   109.389    mmcam/entry_fd_loop[21].ef/EN
    SLICE_X21Y64         FDRE                                         r  mmcam/entry_fd_loop[21].ef/ENTRY_reg[14]/CE
  -------------------------------------------------------------------    -------------------

Slack:                    inf
  Source:                 Ack_in
                            (input port)
  Destination:            mmcam/entry_fd_loop[21].ef/ENTRY_reg[15]/CE
  Path Group:             (none)
  Path Type:              Max at Slow Process Corner
  Data Path Delay:        109.389ns  (logic 21.456ns (19.615%)  route 87.933ns (80.385%))
  Logic Levels:           135  (CARRY4=2 IBUF=1 LUT1=81 LUT2=16 LUT3=17 LUT4=11 LUT6=7)

    Location             Delay type                Incr(ns)  Path(ns)    Netlist Resource(s)
  -------------------------------------------------------------------    -------------------
    P14                                               0.000     0.000 f  Ack_in (IN)
                         net (fo=0)                   0.000     0.000    Ack_in
    P14                  IBUF (Prop_ibuf_I_O)         1.002     1.002 f  Ack_in_IBUF_inst/O
                         net (fo=2, routed)           1.435     2.437    cc/c/Ack_in
    SLICE_X42Y53         LUT4 (Prop_lut4_I3_O)        0.124     2.561 r  cc/c/nand3_out_inferred_i_1/O
                         net (fo=2, routed)           0.459     3.020    cc/c/nand3_out
    SLICE_X42Y54         LUT3 (Prop_lut3_I2_O)        0.124     3.144 f  cc/c/nand2_out_inferred_i_1/O
                         net (fo=1, routed)           0.286     3.431    cc/c/nand2_out
    SLICE_X42Y54         LUT2 (Prop_lut2_I1_O)        0.124     3.555 r  cc/c/nand1_out_inferred_i_1/O
                         net (fo=3, routed)           0.960     4.514    cc/c/delay2/din
    SLICE_X41Y55         LUT1 (Prop_lut1_I0_O)        0.124     4.638 r  cc/c/delay2/buf_inst_begin/O
                         net (fo=1, routed)           0.714     5.353    cc/c/delay2/t[0]
    SLICE_X40Y55         LUT1 (Prop_lut1_I0_O)        0.124     5.477 r  cc/c/delay2/delay_loop[0].buf_inst/O
                         net (fo=1, routed)           0.279     5.756    cc/c/delay2/t[1]
    SLICE_X40Y55         LUT1 (Prop_lut1_I0_O)        0.124     5.880 r  cc/c/delay2/delay_loop[1].buf_inst/O
                         net (fo=1, routed)           0.853     6.732    cc/c/delay2/t[2]
    SLICE_X40Y55         LUT1 (Prop_lut1_I0_O)        0.124     6.856 r  cc/c/delay2/delay_loop[2].buf_inst/O
                         net (fo=1, routed)           0.433     7.290    cc/c/delay2/t[3]
    SLICE_X40Y55         LUT1 (Prop_lut1_I0_O)        0.124     7.414 r  cc/c/delay2/delay_loop[3].buf_inst/O
                         net (fo=1, routed)           0.674     8.088    cc/c/delay2/t[4]
    SLICE_X40Y55         LUT1 (Prop_lut1_I0_O)        0.152     8.240 r  cc/c/delay2/delay_loop[4].buf_inst/O
                         net (fo=1, routed)           0.851     9.091    cc/c/delay2/t[5]
    SLICE_X40Y55         LUT1 (Prop_lut1_I0_O)        0.354     9.445 r  cc/c/delay2/delay_loop[5].buf_inst/O
                         net (fo=1, routed)           0.288     9.733    cc/c/delay2/t[6]
    SLICE_X40Y55         LUT1 (Prop_lut1_I0_O)        0.328    10.061 r  cc/c/delay2/delay_loop[6].buf_inst/O
                         net (fo=1, routed)           0.806    10.867    cc/c/delay2/t[7]
    SLICE_X38Y55         LUT1 (Prop_lut1_I0_O)        0.327    11.194 r  cc/c/delay2/delay_loop[7].buf_inst/O
                         net (fo=1, routed)           0.452    11.646    cc/c/delay2/t[8]
    SLICE_X38Y55         LUT1 (Prop_lut1_I0_O)        0.124    11.770 r  cc/c/delay2/buf_inst_end/O
                         net (fo=1, routed)           0.403    12.173    cc/c/LB_out
    SLICE_X39Y55         LUT1 (Prop_lut1_I0_O)        0.124    12.297 f  cc/c/Ack_out_INST_0/O
                         net (fo=1, routed)           0.263    12.560    cc/b/Ack_in_a
    SLICE_X39Y55         LUT2 (Prop_lut2_I0_O)        0.124    12.684 f  cc/b/and_out_inferred_i_1/O
                         net (fo=2, routed)           0.817    13.501    cc/b/c0/Ack_in
    SLICE_X35Y64         LUT4 (Prop_lut4_I3_O)        0.124    13.625 r  cc/b/c0/nand3_out_inferred_i_1/O
                         net (fo=2, routed)           0.555    14.180    cc/b/c0/nand3_out
    SLICE_X35Y67         LUT3 (Prop_lut3_I2_O)        0.124    14.304 f  cc/b/c0/nand2_out_inferred_i_1/O
                         net (fo=1, routed)           0.264    14.568    cc/b/c0/nand2_out
    SLICE_X35Y67         LUT2 (Prop_lut2_I1_O)        0.124    14.692 r  cc/b/c0/nand1_out_inferred_i_1/O
                         net (fo=3, routed)           0.796    15.488    cc/b/c0/delay2/din
    SLICE_X28Y67         LUT1 (Prop_lut1_I0_O)        0.124    15.612 r  cc/b/c0/delay2/buf_inst_begin/O
                         net (fo=1, routed)           0.286    15.898    cc/b/c0/delay2/t[0]
    SLICE_X28Y67         LUT1 (Prop_lut1_I0_O)        0.124    16.022 r  cc/b/c0/delay2/delay_loop[0].buf_inst/O
                         net (fo=1, routed)           0.161    16.183    cc/b/c0/delay2/t[1]
    SLICE_X28Y67         LUT1 (Prop_lut1_I0_O)        0.124    16.307 r  cc/b/c0/delay2/delay_loop[1].buf_inst/O
                         net (fo=1, routed)           1.322    17.629    cc/b/c0/delay2/t[2]
    SLICE_X25Y78         LUT1 (Prop_lut1_I0_O)        0.124    17.753 r  cc/b/c0/delay2/delay_loop[2].buf_inst/O
                         net (fo=1, routed)           0.623    18.376    cc/b/c0/delay2/t[3]
    SLICE_X24Y86         LUT1 (Prop_lut1_I0_O)        0.124    18.500 r  cc/b/c0/delay2/buf_inst_end/O
                         net (fo=1, routed)           0.452    18.952    cc/b/c0/LB_out
    SLICE_X24Y86         LUT1 (Prop_lut1_I0_O)        0.124    19.076 f  cc/b/c0/Ack_out_INST_0/O
                         net (fo=4, routed)           0.598    19.674    cc/copy/Ack_in
    SLICE_X22Y89         LUT3 (Prop_lut3_I0_O)        0.124    19.798 f  cc/copy/and2_out_inferred_i_1/O
                         net (fo=2, routed)           0.967    20.765    cc/copy/CF1/Ack_in
    SLICE_X20Y91         LUT4 (Prop_lut4_I3_O)        0.124    20.889 r  cc/copy/CF1/nand3_out_inferred_i_1/O
                         net (fo=2, routed)           0.298    21.187    cc/copy/CF1/nand3_out
    SLICE_X20Y91         LUT3 (Prop_lut3_I2_O)        0.124    21.311 f  cc/copy/CF1/nand2_out_inferred_i_1/O
                         net (fo=1, routed)           0.656    21.967    cc/copy/CF1/nand2_out
    SLICE_X21Y91         LUT2 (Prop_lut2_I1_O)        0.124    22.091 r  cc/copy/CF1/nand1_out_inferred_i_1/O
                         net (fo=3, routed)           0.832    22.923    cc/copy/CF1/delay2/din
    SLICE_X21Y92         LUT1 (Prop_lut1_I0_O)        0.124    23.047 r  cc/copy/CF1/delay2/buf_inst_begin/O
                         net (fo=1, routed)           0.867    23.914    cc/copy/CF1/delay2/t[0]
    SLICE_X20Y92         LUT1 (Prop_lut1_I0_O)        0.124    24.038 r  cc/copy/CF1/delay2/delay_loop[0].buf_inst/O
                         net (fo=1, routed)           0.161    24.199    cc/copy/CF1/delay2/t[1]
    SLICE_X20Y92         LUT1 (Prop_lut1_I0_O)        0.124    24.323 r  cc/copy/CF1/delay2/delay_loop[1].buf_inst/O
                         net (fo=1, routed)           0.466    24.789    cc/copy/CF1/delay2/t[2]
    SLICE_X20Y92         LUT1 (Prop_lut1_I0_O)        0.124    24.913 r  cc/copy/CF1/delay2/delay_loop[2].buf_inst/O
                         net (fo=1, routed)           0.680    25.593    cc/copy/CF1/delay2/t[3]
    SLICE_X20Y92         LUT1 (Prop_lut1_I0_O)        0.124    25.717 r  cc/copy/CF1/delay2/buf_inst_end/O
                         net (fo=1, routed)           0.493    26.210    cc/copy/CF1/LB_out
    SLICE_X21Y92         LUT1 (Prop_lut1_I0_O)        0.124    26.334 f  cc/copy/CF1/Ack_out_INST_0/O
                         net (fo=2, routed)           0.580    26.914    cc/ma/Ack_in
    SLICE_X19Y89         LUT4 (Prop_lut4_I3_O)        0.124    27.038 r  cc/ma/nand3_out_inferred_i_1/O
                         net (fo=2, routed)           0.957    27.995    cc/ma/nand3_out
    SLICE_X20Y89         LUT3 (Prop_lut3_I2_O)        0.124    28.119 f  cc/ma/nand2_out_inferred_i_1/O
                         net (fo=1, routed)           0.286    28.405    cc/ma/nand2_out
    SLICE_X20Y89         LUT2 (Prop_lut2_I1_O)        0.124    28.529 r  cc/ma/nand1_out_inferred_i_1/O
                         net (fo=3, routed)           0.838    29.368    cc/ma/delay2/din
    SLICE_X16Y91         LUT1 (Prop_lut1_I0_O)        0.124    29.492 r  cc/ma/delay2/buf_inst_begin/O
                         net (fo=1, routed)           0.286    29.778    cc/ma/delay2/t[0]
    SLICE_X16Y91         LUT1 (Prop_lut1_I0_O)        0.124    29.902 r  cc/ma/delay2/delay_loop[0].buf_inst/O
                         net (fo=1, routed)           0.161    30.063    cc/ma/delay2/t[1]
    SLICE_X16Y91         LUT1 (Prop_lut1_I0_O)        0.124    30.187 r  cc/ma/delay2/delay_loop[1].buf_inst/O
                         net (fo=1, routed)           0.466    30.653    cc/ma/delay2/t[2]
    SLICE_X16Y91         LUT1 (Prop_lut1_I0_O)        0.124    30.777 r  cc/ma/delay2/delay_loop[2].buf_inst/O
                         net (fo=1, routed)           0.821    31.598    cc/ma/delay2/t[3]
    SLICE_X16Y90         LUT1 (Prop_lut1_I0_O)        0.124    31.722 r  cc/ma/delay2/delay_loop[3].buf_inst/O
                         net (fo=1, routed)           0.286    32.008    cc/ma/delay2/t[4]
    SLICE_X16Y90         LUT1 (Prop_lut1_I0_O)        0.124    32.132 r  cc/ma/delay2/delay_loop[4].buf_inst/O
                         net (fo=1, routed)           0.161    32.293    cc/ma/delay2/t[5]
    SLICE_X16Y90         LUT1 (Prop_lut1_I0_O)        0.124    32.417 r  cc/ma/delay2/delay_loop[5].buf_inst/O
                         net (fo=1, routed)           0.466    32.883    cc/ma/delay2/t[6]
    SLICE_X16Y90         LUT1 (Prop_lut1_I0_O)        0.124    33.007 r  cc/ma/delay2/delay_loop[6].buf_inst/O
                         net (fo=1, routed)           0.707    33.714    cc/ma/delay2/t[7]
    SLICE_X18Y88         LUT1 (Prop_lut1_I0_O)        0.124    33.838 r  cc/ma/delay2/delay_loop[7].buf_inst/O
                         net (fo=1, routed)           0.280    34.118    cc/ma/delay2/t[8]
    SLICE_X18Y88         LUT1 (Prop_lut1_I0_O)        0.124    34.242 r  cc/ma/delay2/buf_inst_end/O
                         net (fo=1, routed)           0.159    34.401    cc/ma/LB_out
    SLICE_X18Y88         LUT1 (Prop_lut1_I0_O)        0.124    34.525 f  cc/ma/Ack_out_INST_0/O
                         net (fo=1, routed)           0.656    35.181    cc/fp/Ack_in
    SLICE_X19Y88         LUT2 (Prop_lut2_I0_O)        0.124    35.305 f  cc/fp/and_out_inferred_i_1/O
                         net (fo=2, routed)           0.803    36.108    cc/fp/c0/Ack_in
    SLICE_X16Y88         LUT4 (Prop_lut4_I3_O)        0.124    36.232 r  cc/fp/c0/nand3_out_inferred_i_1/O
                         net (fo=2, routed)           0.843    37.074    cc/fp/c0/nand3_out
    SLICE_X16Y88         LUT3 (Prop_lut3_I2_O)        0.124    37.198 f  cc/fp/c0/nand2_out_inferred_i_1/O
                         net (fo=1, routed)           0.171    37.369    cc/fp/c0/nand2_out
    SLICE_X16Y88         LUT2 (Prop_lut2_I1_O)        0.124    37.493 r  cc/fp/c0/nand1_out_inferred_i_1/O
                         net (fo=3, routed)           0.688    38.181    cc/fp/c0/delay2/din
    SLICE_X16Y87         LUT1 (Prop_lut1_I0_O)        0.124    38.305 r  cc/fp/c0/delay2/buf_inst_begin/O
                         net (fo=1, routed)           0.670    38.975    cc/fp/c0/delay2/t[0]
    SLICE_X16Y87         LUT1 (Prop_lut1_I0_O)        0.152    39.127 r  cc/fp/c0/delay2/delay_loop[0].buf_inst/O
                         net (fo=1, routed)           0.286    39.413    cc/fp/c0/delay2/t[1]
    SLICE_X16Y87         LUT1 (Prop_lut1_I0_O)        0.341    39.754 r  cc/fp/c0/delay2/delay_loop[1].buf_inst/O
                         net (fo=1, routed)           0.692    40.446    cc/fp/c0/delay2/t[2]
    SLICE_X16Y87         LUT1 (Prop_lut1_I0_O)        0.363    40.809 r  cc/fp/c0/delay2/delay_loop[2].buf_inst/O
                         net (fo=1, routed)           0.455    41.265    cc/fp/c0/delay2/t[3]
    SLICE_X16Y87         LUT1 (Prop_lut1_I0_O)        0.381    41.646 r  cc/fp/c0/delay2/buf_inst_end/O
                         net (fo=1, routed)           0.853    42.499    cc/fp/c0/LB_out
    SLICE_X16Y87         LUT1 (Prop_lut1_I0_O)        0.328    42.827 f  cc/fp/c0/Ack_out_INST_0/O
                         net (fo=2, routed)           0.736    43.563    cc/ps/Ack_in
    SLICE_X19Y84         LUT4 (Prop_lut4_I3_O)        0.124    43.687 r  cc/ps/nand3_out_inferred_i_1/O
                         net (fo=2, routed)           0.517    44.204    cc/ps/nand3_out
    SLICE_X18Y84         LUT3 (Prop_lut3_I2_O)        0.124    44.328 f  cc/ps/nand2_out_inferred_i_1/O
                         net (fo=1, routed)           0.279    44.607    cc/ps/nand2_out
    SLICE_X18Y84         LUT2 (Prop_lut2_I1_O)        0.124    44.731 r  cc/ps/nand1_out_inferred_i_1/O
                         net (fo=3, routed)           0.183    44.914    cc/ps/delay2/din
    SLICE_X18Y84         LUT1 (Prop_lut1_I0_O)        0.124    45.038 r  cc/ps/delay2/buf_inst_begin/O
                         net (fo=1, routed)           0.716    45.754    cc/ps/delay2/t[0]
    SLICE_X19Y82         LUT1 (Prop_lut1_I0_O)        0.124    45.878 r  cc/ps/delay2/delay_loop[0].buf_inst/O
                         net (fo=1, routed)           0.264    46.142    cc/ps/delay2/t[1]
    SLICE_X19Y82         LUT1 (Prop_lut1_I0_O)        0.124    46.266 r  cc/ps/delay2/delay_loop[1].buf_inst/O
                         net (fo=1, routed)           0.656    46.922    cc/ps/delay2/t[2]
    SLICE_X18Y82         LUT1 (Prop_lut1_I0_O)        0.124    47.046 r  cc/ps/delay2/delay_loop[2].buf_inst/O
                         net (fo=1, routed)           0.279    47.325    cc/ps/delay2/t[3]
    SLICE_X18Y82         LUT1 (Prop_lut1_I0_O)        0.124    47.449 r  cc/ps/delay2/delay_loop[3].buf_inst/O
                         net (fo=1, routed)           0.158    47.607    cc/ps/delay2/t[4]
    SLICE_X18Y82         LUT1 (Prop_lut1_I0_O)        0.124    47.731 r  cc/ps/delay2/delay_loop[4].buf_inst/O
                         net (fo=1, routed)           0.433    48.165    cc/ps/delay2/t[5]
    SLICE_X18Y82         LUT1 (Prop_lut1_I0_O)        0.124    48.289 r  cc/ps/delay2/delay_loop[5].buf_inst/O
                         net (fo=1, routed)           1.013    49.301    cc/ps/delay2/t[6]
    SLICE_X19Y77         LUT1 (Prop_lut1_I0_O)        0.124    49.425 r  cc/ps/delay2/delay_loop[6].buf_inst/O
                         net (fo=1, routed)           0.149    49.574    cc/ps/delay2/t[7]
    SLICE_X19Y77         LUT1 (Prop_lut1_I0_O)        0.124    49.698 r  cc/ps/delay2/delay_loop[7].buf_inst/O
                         net (fo=1, routed)           0.154    49.853    cc/ps/delay2/t[8]
    SLICE_X19Y77         LUT1 (Prop_lut1_I0_O)        0.124    49.977 r  cc/ps/delay2/buf_inst_end/O
                         net (fo=1, routed)           1.264    51.241    cc/ps/LB_out
    SLICE_X20Y66         LUT1 (Prop_lut1_I0_O)        0.124    51.365 f  cc/ps/Ack_out_INST_0/O
                         net (fo=1, routed)           0.680    52.045    cc/mmram/Ack_in
    SLICE_X20Y66         LUT2 (Prop_lut2_I0_O)        0.124    52.169 f  cc/mmram/and_out_inferred_i_1/O
                         net (fo=2, routed)           1.217    53.386    cc/mmram/c0/Ack_in
    SLICE_X26Y64         LUT4 (Prop_lut4_I3_O)        0.124    53.510 r  cc/mmram/c0/nand3_out_inferred_i_1/O
                         net (fo=2, routed)           0.680    54.190    cc/mmram/c0/nand3_out
    SLICE_X30Y64         LUT3 (Prop_lut3_I2_O)        0.124    54.314 f  cc/mmram/c0/nand2_out_inferred_i_1/O
                         net (fo=1, routed)           0.286    54.601    cc/mmram/c0/nand2_out
    SLICE_X30Y64         LUT2 (Prop_lut2_I1_O)        0.124    54.725 r  cc/mmram/c0/nand1_out_inferred_i_1/O
                         net (fo=3, routed)           1.053    55.777    cc/mmram/c0/delay2/din
    SLICE_X32Y58         LUT1 (Prop_lut1_I0_O)        0.124    55.901 r  cc/mmram/c0/delay2/buf_inst_begin/O
                         net (fo=1, routed)           0.670    56.571    cc/mmram/c0/delay2/t[0]
    SLICE_X32Y58         LUT1 (Prop_lut1_I0_O)        0.124    56.695 r  cc/mmram/c0/delay2/delay_loop[0].buf_inst/O
                         net (fo=1, routed)           0.466    57.161    cc/mmram/c0/delay2/t[1]
    SLICE_X32Y58         LUT1 (Prop_lut1_I0_O)        0.124    57.285 r  cc/mmram/c0/delay2/delay_loop[1].buf_inst/O
                         net (fo=1, routed)           0.680    57.965    cc/mmram/c0/delay2/t[2]
    SLICE_X32Y58         LUT1 (Prop_lut1_I0_O)        0.150    58.115 r  cc/mmram/c0/delay2/delay_loop[2].buf_inst/O
                         net (fo=1, routed)           0.165    58.281    cc/mmram/c0/delay2/t[3]
    SLICE_X32Y58         LUT1 (Prop_lut1_I0_O)        0.328    58.609 r  cc/mmram/c0/delay2/buf_inst_end/O
                         net (fo=1, routed)           0.655    59.264    cc/mmram/c0/LB_out
    SLICE_X33Y58         LUT1 (Prop_lut1_I0_O)        0.152    59.416 f  cc/mmram/c0/Ack_out_INST_0/O
                         net (fo=2, routed)           0.683    60.099    cc/mmcam/Ack_in
    SLICE_X33Y58         LUT4 (Prop_lut4_I3_O)        0.332    60.431 r  cc/mmcam/nand3_out_inferred_i_1/O
                         net (fo=2, routed)           0.415    60.846    cc/mmcam/nand3_out
    SLICE_X33Y56         LUT3 (Prop_lut3_I2_O)        0.124    60.970 f  cc/mmcam/nand2_out_inferred_i_1/O
                         net (fo=1, routed)           0.264    61.234    cc/mmcam/nand2_out
    SLICE_X33Y56         LUT2 (Prop_lut2_I1_O)        0.124    61.358 r  cc/mmcam/nand1_out_inferred_i_1/O
                         net (fo=3, routed)           0.176    61.534    cc/mmcam/delay2/din
    SLICE_X33Y56         LUT1 (Prop_lut1_I0_O)        0.124    61.658 r  cc/mmcam/delay2/buf_inst_begin/O
                         net (fo=1, routed)           1.036    62.694    cc/mmcam/delay2/t[0]
    SLICE_X39Y56         LUT1 (Prop_lut1_I0_O)        0.124    62.818 r  cc/mmcam/delay2/delay_loop[0].buf_inst/O
                         net (fo=1, routed)           0.264    63.082    cc/mmcam/delay2/t[1]
    SLICE_X39Y56         LUT1 (Prop_lut1_I0_O)        0.124    63.206 r  cc/mmcam/delay2/delay_loop[1].buf_inst/O
                         net (fo=1, routed)           0.149    63.355    cc/mmcam/delay2/t[2]
    SLICE_X39Y56         LUT1 (Prop_lut1_I0_O)        0.124    63.479 r  cc/mmcam/delay2/delay_loop[2].buf_inst/O
                         net (fo=1, routed)           0.433    63.912    cc/mmcam/delay2/t[3]
    SLICE_X39Y56         LUT1 (Prop_lut1_I0_O)        0.124    64.036 r  cc/mmcam/delay2/delay_loop[3].buf_inst/O
                         net (fo=1, routed)           0.875    64.912    cc/mmcam/delay2/t[4]
    SLICE_X38Y56         LUT1 (Prop_lut1_I0_O)        0.124    65.036 r  cc/mmcam/delay2/delay_loop[4].buf_inst/O
                         net (fo=1, routed)           0.830    65.866    cc/mmcam/delay2/t[5]
    SLICE_X38Y55         LUT1 (Prop_lut1_I0_O)        0.124    65.990 r  cc/mmcam/delay2/delay_loop[5].buf_inst/O
                         net (fo=1, routed)           0.680    66.670    cc/mmcam/delay2/t[6]
    SLICE_X38Y55         LUT1 (Prop_lut1_I0_O)        0.150    66.820 r  cc/mmcam/delay2/delay_loop[6].buf_inst/O
                         net (fo=1, routed)           0.478    67.299    cc/mmcam/delay2/t[7]
    SLICE_X38Y55         LUT1 (Prop_lut1_I0_O)        0.321    67.620 r  cc/mmcam/delay2/delay_loop[7].buf_inst/O
                         net (fo=1, routed)           0.286    67.905    cc/mmcam/delay2/t[8]
    SLICE_X38Y55         LUT1 (Prop_lut1_I0_O)        0.348    68.253 r  cc/mmcam/delay2/buf_inst_end/O
                         net (fo=1, routed)           0.607    68.860    cc/mmcam/LB_out
    SLICE_X38Y53         LUT1 (Prop_lut1_I0_O)        0.124    68.984 f  cc/mmcam/Ack_out_INST_0/O
                         net (fo=4, routed)           0.842    69.826    cc/m/CJ2/Ack_in
    SLICE_X38Y52         LUT6 (Prop_lut6_I4_O)        0.124    69.950 r  cc/m/CJ2/nand3_out_inferred_i_1/O
                         net (fo=2, routed)           0.299    70.249    cc/m/CJ2/nand3_out
    SLICE_X38Y52         LUT3 (Prop_lut3_I2_O)        0.124    70.373 f  cc/m/CJ2/nand2_out_inferred_i_1/O
                         net (fo=1, routed)           0.161    70.534    cc/m/CJ2/nand2_out
    SLICE_X38Y52         LUT2 (Prop_lut2_I1_O)        0.124    70.658 r  cc/m/CJ2/nand1_out_inferred_i_1/O
                         net (fo=3, routed)           0.597    71.255    cc/m/CJ2/delay2/din
    SLICE_X36Y52         LUT1 (Prop_lut1_I0_O)        0.124    71.379 r  cc/m/CJ2/delay2/buf_inst_begin/O
                         net (fo=1, routed)           0.279    71.658    cc/m/CJ2/delay2/t[0]
    SLICE_X36Y52         LUT1 (Prop_lut1_I0_O)        0.124    71.782 r  cc/m/CJ2/delay2/delay_loop[0].buf_inst/O
                         net (fo=1, routed)           0.853    72.635    cc/m/CJ2/delay2/t[1]
    SLICE_X36Y52         LUT1 (Prop_lut1_I0_O)        0.124    72.759 r  cc/m/CJ2/delay2/delay_loop[1].buf_inst/O
                         net (fo=1, routed)           0.433    73.192    cc/m/CJ2/delay2/t[2]
    SLICE_X36Y52         LUT1 (Prop_lut1_I0_O)        0.124    73.316 r  cc/m/CJ2/delay2/delay_loop[2].buf_inst/O
                         net (fo=1, routed)           0.674    73.990    cc/m/CJ2/delay2/t[3]
    SLICE_X36Y52         LUT1 (Prop_lut1_I0_O)        0.152    74.142 r  cc/m/CJ2/delay2/delay_loop[3].buf_inst/O
                         net (fo=1, routed)           0.851    74.994    cc/m/CJ2/delay2/t[4]
    SLICE_X36Y52         LUT1 (Prop_lut1_I0_O)        0.354    75.348 r  cc/m/CJ2/delay2/delay_loop[4].buf_inst/O
                         net (fo=1, routed)           0.288    75.635    cc/m/CJ2/delay2/t[5]
    SLICE_X36Y52         LUT1 (Prop_lut1_I0_O)        0.328    75.963 r  cc/m/CJ2/delay2/delay_loop[5].buf_inst/O
                         net (fo=1, routed)           0.811    76.774    cc/m/CJ2/delay2/t[6]
    SLICE_X37Y51         LUT1 (Prop_lut1_I0_O)        0.327    77.101 r  cc/m/CJ2/delay2/delay_loop[6].buf_inst/O
                         net (fo=1, routed)           0.433    77.534    cc/m/CJ2/delay2/t[7]
    SLICE_X37Y51         LUT1 (Prop_lut1_I0_O)        0.124    77.658 r  cc/m/CJ2/delay2/delay_loop[7].buf_inst/O
                         net (fo=1, routed)           0.667    78.325    cc/m/CJ2/delay2/t[8]
    SLICE_X37Y51         LUT1 (Prop_lut1_I0_O)        0.124    78.449 r  cc/m/CJ2/delay2/buf_inst_end/O
                         net (fo=1, routed)           0.433    78.882    cc/m/CJ2/LB_out
    SLICE_X37Y51         LUT1 (Prop_lut1_I0_O)        0.124    79.006 f  cc/m/CJ2/Ack_out_INST_0/O
                         net (fo=2, routed)           0.937    79.943    cc/m/Ack_out_b
    SLICE_X39Y55         LUT3 (Prop_lut3_I1_O)        0.124    80.067 r  cc/m/nand4_out_inferred_i_1/O
                         net (fo=1, routed)           0.433    80.500    cc/m/nand4_out
    SLICE_X39Y55         LUT3 (Prop_lut3_I0_O)        0.124    80.624 f  cc/m/nand3_out_inferred_i_1/O
                         net (fo=2, routed)           0.963    81.587    cc/m/nand3_out
    SLICE_X40Y52         LUT2 (Prop_lut2_I0_O)        0.124    81.711 r  cc/m/nand6_out_inferred_i_1/O
                         net (fo=2, routed)           0.667    82.378    cc/m/nand6_out
    SLICE_X41Y52         LUT3 (Prop_lut3_I2_O)        0.124    82.502 f  cc/m/nand5_out_inferred_i_1/O
                         net (fo=2, routed)           0.814    83.316    cc/m/nand5_out
    SLICE_X40Y52         LUT2 (Prop_lut2_I0_O)        0.124    83.440 r  cc/m/nand7_out_inferred_i_1/O
                         net (fo=2, routed)           0.174    83.614    cc/m/nand7_out
    SLICE_X40Y52         LUT3 (Prop_lut3_I2_O)        0.124    83.738 f  cc/m/nand8_out_inferred_i_1/O
                         net (fo=2, routed)           0.426    84.164    cc/m/CJ1/g
    SLICE_X40Y51         LUT6 (Prop_lut6_I3_O)        0.124    84.288 r  cc/m/CJ1/nand3_out_inferred_i_1/O
                         net (fo=2, routed)           0.682    84.970    cc/m/CJ1/nand3_out
    SLICE_X40Y51         LUT2 (Prop_lut2_I0_O)        0.124    85.094 f  cc/m/CJ1/nand4_out_inferred_i_1/O
                         net (fo=1, routed)           0.650    85.743    cc/m/CJ1/nand4_out
    SLICE_X40Y51         LUT3 (Prop_lut3_I0_O)        0.124    85.867 r  cc/m/CJ1/nand5_out_inferred_i_1/O
                         net (fo=3, routed)           0.679    86.546    cc/m/CJ1/nand5_out
    SLICE_X41Y51         LUT1 (Prop_lut1_I0_O)        0.124    86.670 f  cc/m/CJ1/cp_INST_0/O
                         net (fo=39, routed)          0.845    87.515    cc/m/cp1
    SLICE_X40Y52         LUT1 (Prop_lut1_I0_O)        0.124    87.639 r  cc/m/z1_inferred_i_1/O
                         net (fo=3, routed)           0.447    88.086    cc/m/z1
    SLICE_X41Y55         LUT2 (Prop_lut2_I0_O)        0.124    88.210 r  cc/m/nor2_out_inferred_i_1/O
                         net (fo=39, routed)          2.096    90.306    m/SEL
    SLICE_X42Y73         LUT3 (Prop_lut3_I2_O)        0.124    90.430 r  m/PACKET_OUT[25]_INST_0/O
                         net (fo=129, routed)         6.956    97.386    mmcam/entry_fd_loop[17].ef/color_gen_dest_LR[6]
    SLICE_X34Y69         LUT6 (Prop_lut6_I3_O)        0.124    97.510 r  mmcam/entry_fd_loop[17].ef/FIRE_INST_0_i_7/O
                         net (fo=1, routed)           0.000    97.510    mmcam/entry_fd_loop[17].ef/FIRE_INST_0_i_7_n_0
    SLICE_X34Y69         CARRY4 (Prop_carry4_S[1]_CO[3])
                                                      0.533    98.043 r  mmcam/entry_fd_loop[17].ef/FIRE_INST_0_i_2/CO[3]
                         net (fo=1, routed)           0.000    98.043    mmcam/entry_fd_loop[17].ef/FIRE_INST_0_i_2_n_0
    SLICE_X34Y70         CARRY4 (Prop_carry4_CI_CO[1])
                                                      0.157    98.200 f  mmcam/entry_fd_loop[17].ef/FIRE_INST_0_i_1/CO[1]
                         net (fo=2, routed)           0.781    98.981    mmcam/entry_fd_loop[17].ef/FIRE1
    SLICE_X31Y71         LUT4 (Prop_lut4_I1_O)        0.332    99.313 f  mmcam/entry_fd_loop[17].ef/FIRE_INST_0/O
                         net (fo=7, routed)           0.897   100.210    mmcam/am_or_ma/FIRE[17]
    SLICE_X30Y71         LUT4 (Prop_lut4_I1_O)        0.124   100.334 f  mmcam/am_or_ma/R_ADDR_inferred_i_41/O
                         net (fo=3, routed)           0.616   100.950    mmcam/am_or_ma/R_ADDR_inferred_i_41_n_0
    SLICE_X30Y69         LUT6 (Prop_lut6_I0_O)        0.124   101.074 f  mmcam/am_or_ma/FIRE_OR_inferred_i_7/O
                         net (fo=3, routed)           0.835   101.909    mmcam/am_or_ma/FIRE_OR_inferred_i_7_n_0
    SLICE_X29Y70         LUT6 (Prop_lut6_I1_O)        0.124   102.033 f  mmcam/am_or_ma/FIRE_OR_inferred_i_5/O
                         net (fo=2, routed)           0.989   103.022    mmcam/am_or_ma/FIRE_OR_inferred_i_5_n_0
    SLICE_X26Y74         LUT4 (Prop_lut4_I3_O)        0.124   103.146 f  mmcam/am_or_ma/FIRE_OR_inferred_i_1/O
                         net (fo=31, routed)          1.523   104.669    mmcam/am_or_ma/FIRE_OR
    SLICE_X35Y70         LUT3 (Prop_lut3_I0_O)        0.124   104.793 r  mmcam/am_or_ma/EN[61]_INST_0_i_2/O
                         net (fo=30, routed)          1.738   106.531    mmcam/am_or_ma/EN[61]_INST_0_i_2_n_0
    SLICE_X27Y75         LUT6 (Prop_lut6_I3_O)        0.124   106.655 r  mmcam/am_or_ma/EN[53]_INST_0_i_1/O
                         net (fo=4, routed)           0.989   107.643    mmcam/am_or_ma/EN[53]_INST_0_i_1_n_0
    SLICE_X26Y72         LUT6 (Prop_lut6_I0_O)        0.124   107.767 r  mmcam/am_or_ma/EN[21]_INST_0/O
                         net (fo=20, routed)          1.622   109.389    mmcam/entry_fd_loop[21].ef/EN
    SLICE_X21Y64         FDRE                                         r  mmcam/entry_fd_loop[21].ef/ENTRY_reg[15]/CE
  -------------------------------------------------------------------    -------------------

Slack:                    inf
  Source:                 Ack_in
                            (input port)
  Destination:            mmcam/entry_fd_loop[21].ef/ENTRY_reg[16]/CE
  Path Group:             (none)
  Path Type:              Max at Slow Process Corner
  Data Path Delay:        109.389ns  (logic 21.456ns (19.615%)  route 87.933ns (80.385%))
  Logic Levels:           135  (CARRY4=2 IBUF=1 LUT1=81 LUT2=16 LUT3=17 LUT4=11 LUT6=7)

    Location             Delay type                Incr(ns)  Path(ns)    Netlist Resource(s)
  -------------------------------------------------------------------    -------------------
    P14                                               0.000     0.000 f  Ack_in (IN)
                         net (fo=0)                   0.000     0.000    Ack_in
    P14                  IBUF (Prop_ibuf_I_O)         1.002     1.002 f  Ack_in_IBUF_inst/O
                         net (fo=2, routed)           1.435     2.437    cc/c/Ack_in
    SLICE_X42Y53         LUT4 (Prop_lut4_I3_O)        0.124     2.561 r  cc/c/nand3_out_inferred_i_1/O
                         net (fo=2, routed)           0.459     3.020    cc/c/nand3_out
    SLICE_X42Y54         LUT3 (Prop_lut3_I2_O)        0.124     3.144 f  cc/c/nand2_out_inferred_i_1/O
                         net (fo=1, routed)           0.286     3.431    cc/c/nand2_out
    SLICE_X42Y54         LUT2 (Prop_lut2_I1_O)        0.124     3.555 r  cc/c/nand1_out_inferred_i_1/O
                         net (fo=3, routed)           0.960     4.514    cc/c/delay2/din
    SLICE_X41Y55         LUT1 (Prop_lut1_I0_O)        0.124     4.638 r  cc/c/delay2/buf_inst_begin/O
                         net (fo=1, routed)           0.714     5.353    cc/c/delay2/t[0]
    SLICE_X40Y55         LUT1 (Prop_lut1_I0_O)        0.124     5.477 r  cc/c/delay2/delay_loop[0].buf_inst/O
                         net (fo=1, routed)           0.279     5.756    cc/c/delay2/t[1]
    SLICE_X40Y55         LUT1 (Prop_lut1_I0_O)        0.124     5.880 r  cc/c/delay2/delay_loop[1].buf_inst/O
                         net (fo=1, routed)           0.853     6.732    cc/c/delay2/t[2]
    SLICE_X40Y55         LUT1 (Prop_lut1_I0_O)        0.124     6.856 r  cc/c/delay2/delay_loop[2].buf_inst/O
                         net (fo=1, routed)           0.433     7.290    cc/c/delay2/t[3]
    SLICE_X40Y55         LUT1 (Prop_lut1_I0_O)        0.124     7.414 r  cc/c/delay2/delay_loop[3].buf_inst/O
                         net (fo=1, routed)           0.674     8.088    cc/c/delay2/t[4]
    SLICE_X40Y55         LUT1 (Prop_lut1_I0_O)        0.152     8.240 r  cc/c/delay2/delay_loop[4].buf_inst/O
                         net (fo=1, routed)           0.851     9.091    cc/c/delay2/t[5]
    SLICE_X40Y55         LUT1 (Prop_lut1_I0_O)        0.354     9.445 r  cc/c/delay2/delay_loop[5].buf_inst/O
                         net (fo=1, routed)           0.288     9.733    cc/c/delay2/t[6]
    SLICE_X40Y55         LUT1 (Prop_lut1_I0_O)        0.328    10.061 r  cc/c/delay2/delay_loop[6].buf_inst/O
                         net (fo=1, routed)           0.806    10.867    cc/c/delay2/t[7]
    SLICE_X38Y55         LUT1 (Prop_lut1_I0_O)        0.327    11.194 r  cc/c/delay2/delay_loop[7].buf_inst/O
                         net (fo=1, routed)           0.452    11.646    cc/c/delay2/t[8]
    SLICE_X38Y55         LUT1 (Prop_lut1_I0_O)        0.124    11.770 r  cc/c/delay2/buf_inst_end/O
                         net (fo=1, routed)           0.403    12.173    cc/c/LB_out
    SLICE_X39Y55         LUT1 (Prop_lut1_I0_O)        0.124    12.297 f  cc/c/Ack_out_INST_0/O
                         net (fo=1, routed)           0.263    12.560    cc/b/Ack_in_a
    SLICE_X39Y55         LUT2 (Prop_lut2_I0_O)        0.124    12.684 f  cc/b/and_out_inferred_i_1/O
                         net (fo=2, routed)           0.817    13.501    cc/b/c0/Ack_in
    SLICE_X35Y64         LUT4 (Prop_lut4_I3_O)        0.124    13.625 r  cc/b/c0/nand3_out_inferred_i_1/O
                         net (fo=2, routed)           0.555    14.180    cc/b/c0/nand3_out
    SLICE_X35Y67         LUT3 (Prop_lut3_I2_O)        0.124    14.304 f  cc/b/c0/nand2_out_inferred_i_1/O
                         net (fo=1, routed)           0.264    14.568    cc/b/c0/nand2_out
    SLICE_X35Y67         LUT2 (Prop_lut2_I1_O)        0.124    14.692 r  cc/b/c0/nand1_out_inferred_i_1/O
                         net (fo=3, routed)           0.796    15.488    cc/b/c0/delay2/din
    SLICE_X28Y67         LUT1 (Prop_lut1_I0_O)        0.124    15.612 r  cc/b/c0/delay2/buf_inst_begin/O
                         net (fo=1, routed)           0.286    15.898    cc/b/c0/delay2/t[0]
    SLICE_X28Y67         LUT1 (Prop_lut1_I0_O)        0.124    16.022 r  cc/b/c0/delay2/delay_loop[0].buf_inst/O
                         net (fo=1, routed)           0.161    16.183    cc/b/c0/delay2/t[1]
    SLICE_X28Y67         LUT1 (Prop_lut1_I0_O)        0.124    16.307 r  cc/b/c0/delay2/delay_loop[1].buf_inst/O
                         net (fo=1, routed)           1.322    17.629    cc/b/c0/delay2/t[2]
    SLICE_X25Y78         LUT1 (Prop_lut1_I0_O)        0.124    17.753 r  cc/b/c0/delay2/delay_loop[2].buf_inst/O
                         net (fo=1, routed)           0.623    18.376    cc/b/c0/delay2/t[3]
    SLICE_X24Y86         LUT1 (Prop_lut1_I0_O)        0.124    18.500 r  cc/b/c0/delay2/buf_inst_end/O
                         net (fo=1, routed)           0.452    18.952    cc/b/c0/LB_out
    SLICE_X24Y86         LUT1 (Prop_lut1_I0_O)        0.124    19.076 f  cc/b/c0/Ack_out_INST_0/O
                         net (fo=4, routed)           0.598    19.674    cc/copy/Ack_in
    SLICE_X22Y89         LUT3 (Prop_lut3_I0_O)        0.124    19.798 f  cc/copy/and2_out_inferred_i_1/O
                         net (fo=2, routed)           0.967    20.765    cc/copy/CF1/Ack_in
    SLICE_X20Y91         LUT4 (Prop_lut4_I3_O)        0.124    20.889 r  cc/copy/CF1/nand3_out_inferred_i_1/O
                         net (fo=2, routed)           0.298    21.187    cc/copy/CF1/nand3_out
    SLICE_X20Y91         LUT3 (Prop_lut3_I2_O)        0.124    21.311 f  cc/copy/CF1/nand2_out_inferred_i_1/O
                         net (fo=1, routed)           0.656    21.967    cc/copy/CF1/nand2_out
    SLICE_X21Y91         LUT2 (Prop_lut2_I1_O)        0.124    22.091 r  cc/copy/CF1/nand1_out_inferred_i_1/O
                         net (fo=3, routed)           0.832    22.923    cc/copy/CF1/delay2/din
    SLICE_X21Y92         LUT1 (Prop_lut1_I0_O)        0.124    23.047 r  cc/copy/CF1/delay2/buf_inst_begin/O
                         net (fo=1, routed)           0.867    23.914    cc/copy/CF1/delay2/t[0]
    SLICE_X20Y92         LUT1 (Prop_lut1_I0_O)        0.124    24.038 r  cc/copy/CF1/delay2/delay_loop[0].buf_inst/O
                         net (fo=1, routed)           0.161    24.199    cc/copy/CF1/delay2/t[1]
    SLICE_X20Y92         LUT1 (Prop_lut1_I0_O)        0.124    24.323 r  cc/copy/CF1/delay2/delay_loop[1].buf_inst/O
                         net (fo=1, routed)           0.466    24.789    cc/copy/CF1/delay2/t[2]
    SLICE_X20Y92         LUT1 (Prop_lut1_I0_O)        0.124    24.913 r  cc/copy/CF1/delay2/delay_loop[2].buf_inst/O
                         net (fo=1, routed)           0.680    25.593    cc/copy/CF1/delay2/t[3]
    SLICE_X20Y92         LUT1 (Prop_lut1_I0_O)        0.124    25.717 r  cc/copy/CF1/delay2/buf_inst_end/O
                         net (fo=1, routed)           0.493    26.210    cc/copy/CF1/LB_out
    SLICE_X21Y92         LUT1 (Prop_lut1_I0_O)        0.124    26.334 f  cc/copy/CF1/Ack_out_INST_0/O
                         net (fo=2, routed)           0.580    26.914    cc/ma/Ack_in
    SLICE_X19Y89         LUT4 (Prop_lut4_I3_O)        0.124    27.038 r  cc/ma/nand3_out_inferred_i_1/O
                         net (fo=2, routed)           0.957    27.995    cc/ma/nand3_out
    SLICE_X20Y89         LUT3 (Prop_lut3_I2_O)        0.124    28.119 f  cc/ma/nand2_out_inferred_i_1/O
                         net (fo=1, routed)           0.286    28.405    cc/ma/nand2_out
    SLICE_X20Y89         LUT2 (Prop_lut2_I1_O)        0.124    28.529 r  cc/ma/nand1_out_inferred_i_1/O
                         net (fo=3, routed)           0.838    29.368    cc/ma/delay2/din
    SLICE_X16Y91         LUT1 (Prop_lut1_I0_O)        0.124    29.492 r  cc/ma/delay2/buf_inst_begin/O
                         net (fo=1, routed)           0.286    29.778    cc/ma/delay2/t[0]
    SLICE_X16Y91         LUT1 (Prop_lut1_I0_O)        0.124    29.902 r  cc/ma/delay2/delay_loop[0].buf_inst/O
                         net (fo=1, routed)           0.161    30.063    cc/ma/delay2/t[1]
    SLICE_X16Y91         LUT1 (Prop_lut1_I0_O)        0.124    30.187 r  cc/ma/delay2/delay_loop[1].buf_inst/O
                         net (fo=1, routed)           0.466    30.653    cc/ma/delay2/t[2]
    SLICE_X16Y91         LUT1 (Prop_lut1_I0_O)        0.124    30.777 r  cc/ma/delay2/delay_loop[2].buf_inst/O
                         net (fo=1, routed)           0.821    31.598    cc/ma/delay2/t[3]
    SLICE_X16Y90         LUT1 (Prop_lut1_I0_O)        0.124    31.722 r  cc/ma/delay2/delay_loop[3].buf_inst/O
                         net (fo=1, routed)           0.286    32.008    cc/ma/delay2/t[4]
    SLICE_X16Y90         LUT1 (Prop_lut1_I0_O)        0.124    32.132 r  cc/ma/delay2/delay_loop[4].buf_inst/O
                         net (fo=1, routed)           0.161    32.293    cc/ma/delay2/t[5]
    SLICE_X16Y90         LUT1 (Prop_lut1_I0_O)        0.124    32.417 r  cc/ma/delay2/delay_loop[5].buf_inst/O
                         net (fo=1, routed)           0.466    32.883    cc/ma/delay2/t[6]
    SLICE_X16Y90         LUT1 (Prop_lut1_I0_O)        0.124    33.007 r  cc/ma/delay2/delay_loop[6].buf_inst/O
                         net (fo=1, routed)           0.707    33.714    cc/ma/delay2/t[7]
    SLICE_X18Y88         LUT1 (Prop_lut1_I0_O)        0.124    33.838 r  cc/ma/delay2/delay_loop[7].buf_inst/O
                         net (fo=1, routed)           0.280    34.118    cc/ma/delay2/t[8]
    SLICE_X18Y88         LUT1 (Prop_lut1_I0_O)        0.124    34.242 r  cc/ma/delay2/buf_inst_end/O
                         net (fo=1, routed)           0.159    34.401    cc/ma/LB_out
    SLICE_X18Y88         LUT1 (Prop_lut1_I0_O)        0.124    34.525 f  cc/ma/Ack_out_INST_0/O
                         net (fo=1, routed)           0.656    35.181    cc/fp/Ack_in
    SLICE_X19Y88         LUT2 (Prop_lut2_I0_O)        0.124    35.305 f  cc/fp/and_out_inferred_i_1/O
                         net (fo=2, routed)           0.803    36.108    cc/fp/c0/Ack_in
    SLICE_X16Y88         LUT4 (Prop_lut4_I3_O)        0.124    36.232 r  cc/fp/c0/nand3_out_inferred_i_1/O
                         net (fo=2, routed)           0.843    37.074    cc/fp/c0/nand3_out
    SLICE_X16Y88         LUT3 (Prop_lut3_I2_O)        0.124    37.198 f  cc/fp/c0/nand2_out_inferred_i_1/O
                         net (fo=1, routed)           0.171    37.369    cc/fp/c0/nand2_out
    SLICE_X16Y88         LUT2 (Prop_lut2_I1_O)        0.124    37.493 r  cc/fp/c0/nand1_out_inferred_i_1/O
                         net (fo=3, routed)           0.688    38.181    cc/fp/c0/delay2/din
    SLICE_X16Y87         LUT1 (Prop_lut1_I0_O)        0.124    38.305 r  cc/fp/c0/delay2/buf_inst_begin/O
                         net (fo=1, routed)           0.670    38.975    cc/fp/c0/delay2/t[0]
    SLICE_X16Y87         LUT1 (Prop_lut1_I0_O)        0.152    39.127 r  cc/fp/c0/delay2/delay_loop[0].buf_inst/O
                         net (fo=1, routed)           0.286    39.413    cc/fp/c0/delay2/t[1]
    SLICE_X16Y87         LUT1 (Prop_lut1_I0_O)        0.341    39.754 r  cc/fp/c0/delay2/delay_loop[1].buf_inst/O
                         net (fo=1, routed)           0.692    40.446    cc/fp/c0/delay2/t[2]
    SLICE_X16Y87         LUT1 (Prop_lut1_I0_O)        0.363    40.809 r  cc/fp/c0/delay2/delay_loop[2].buf_inst/O
                         net (fo=1, routed)           0.455    41.265    cc/fp/c0/delay2/t[3]
    SLICE_X16Y87         LUT1 (Prop_lut1_I0_O)        0.381    41.646 r  cc/fp/c0/delay2/buf_inst_end/O
                         net (fo=1, routed)           0.853    42.499    cc/fp/c0/LB_out
    SLICE_X16Y87         LUT1 (Prop_lut1_I0_O)        0.328    42.827 f  cc/fp/c0/Ack_out_INST_0/O
                         net (fo=2, routed)           0.736    43.563    cc/ps/Ack_in
    SLICE_X19Y84         LUT4 (Prop_lut4_I3_O)        0.124    43.687 r  cc/ps/nand3_out_inferred_i_1/O
                         net (fo=2, routed)           0.517    44.204    cc/ps/nand3_out
    SLICE_X18Y84         LUT3 (Prop_lut3_I2_O)        0.124    44.328 f  cc/ps/nand2_out_inferred_i_1/O
                         net (fo=1, routed)           0.279    44.607    cc/ps/nand2_out
    SLICE_X18Y84         LUT2 (Prop_lut2_I1_O)        0.124    44.731 r  cc/ps/nand1_out_inferred_i_1/O
                         net (fo=3, routed)           0.183    44.914    cc/ps/delay2/din
    SLICE_X18Y84         LUT1 (Prop_lut1_I0_O)        0.124    45.038 r  cc/ps/delay2/buf_inst_begin/O
                         net (fo=1, routed)           0.716    45.754    cc/ps/delay2/t[0]
    SLICE_X19Y82         LUT1 (Prop_lut1_I0_O)        0.124    45.878 r  cc/ps/delay2/delay_loop[0].buf_inst/O
                         net (fo=1, routed)           0.264    46.142    cc/ps/delay2/t[1]
    SLICE_X19Y82         LUT1 (Prop_lut1_I0_O)        0.124    46.266 r  cc/ps/delay2/delay_loop[1].buf_inst/O
                         net (fo=1, routed)           0.656    46.922    cc/ps/delay2/t[2]
    SLICE_X18Y82         LUT1 (Prop_lut1_I0_O)        0.124    47.046 r  cc/ps/delay2/delay_loop[2].buf_inst/O
                         net (fo=1, routed)           0.279    47.325    cc/ps/delay2/t[3]
    SLICE_X18Y82         LUT1 (Prop_lut1_I0_O)        0.124    47.449 r  cc/ps/delay2/delay_loop[3].buf_inst/O
                         net (fo=1, routed)           0.158    47.607    cc/ps/delay2/t[4]
    SLICE_X18Y82         LUT1 (Prop_lut1_I0_O)        0.124    47.731 r  cc/ps/delay2/delay_loop[4].buf_inst/O
                         net (fo=1, routed)           0.433    48.165    cc/ps/delay2/t[5]
    SLICE_X18Y82         LUT1 (Prop_lut1_I0_O)        0.124    48.289 r  cc/ps/delay2/delay_loop[5].buf_inst/O
                         net (fo=1, routed)           1.013    49.301    cc/ps/delay2/t[6]
    SLICE_X19Y77         LUT1 (Prop_lut1_I0_O)        0.124    49.425 r  cc/ps/delay2/delay_loop[6].buf_inst/O
                         net (fo=1, routed)           0.149    49.574    cc/ps/delay2/t[7]
    SLICE_X19Y77         LUT1 (Prop_lut1_I0_O)        0.124    49.698 r  cc/ps/delay2/delay_loop[7].buf_inst/O
                         net (fo=1, routed)           0.154    49.853    cc/ps/delay2/t[8]
    SLICE_X19Y77         LUT1 (Prop_lut1_I0_O)        0.124    49.977 r  cc/ps/delay2/buf_inst_end/O
                         net (fo=1, routed)           1.264    51.241    cc/ps/LB_out
    SLICE_X20Y66         LUT1 (Prop_lut1_I0_O)        0.124    51.365 f  cc/ps/Ack_out_INST_0/O
                         net (fo=1, routed)           0.680    52.045    cc/mmram/Ack_in
    SLICE_X20Y66         LUT2 (Prop_lut2_I0_O)        0.124    52.169 f  cc/mmram/and_out_inferred_i_1/O
                         net (fo=2, routed)           1.217    53.386    cc/mmram/c0/Ack_in
    SLICE_X26Y64         LUT4 (Prop_lut4_I3_O)        0.124    53.510 r  cc/mmram/c0/nand3_out_inferred_i_1/O
                         net (fo=2, routed)           0.680    54.190    cc/mmram/c0/nand3_out
    SLICE_X30Y64         LUT3 (Prop_lut3_I2_O)        0.124    54.314 f  cc/mmram/c0/nand2_out_inferred_i_1/O
                         net (fo=1, routed)           0.286    54.601    cc/mmram/c0/nand2_out
    SLICE_X30Y64         LUT2 (Prop_lut2_I1_O)        0.124    54.725 r  cc/mmram/c0/nand1_out_inferred_i_1/O
                         net (fo=3, routed)           1.053    55.777    cc/mmram/c0/delay2/din
    SLICE_X32Y58         LUT1 (Prop_lut1_I0_O)        0.124    55.901 r  cc/mmram/c0/delay2/buf_inst_begin/O
                         net (fo=1, routed)           0.670    56.571    cc/mmram/c0/delay2/t[0]
    SLICE_X32Y58         LUT1 (Prop_lut1_I0_O)        0.124    56.695 r  cc/mmram/c0/delay2/delay_loop[0].buf_inst/O
                         net (fo=1, routed)           0.466    57.161    cc/mmram/c0/delay2/t[1]
    SLICE_X32Y58         LUT1 (Prop_lut1_I0_O)        0.124    57.285 r  cc/mmram/c0/delay2/delay_loop[1].buf_inst/O
                         net (fo=1, routed)           0.680    57.965    cc/mmram/c0/delay2/t[2]
    SLICE_X32Y58         LUT1 (Prop_lut1_I0_O)        0.150    58.115 r  cc/mmram/c0/delay2/delay_loop[2].buf_inst/O
                         net (fo=1, routed)           0.165    58.281    cc/mmram/c0/delay2/t[3]
    SLICE_X32Y58         LUT1 (Prop_lut1_I0_O)        0.328    58.609 r  cc/mmram/c0/delay2/buf_inst_end/O
                         net (fo=1, routed)           0.655    59.264    cc/mmram/c0/LB_out
    SLICE_X33Y58         LUT1 (Prop_lut1_I0_O)        0.152    59.416 f  cc/mmram/c0/Ack_out_INST_0/O
                         net (fo=2, routed)           0.683    60.099    cc/mmcam/Ack_in
    SLICE_X33Y58         LUT4 (Prop_lut4_I3_O)        0.332    60.431 r  cc/mmcam/nand3_out_inferred_i_1/O
                         net (fo=2, routed)           0.415    60.846    cc/mmcam/nand3_out
    SLICE_X33Y56         LUT3 (Prop_lut3_I2_O)        0.124    60.970 f  cc/mmcam/nand2_out_inferred_i_1/O
                         net (fo=1, routed)           0.264    61.234    cc/mmcam/nand2_out
    SLICE_X33Y56         LUT2 (Prop_lut2_I1_O)        0.124    61.358 r  cc/mmcam/nand1_out_inferred_i_1/O
                         net (fo=3, routed)           0.176    61.534    cc/mmcam/delay2/din
    SLICE_X33Y56         LUT1 (Prop_lut1_I0_O)        0.124    61.658 r  cc/mmcam/delay2/buf_inst_begin/O
                         net (fo=1, routed)           1.036    62.694    cc/mmcam/delay2/t[0]
    SLICE_X39Y56         LUT1 (Prop_lut1_I0_O)        0.124    62.818 r  cc/mmcam/delay2/delay_loop[0].buf_inst/O
                         net (fo=1, routed)           0.264    63.082    cc/mmcam/delay2/t[1]
    SLICE_X39Y56         LUT1 (Prop_lut1_I0_O)        0.124    63.206 r  cc/mmcam/delay2/delay_loop[1].buf_inst/O
                         net (fo=1, routed)           0.149    63.355    cc/mmcam/delay2/t[2]
    SLICE_X39Y56         LUT1 (Prop_lut1_I0_O)        0.124    63.479 r  cc/mmcam/delay2/delay_loop[2].buf_inst/O
                         net (fo=1, routed)           0.433    63.912    cc/mmcam/delay2/t[3]
    SLICE_X39Y56         LUT1 (Prop_lut1_I0_O)        0.124    64.036 r  cc/mmcam/delay2/delay_loop[3].buf_inst/O
                         net (fo=1, routed)           0.875    64.912    cc/mmcam/delay2/t[4]
    SLICE_X38Y56         LUT1 (Prop_lut1_I0_O)        0.124    65.036 r  cc/mmcam/delay2/delay_loop[4].buf_inst/O
                         net (fo=1, routed)           0.830    65.866    cc/mmcam/delay2/t[5]
    SLICE_X38Y55         LUT1 (Prop_lut1_I0_O)        0.124    65.990 r  cc/mmcam/delay2/delay_loop[5].buf_inst/O
                         net (fo=1, routed)           0.680    66.670    cc/mmcam/delay2/t[6]
    SLICE_X38Y55         LUT1 (Prop_lut1_I0_O)        0.150    66.820 r  cc/mmcam/delay2/delay_loop[6].buf_inst/O
                         net (fo=1, routed)           0.478    67.299    cc/mmcam/delay2/t[7]
    SLICE_X38Y55         LUT1 (Prop_lut1_I0_O)        0.321    67.620 r  cc/mmcam/delay2/delay_loop[7].buf_inst/O
                         net (fo=1, routed)           0.286    67.905    cc/mmcam/delay2/t[8]
    SLICE_X38Y55         LUT1 (Prop_lut1_I0_O)        0.348    68.253 r  cc/mmcam/delay2/buf_inst_end/O
                         net (fo=1, routed)           0.607    68.860    cc/mmcam/LB_out
    SLICE_X38Y53         LUT1 (Prop_lut1_I0_O)        0.124    68.984 f  cc/mmcam/Ack_out_INST_0/O
                         net (fo=4, routed)           0.842    69.826    cc/m/CJ2/Ack_in
    SLICE_X38Y52         LUT6 (Prop_lut6_I4_O)        0.124    69.950 r  cc/m/CJ2/nand3_out_inferred_i_1/O
                         net (fo=2, routed)           0.299    70.249    cc/m/CJ2/nand3_out
    SLICE_X38Y52         LUT3 (Prop_lut3_I2_O)        0.124    70.373 f  cc/m/CJ2/nand2_out_inferred_i_1/O
                         net (fo=1, routed)           0.161    70.534    cc/m/CJ2/nand2_out
    SLICE_X38Y52         LUT2 (Prop_lut2_I1_O)        0.124    70.658 r  cc/m/CJ2/nand1_out_inferred_i_1/O
                         net (fo=3, routed)           0.597    71.255    cc/m/CJ2/delay2/din
    SLICE_X36Y52         LUT1 (Prop_lut1_I0_O)        0.124    71.379 r  cc/m/CJ2/delay2/buf_inst_begin/O
                         net (fo=1, routed)           0.279    71.658    cc/m/CJ2/delay2/t[0]
    SLICE_X36Y52         LUT1 (Prop_lut1_I0_O)        0.124    71.782 r  cc/m/CJ2/delay2/delay_loop[0].buf_inst/O
                         net (fo=1, routed)           0.853    72.635    cc/m/CJ2/delay2/t[1]
    SLICE_X36Y52         LUT1 (Prop_lut1_I0_O)        0.124    72.759 r  cc/m/CJ2/delay2/delay_loop[1].buf_inst/O
                         net (fo=1, routed)           0.433    73.192    cc/m/CJ2/delay2/t[2]
    SLICE_X36Y52         LUT1 (Prop_lut1_I0_O)        0.124    73.316 r  cc/m/CJ2/delay2/delay_loop[2].buf_inst/O
                         net (fo=1, routed)           0.674    73.990    cc/m/CJ2/delay2/t[3]
    SLICE_X36Y52         LUT1 (Prop_lut1_I0_O)        0.152    74.142 r  cc/m/CJ2/delay2/delay_loop[3].buf_inst/O
                         net (fo=1, routed)           0.851    74.994    cc/m/CJ2/delay2/t[4]
    SLICE_X36Y52         LUT1 (Prop_lut1_I0_O)        0.354    75.348 r  cc/m/CJ2/delay2/delay_loop[4].buf_inst/O
                         net (fo=1, routed)           0.288    75.635    cc/m/CJ2/delay2/t[5]
    SLICE_X36Y52         LUT1 (Prop_lut1_I0_O)        0.328    75.963 r  cc/m/CJ2/delay2/delay_loop[5].buf_inst/O
                         net (fo=1, routed)           0.811    76.774    cc/m/CJ2/delay2/t[6]
    SLICE_X37Y51         LUT1 (Prop_lut1_I0_O)        0.327    77.101 r  cc/m/CJ2/delay2/delay_loop[6].buf_inst/O
                         net (fo=1, routed)           0.433    77.534    cc/m/CJ2/delay2/t[7]
    SLICE_X37Y51         LUT1 (Prop_lut1_I0_O)        0.124    77.658 r  cc/m/CJ2/delay2/delay_loop[7].buf_inst/O
                         net (fo=1, routed)           0.667    78.325    cc/m/CJ2/delay2/t[8]
    SLICE_X37Y51         LUT1 (Prop_lut1_I0_O)        0.124    78.449 r  cc/m/CJ2/delay2/buf_inst_end/O
                         net (fo=1, routed)           0.433    78.882    cc/m/CJ2/LB_out
    SLICE_X37Y51         LUT1 (Prop_lut1_I0_O)        0.124    79.006 f  cc/m/CJ2/Ack_out_INST_0/O
                         net (fo=2, routed)           0.937    79.943    cc/m/Ack_out_b
    SLICE_X39Y55         LUT3 (Prop_lut3_I1_O)        0.124    80.067 r  cc/m/nand4_out_inferred_i_1/O
                         net (fo=1, routed)           0.433    80.500    cc/m/nand4_out
    SLICE_X39Y55         LUT3 (Prop_lut3_I0_O)        0.124    80.624 f  cc/m/nand3_out_inferred_i_1/O
                         net (fo=2, routed)           0.963    81.587    cc/m/nand3_out
    SLICE_X40Y52         LUT2 (Prop_lut2_I0_O)        0.124    81.711 r  cc/m/nand6_out_inferred_i_1/O
                         net (fo=2, routed)           0.667    82.378    cc/m/nand6_out
    SLICE_X41Y52         LUT3 (Prop_lut3_I2_O)        0.124    82.502 f  cc/m/nand5_out_inferred_i_1/O
                         net (fo=2, routed)           0.814    83.316    cc/m/nand5_out
    SLICE_X40Y52         LUT2 (Prop_lut2_I0_O)        0.124    83.440 r  cc/m/nand7_out_inferred_i_1/O
                         net (fo=2, routed)           0.174    83.614    cc/m/nand7_out
    SLICE_X40Y52         LUT3 (Prop_lut3_I2_O)        0.124    83.738 f  cc/m/nand8_out_inferred_i_1/O
                         net (fo=2, routed)           0.426    84.164    cc/m/CJ1/g
    SLICE_X40Y51         LUT6 (Prop_lut6_I3_O)        0.124    84.288 r  cc/m/CJ1/nand3_out_inferred_i_1/O
                         net (fo=2, routed)           0.682    84.970    cc/m/CJ1/nand3_out
    SLICE_X40Y51         LUT2 (Prop_lut2_I0_O)        0.124    85.094 f  cc/m/CJ1/nand4_out_inferred_i_1/O
                         net (fo=1, routed)           0.650    85.743    cc/m/CJ1/nand4_out
    SLICE_X40Y51         LUT3 (Prop_lut3_I0_O)        0.124    85.867 r  cc/m/CJ1/nand5_out_inferred_i_1/O
                         net (fo=3, routed)           0.679    86.546    cc/m/CJ1/nand5_out
    SLICE_X41Y51         LUT1 (Prop_lut1_I0_O)        0.124    86.670 f  cc/m/CJ1/cp_INST_0/O
                         net (fo=39, routed)          0.845    87.515    cc/m/cp1
    SLICE_X40Y52         LUT1 (Prop_lut1_I0_O)        0.124    87.639 r  cc/m/z1_inferred_i_1/O
                         net (fo=3, routed)           0.447    88.086    cc/m/z1
    SLICE_X41Y55         LUT2 (Prop_lut2_I0_O)        0.124    88.210 r  cc/m/nor2_out_inferred_i_1/O
                         net (fo=39, routed)          2.096    90.306    m/SEL
    SLICE_X42Y73         LUT3 (Prop_lut3_I2_O)        0.124    90.430 r  m/PACKET_OUT[25]_INST_0/O
                         net (fo=129, routed)         6.956    97.386    mmcam/entry_fd_loop[17].ef/color_gen_dest_LR[6]
    SLICE_X34Y69         LUT6 (Prop_lut6_I3_O)        0.124    97.510 r  mmcam/entry_fd_loop[17].ef/FIRE_INST_0_i_7/O
                         net (fo=1, routed)           0.000    97.510    mmcam/entry_fd_loop[17].ef/FIRE_INST_0_i_7_n_0
    SLICE_X34Y69         CARRY4 (Prop_carry4_S[1]_CO[3])
                                                      0.533    98.043 r  mmcam/entry_fd_loop[17].ef/FIRE_INST_0_i_2/CO[3]
                         net (fo=1, routed)           0.000    98.043    mmcam/entry_fd_loop[17].ef/FIRE_INST_0_i_2_n_0
    SLICE_X34Y70         CARRY4 (Prop_carry4_CI_CO[1])
                                                      0.157    98.200 f  mmcam/entry_fd_loop[17].ef/FIRE_INST_0_i_1/CO[1]
                         net (fo=2, routed)           0.781    98.981    mmcam/entry_fd_loop[17].ef/FIRE1
    SLICE_X31Y71         LUT4 (Prop_lut4_I1_O)        0.332    99.313 f  mmcam/entry_fd_loop[17].ef/FIRE_INST_0/O
                         net (fo=7, routed)           0.897   100.210    mmcam/am_or_ma/FIRE[17]
    SLICE_X30Y71         LUT4 (Prop_lut4_I1_O)        0.124   100.334 f  mmcam/am_or_ma/R_ADDR_inferred_i_41/O
                         net (fo=3, routed)           0.616   100.950    mmcam/am_or_ma/R_ADDR_inferred_i_41_n_0
    SLICE_X30Y69         LUT6 (Prop_lut6_I0_O)        0.124   101.074 f  mmcam/am_or_ma/FIRE_OR_inferred_i_7/O
                         net (fo=3, routed)           0.835   101.909    mmcam/am_or_ma/FIRE_OR_inferred_i_7_n_0
    SLICE_X29Y70         LUT6 (Prop_lut6_I1_O)        0.124   102.033 f  mmcam/am_or_ma/FIRE_OR_inferred_i_5/O
                         net (fo=2, routed)           0.989   103.022    mmcam/am_or_ma/FIRE_OR_inferred_i_5_n_0
    SLICE_X26Y74         LUT4 (Prop_lut4_I3_O)        0.124   103.146 f  mmcam/am_or_ma/FIRE_OR_inferred_i_1/O
                         net (fo=31, routed)          1.523   104.669    mmcam/am_or_ma/FIRE_OR
    SLICE_X35Y70         LUT3 (Prop_lut3_I0_O)        0.124   104.793 r  mmcam/am_or_ma/EN[61]_INST_0_i_2/O
                         net (fo=30, routed)          1.738   106.531    mmcam/am_or_ma/EN[61]_INST_0_i_2_n_0
    SLICE_X27Y75         LUT6 (Prop_lut6_I3_O)        0.124   106.655 r  mmcam/am_or_ma/EN[53]_INST_0_i_1/O
                         net (fo=4, routed)           0.989   107.643    mmcam/am_or_ma/EN[53]_INST_0_i_1_n_0
    SLICE_X26Y72         LUT6 (Prop_lut6_I0_O)        0.124   107.767 r  mmcam/am_or_ma/EN[21]_INST_0/O
                         net (fo=20, routed)          1.622   109.389    mmcam/entry_fd_loop[21].ef/EN
    SLICE_X21Y64         FDRE                                         r  mmcam/entry_fd_loop[21].ef/ENTRY_reg[16]/CE
  -------------------------------------------------------------------    -------------------

Slack:                    inf
  Source:                 Ack_in
                            (input port)
  Destination:            mmcam/entry_fd_loop[21].ef/ENTRY_reg[17]/CE
  Path Group:             (none)
  Path Type:              Max at Slow Process Corner
  Data Path Delay:        109.389ns  (logic 21.456ns (19.615%)  route 87.933ns (80.385%))
  Logic Levels:           135  (CARRY4=2 IBUF=1 LUT1=81 LUT2=16 LUT3=17 LUT4=11 LUT6=7)

    Location             Delay type                Incr(ns)  Path(ns)    Netlist Resource(s)
  -------------------------------------------------------------------    -------------------
    P14                                               0.000     0.000 f  Ack_in (IN)
                         net (fo=0)                   0.000     0.000    Ack_in
    P14                  IBUF (Prop_ibuf_I_O)         1.002     1.002 f  Ack_in_IBUF_inst/O
                         net (fo=2, routed)           1.435     2.437    cc/c/Ack_in
    SLICE_X42Y53         LUT4 (Prop_lut4_I3_O)        0.124     2.561 r  cc/c/nand3_out_inferred_i_1/O
                         net (fo=2, routed)           0.459     3.020    cc/c/nand3_out
    SLICE_X42Y54         LUT3 (Prop_lut3_I2_O)        0.124     3.144 f  cc/c/nand2_out_inferred_i_1/O
                         net (fo=1, routed)           0.286     3.431    cc/c/nand2_out
    SLICE_X42Y54         LUT2 (Prop_lut2_I1_O)        0.124     3.555 r  cc/c/nand1_out_inferred_i_1/O
                         net (fo=3, routed)           0.960     4.514    cc/c/delay2/din
    SLICE_X41Y55         LUT1 (Prop_lut1_I0_O)        0.124     4.638 r  cc/c/delay2/buf_inst_begin/O
                         net (fo=1, routed)           0.714     5.353    cc/c/delay2/t[0]
    SLICE_X40Y55         LUT1 (Prop_lut1_I0_O)        0.124     5.477 r  cc/c/delay2/delay_loop[0].buf_inst/O
                         net (fo=1, routed)           0.279     5.756    cc/c/delay2/t[1]
    SLICE_X40Y55         LUT1 (Prop_lut1_I0_O)        0.124     5.880 r  cc/c/delay2/delay_loop[1].buf_inst/O
                         net (fo=1, routed)           0.853     6.732    cc/c/delay2/t[2]
    SLICE_X40Y55         LUT1 (Prop_lut1_I0_O)        0.124     6.856 r  cc/c/delay2/delay_loop[2].buf_inst/O
                         net (fo=1, routed)           0.433     7.290    cc/c/delay2/t[3]
    SLICE_X40Y55         LUT1 (Prop_lut1_I0_O)        0.124     7.414 r  cc/c/delay2/delay_loop[3].buf_inst/O
                         net (fo=1, routed)           0.674     8.088    cc/c/delay2/t[4]
    SLICE_X40Y55         LUT1 (Prop_lut1_I0_O)        0.152     8.240 r  cc/c/delay2/delay_loop[4].buf_inst/O
                         net (fo=1, routed)           0.851     9.091    cc/c/delay2/t[5]
    SLICE_X40Y55         LUT1 (Prop_lut1_I0_O)        0.354     9.445 r  cc/c/delay2/delay_loop[5].buf_inst/O
                         net (fo=1, routed)           0.288     9.733    cc/c/delay2/t[6]
    SLICE_X40Y55         LUT1 (Prop_lut1_I0_O)        0.328    10.061 r  cc/c/delay2/delay_loop[6].buf_inst/O
                         net (fo=1, routed)           0.806    10.867    cc/c/delay2/t[7]
    SLICE_X38Y55         LUT1 (Prop_lut1_I0_O)        0.327    11.194 r  cc/c/delay2/delay_loop[7].buf_inst/O
                         net (fo=1, routed)           0.452    11.646    cc/c/delay2/t[8]
    SLICE_X38Y55         LUT1 (Prop_lut1_I0_O)        0.124    11.770 r  cc/c/delay2/buf_inst_end/O
                         net (fo=1, routed)           0.403    12.173    cc/c/LB_out
    SLICE_X39Y55         LUT1 (Prop_lut1_I0_O)        0.124    12.297 f  cc/c/Ack_out_INST_0/O
                         net (fo=1, routed)           0.263    12.560    cc/b/Ack_in_a
    SLICE_X39Y55         LUT2 (Prop_lut2_I0_O)        0.124    12.684 f  cc/b/and_out_inferred_i_1/O
                         net (fo=2, routed)           0.817    13.501    cc/b/c0/Ack_in
    SLICE_X35Y64         LUT4 (Prop_lut4_I3_O)        0.124    13.625 r  cc/b/c0/nand3_out_inferred_i_1/O
                         net (fo=2, routed)           0.555    14.180    cc/b/c0/nand3_out
    SLICE_X35Y67         LUT3 (Prop_lut3_I2_O)        0.124    14.304 f  cc/b/c0/nand2_out_inferred_i_1/O
                         net (fo=1, routed)           0.264    14.568    cc/b/c0/nand2_out
    SLICE_X35Y67         LUT2 (Prop_lut2_I1_O)        0.124    14.692 r  cc/b/c0/nand1_out_inferred_i_1/O
                         net (fo=3, routed)           0.796    15.488    cc/b/c0/delay2/din
    SLICE_X28Y67         LUT1 (Prop_lut1_I0_O)        0.124    15.612 r  cc/b/c0/delay2/buf_inst_begin/O
                         net (fo=1, routed)           0.286    15.898    cc/b/c0/delay2/t[0]
    SLICE_X28Y67         LUT1 (Prop_lut1_I0_O)        0.124    16.022 r  cc/b/c0/delay2/delay_loop[0].buf_inst/O
                         net (fo=1, routed)           0.161    16.183    cc/b/c0/delay2/t[1]
    SLICE_X28Y67         LUT1 (Prop_lut1_I0_O)        0.124    16.307 r  cc/b/c0/delay2/delay_loop[1].buf_inst/O
                         net (fo=1, routed)           1.322    17.629    cc/b/c0/delay2/t[2]
    SLICE_X25Y78         LUT1 (Prop_lut1_I0_O)        0.124    17.753 r  cc/b/c0/delay2/delay_loop[2].buf_inst/O
                         net (fo=1, routed)           0.623    18.376    cc/b/c0/delay2/t[3]
    SLICE_X24Y86         LUT1 (Prop_lut1_I0_O)        0.124    18.500 r  cc/b/c0/delay2/buf_inst_end/O
                         net (fo=1, routed)           0.452    18.952    cc/b/c0/LB_out
    SLICE_X24Y86         LUT1 (Prop_lut1_I0_O)        0.124    19.076 f  cc/b/c0/Ack_out_INST_0/O
                         net (fo=4, routed)           0.598    19.674    cc/copy/Ack_in
    SLICE_X22Y89         LUT3 (Prop_lut3_I0_O)        0.124    19.798 f  cc/copy/and2_out_inferred_i_1/O
                         net (fo=2, routed)           0.967    20.765    cc/copy/CF1/Ack_in
    SLICE_X20Y91         LUT4 (Prop_lut4_I3_O)        0.124    20.889 r  cc/copy/CF1/nand3_out_inferred_i_1/O
                         net (fo=2, routed)           0.298    21.187    cc/copy/CF1/nand3_out
    SLICE_X20Y91         LUT3 (Prop_lut3_I2_O)        0.124    21.311 f  cc/copy/CF1/nand2_out_inferred_i_1/O
                         net (fo=1, routed)           0.656    21.967    cc/copy/CF1/nand2_out
    SLICE_X21Y91         LUT2 (Prop_lut2_I1_O)        0.124    22.091 r  cc/copy/CF1/nand1_out_inferred_i_1/O
                         net (fo=3, routed)           0.832    22.923    cc/copy/CF1/delay2/din
    SLICE_X21Y92         LUT1 (Prop_lut1_I0_O)        0.124    23.047 r  cc/copy/CF1/delay2/buf_inst_begin/O
                         net (fo=1, routed)           0.867    23.914    cc/copy/CF1/delay2/t[0]
    SLICE_X20Y92         LUT1 (Prop_lut1_I0_O)        0.124    24.038 r  cc/copy/CF1/delay2/delay_loop[0].buf_inst/O
                         net (fo=1, routed)           0.161    24.199    cc/copy/CF1/delay2/t[1]
    SLICE_X20Y92         LUT1 (Prop_lut1_I0_O)        0.124    24.323 r  cc/copy/CF1/delay2/delay_loop[1].buf_inst/O
                         net (fo=1, routed)           0.466    24.789    cc/copy/CF1/delay2/t[2]
    SLICE_X20Y92         LUT1 (Prop_lut1_I0_O)        0.124    24.913 r  cc/copy/CF1/delay2/delay_loop[2].buf_inst/O
                         net (fo=1, routed)           0.680    25.593    cc/copy/CF1/delay2/t[3]
    SLICE_X20Y92         LUT1 (Prop_lut1_I0_O)        0.124    25.717 r  cc/copy/CF1/delay2/buf_inst_end/O
                         net (fo=1, routed)           0.493    26.210    cc/copy/CF1/LB_out
    SLICE_X21Y92         LUT1 (Prop_lut1_I0_O)        0.124    26.334 f  cc/copy/CF1/Ack_out_INST_0/O
                         net (fo=2, routed)           0.580    26.914    cc/ma/Ack_in
    SLICE_X19Y89         LUT4 (Prop_lut4_I3_O)        0.124    27.038 r  cc/ma/nand3_out_inferred_i_1/O
                         net (fo=2, routed)           0.957    27.995    cc/ma/nand3_out
    SLICE_X20Y89         LUT3 (Prop_lut3_I2_O)        0.124    28.119 f  cc/ma/nand2_out_inferred_i_1/O
                         net (fo=1, routed)           0.286    28.405    cc/ma/nand2_out
    SLICE_X20Y89         LUT2 (Prop_lut2_I1_O)        0.124    28.529 r  cc/ma/nand1_out_inferred_i_1/O
                         net (fo=3, routed)           0.838    29.368    cc/ma/delay2/din
    SLICE_X16Y91         LUT1 (Prop_lut1_I0_O)        0.124    29.492 r  cc/ma/delay2/buf_inst_begin/O
                         net (fo=1, routed)           0.286    29.778    cc/ma/delay2/t[0]
    SLICE_X16Y91         LUT1 (Prop_lut1_I0_O)        0.124    29.902 r  cc/ma/delay2/delay_loop[0].buf_inst/O
                         net (fo=1, routed)           0.161    30.063    cc/ma/delay2/t[1]
    SLICE_X16Y91         LUT1 (Prop_lut1_I0_O)        0.124    30.187 r  cc/ma/delay2/delay_loop[1].buf_inst/O
                         net (fo=1, routed)           0.466    30.653    cc/ma/delay2/t[2]
    SLICE_X16Y91         LUT1 (Prop_lut1_I0_O)        0.124    30.777 r  cc/ma/delay2/delay_loop[2].buf_inst/O
                         net (fo=1, routed)           0.821    31.598    cc/ma/delay2/t[3]
    SLICE_X16Y90         LUT1 (Prop_lut1_I0_O)        0.124    31.722 r  cc/ma/delay2/delay_loop[3].buf_inst/O
                         net (fo=1, routed)           0.286    32.008    cc/ma/delay2/t[4]
    SLICE_X16Y90         LUT1 (Prop_lut1_I0_O)        0.124    32.132 r  cc/ma/delay2/delay_loop[4].buf_inst/O
                         net (fo=1, routed)           0.161    32.293    cc/ma/delay2/t[5]
    SLICE_X16Y90         LUT1 (Prop_lut1_I0_O)        0.124    32.417 r  cc/ma/delay2/delay_loop[5].buf_inst/O
                         net (fo=1, routed)           0.466    32.883    cc/ma/delay2/t[6]
    SLICE_X16Y90         LUT1 (Prop_lut1_I0_O)        0.124    33.007 r  cc/ma/delay2/delay_loop[6].buf_inst/O
                         net (fo=1, routed)           0.707    33.714    cc/ma/delay2/t[7]
    SLICE_X18Y88         LUT1 (Prop_lut1_I0_O)        0.124    33.838 r  cc/ma/delay2/delay_loop[7].buf_inst/O
                         net (fo=1, routed)           0.280    34.118    cc/ma/delay2/t[8]
    SLICE_X18Y88         LUT1 (Prop_lut1_I0_O)        0.124    34.242 r  cc/ma/delay2/buf_inst_end/O
                         net (fo=1, routed)           0.159    34.401    cc/ma/LB_out
    SLICE_X18Y88         LUT1 (Prop_lut1_I0_O)        0.124    34.525 f  cc/ma/Ack_out_INST_0/O
                         net (fo=1, routed)           0.656    35.181    cc/fp/Ack_in
    SLICE_X19Y88         LUT2 (Prop_lut2_I0_O)        0.124    35.305 f  cc/fp/and_out_inferred_i_1/O
                         net (fo=2, routed)           0.803    36.108    cc/fp/c0/Ack_in
    SLICE_X16Y88         LUT4 (Prop_lut4_I3_O)        0.124    36.232 r  cc/fp/c0/nand3_out_inferred_i_1/O
                         net (fo=2, routed)           0.843    37.074    cc/fp/c0/nand3_out
    SLICE_X16Y88         LUT3 (Prop_lut3_I2_O)        0.124    37.198 f  cc/fp/c0/nand2_out_inferred_i_1/O
                         net (fo=1, routed)           0.171    37.369    cc/fp/c0/nand2_out
    SLICE_X16Y88         LUT2 (Prop_lut2_I1_O)        0.124    37.493 r  cc/fp/c0/nand1_out_inferred_i_1/O
                         net (fo=3, routed)           0.688    38.181    cc/fp/c0/delay2/din
    SLICE_X16Y87         LUT1 (Prop_lut1_I0_O)        0.124    38.305 r  cc/fp/c0/delay2/buf_inst_begin/O
                         net (fo=1, routed)           0.670    38.975    cc/fp/c0/delay2/t[0]
    SLICE_X16Y87         LUT1 (Prop_lut1_I0_O)        0.152    39.127 r  cc/fp/c0/delay2/delay_loop[0].buf_inst/O
                         net (fo=1, routed)           0.286    39.413    cc/fp/c0/delay2/t[1]
    SLICE_X16Y87         LUT1 (Prop_lut1_I0_O)        0.341    39.754 r  cc/fp/c0/delay2/delay_loop[1].buf_inst/O
                         net (fo=1, routed)           0.692    40.446    cc/fp/c0/delay2/t[2]
    SLICE_X16Y87         LUT1 (Prop_lut1_I0_O)        0.363    40.809 r  cc/fp/c0/delay2/delay_loop[2].buf_inst/O
                         net (fo=1, routed)           0.455    41.265    cc/fp/c0/delay2/t[3]
    SLICE_X16Y87         LUT1 (Prop_lut1_I0_O)        0.381    41.646 r  cc/fp/c0/delay2/buf_inst_end/O
                         net (fo=1, routed)           0.853    42.499    cc/fp/c0/LB_out
    SLICE_X16Y87         LUT1 (Prop_lut1_I0_O)        0.328    42.827 f  cc/fp/c0/Ack_out_INST_0/O
                         net (fo=2, routed)           0.736    43.563    cc/ps/Ack_in
    SLICE_X19Y84         LUT4 (Prop_lut4_I3_O)        0.124    43.687 r  cc/ps/nand3_out_inferred_i_1/O
                         net (fo=2, routed)           0.517    44.204    cc/ps/nand3_out
    SLICE_X18Y84         LUT3 (Prop_lut3_I2_O)        0.124    44.328 f  cc/ps/nand2_out_inferred_i_1/O
                         net (fo=1, routed)           0.279    44.607    cc/ps/nand2_out
    SLICE_X18Y84         LUT2 (Prop_lut2_I1_O)        0.124    44.731 r  cc/ps/nand1_out_inferred_i_1/O
                         net (fo=3, routed)           0.183    44.914    cc/ps/delay2/din
    SLICE_X18Y84         LUT1 (Prop_lut1_I0_O)        0.124    45.038 r  cc/ps/delay2/buf_inst_begin/O
                         net (fo=1, routed)           0.716    45.754    cc/ps/delay2/t[0]
    SLICE_X19Y82         LUT1 (Prop_lut1_I0_O)        0.124    45.878 r  cc/ps/delay2/delay_loop[0].buf_inst/O
                         net (fo=1, routed)           0.264    46.142    cc/ps/delay2/t[1]
    SLICE_X19Y82         LUT1 (Prop_lut1_I0_O)        0.124    46.266 r  cc/ps/delay2/delay_loop[1].buf_inst/O
                         net (fo=1, routed)           0.656    46.922    cc/ps/delay2/t[2]
    SLICE_X18Y82         LUT1 (Prop_lut1_I0_O)        0.124    47.046 r  cc/ps/delay2/delay_loop[2].buf_inst/O
                         net (fo=1, routed)           0.279    47.325    cc/ps/delay2/t[3]
    SLICE_X18Y82         LUT1 (Prop_lut1_I0_O)        0.124    47.449 r  cc/ps/delay2/delay_loop[3].buf_inst/O
                         net (fo=1, routed)           0.158    47.607    cc/ps/delay2/t[4]
    SLICE_X18Y82         LUT1 (Prop_lut1_I0_O)        0.124    47.731 r  cc/ps/delay2/delay_loop[4].buf_inst/O
                         net (fo=1, routed)           0.433    48.165    cc/ps/delay2/t[5]
    SLICE_X18Y82         LUT1 (Prop_lut1_I0_O)        0.124    48.289 r  cc/ps/delay2/delay_loop[5].buf_inst/O
                         net (fo=1, routed)           1.013    49.301    cc/ps/delay2/t[6]
    SLICE_X19Y77         LUT1 (Prop_lut1_I0_O)        0.124    49.425 r  cc/ps/delay2/delay_loop[6].buf_inst/O
                         net (fo=1, routed)           0.149    49.574    cc/ps/delay2/t[7]
    SLICE_X19Y77         LUT1 (Prop_lut1_I0_O)        0.124    49.698 r  cc/ps/delay2/delay_loop[7].buf_inst/O
                         net (fo=1, routed)           0.154    49.853    cc/ps/delay2/t[8]
    SLICE_X19Y77         LUT1 (Prop_lut1_I0_O)        0.124    49.977 r  cc/ps/delay2/buf_inst_end/O
                         net (fo=1, routed)           1.264    51.241    cc/ps/LB_out
    SLICE_X20Y66         LUT1 (Prop_lut1_I0_O)        0.124    51.365 f  cc/ps/Ack_out_INST_0/O
                         net (fo=1, routed)           0.680    52.045    cc/mmram/Ack_in
    SLICE_X20Y66         LUT2 (Prop_lut2_I0_O)        0.124    52.169 f  cc/mmram/and_out_inferred_i_1/O
                         net (fo=2, routed)           1.217    53.386    cc/mmram/c0/Ack_in
    SLICE_X26Y64         LUT4 (Prop_lut4_I3_O)        0.124    53.510 r  cc/mmram/c0/nand3_out_inferred_i_1/O
                         net (fo=2, routed)           0.680    54.190    cc/mmram/c0/nand3_out
    SLICE_X30Y64         LUT3 (Prop_lut3_I2_O)        0.124    54.314 f  cc/mmram/c0/nand2_out_inferred_i_1/O
                         net (fo=1, routed)           0.286    54.601    cc/mmram/c0/nand2_out
    SLICE_X30Y64         LUT2 (Prop_lut2_I1_O)        0.124    54.725 r  cc/mmram/c0/nand1_out_inferred_i_1/O
                         net (fo=3, routed)           1.053    55.777    cc/mmram/c0/delay2/din
    SLICE_X32Y58         LUT1 (Prop_lut1_I0_O)        0.124    55.901 r  cc/mmram/c0/delay2/buf_inst_begin/O
                         net (fo=1, routed)           0.670    56.571    cc/mmram/c0/delay2/t[0]
    SLICE_X32Y58         LUT1 (Prop_lut1_I0_O)        0.124    56.695 r  cc/mmram/c0/delay2/delay_loop[0].buf_inst/O
                         net (fo=1, routed)           0.466    57.161    cc/mmram/c0/delay2/t[1]
    SLICE_X32Y58         LUT1 (Prop_lut1_I0_O)        0.124    57.285 r  cc/mmram/c0/delay2/delay_loop[1].buf_inst/O
                         net (fo=1, routed)           0.680    57.965    cc/mmram/c0/delay2/t[2]
    SLICE_X32Y58         LUT1 (Prop_lut1_I0_O)        0.150    58.115 r  cc/mmram/c0/delay2/delay_loop[2].buf_inst/O
                         net (fo=1, routed)           0.165    58.281    cc/mmram/c0/delay2/t[3]
    SLICE_X32Y58         LUT1 (Prop_lut1_I0_O)        0.328    58.609 r  cc/mmram/c0/delay2/buf_inst_end/O
                         net (fo=1, routed)           0.655    59.264    cc/mmram/c0/LB_out
    SLICE_X33Y58         LUT1 (Prop_lut1_I0_O)        0.152    59.416 f  cc/mmram/c0/Ack_out_INST_0/O
                         net (fo=2, routed)           0.683    60.099    cc/mmcam/Ack_in
    SLICE_X33Y58         LUT4 (Prop_lut4_I3_O)        0.332    60.431 r  cc/mmcam/nand3_out_inferred_i_1/O
                         net (fo=2, routed)           0.415    60.846    cc/mmcam/nand3_out
    SLICE_X33Y56         LUT3 (Prop_lut3_I2_O)        0.124    60.970 f  cc/mmcam/nand2_out_inferred_i_1/O
                         net (fo=1, routed)           0.264    61.234    cc/mmcam/nand2_out
    SLICE_X33Y56         LUT2 (Prop_lut2_I1_O)        0.124    61.358 r  cc/mmcam/nand1_out_inferred_i_1/O
                         net (fo=3, routed)           0.176    61.534    cc/mmcam/delay2/din
    SLICE_X33Y56         LUT1 (Prop_lut1_I0_O)        0.124    61.658 r  cc/mmcam/delay2/buf_inst_begin/O
                         net (fo=1, routed)           1.036    62.694    cc/mmcam/delay2/t[0]
    SLICE_X39Y56         LUT1 (Prop_lut1_I0_O)        0.124    62.818 r  cc/mmcam/delay2/delay_loop[0].buf_inst/O
                         net (fo=1, routed)           0.264    63.082    cc/mmcam/delay2/t[1]
    SLICE_X39Y56         LUT1 (Prop_lut1_I0_O)        0.124    63.206 r  cc/mmcam/delay2/delay_loop[1].buf_inst/O
                         net (fo=1, routed)           0.149    63.355    cc/mmcam/delay2/t[2]
    SLICE_X39Y56         LUT1 (Prop_lut1_I0_O)        0.124    63.479 r  cc/mmcam/delay2/delay_loop[2].buf_inst/O
                         net (fo=1, routed)           0.433    63.912    cc/mmcam/delay2/t[3]
    SLICE_X39Y56         LUT1 (Prop_lut1_I0_O)        0.124    64.036 r  cc/mmcam/delay2/delay_loop[3].buf_inst/O
                         net (fo=1, routed)           0.875    64.912    cc/mmcam/delay2/t[4]
    SLICE_X38Y56         LUT1 (Prop_lut1_I0_O)        0.124    65.036 r  cc/mmcam/delay2/delay_loop[4].buf_inst/O
                         net (fo=1, routed)           0.830    65.866    cc/mmcam/delay2/t[5]
    SLICE_X38Y55         LUT1 (Prop_lut1_I0_O)        0.124    65.990 r  cc/mmcam/delay2/delay_loop[5].buf_inst/O
                         net (fo=1, routed)           0.680    66.670    cc/mmcam/delay2/t[6]
    SLICE_X38Y55         LUT1 (Prop_lut1_I0_O)        0.150    66.820 r  cc/mmcam/delay2/delay_loop[6].buf_inst/O
                         net (fo=1, routed)           0.478    67.299    cc/mmcam/delay2/t[7]
    SLICE_X38Y55         LUT1 (Prop_lut1_I0_O)        0.321    67.620 r  cc/mmcam/delay2/delay_loop[7].buf_inst/O
                         net (fo=1, routed)           0.286    67.905    cc/mmcam/delay2/t[8]
    SLICE_X38Y55         LUT1 (Prop_lut1_I0_O)        0.348    68.253 r  cc/mmcam/delay2/buf_inst_end/O
                         net (fo=1, routed)           0.607    68.860    cc/mmcam/LB_out
    SLICE_X38Y53         LUT1 (Prop_lut1_I0_O)        0.124    68.984 f  cc/mmcam/Ack_out_INST_0/O
                         net (fo=4, routed)           0.842    69.826    cc/m/CJ2/Ack_in
    SLICE_X38Y52         LUT6 (Prop_lut6_I4_O)        0.124    69.950 r  cc/m/CJ2/nand3_out_inferred_i_1/O
                         net (fo=2, routed)           0.299    70.249    cc/m/CJ2/nand3_out
    SLICE_X38Y52         LUT3 (Prop_lut3_I2_O)        0.124    70.373 f  cc/m/CJ2/nand2_out_inferred_i_1/O
                         net (fo=1, routed)           0.161    70.534    cc/m/CJ2/nand2_out
    SLICE_X38Y52         LUT2 (Prop_lut2_I1_O)        0.124    70.658 r  cc/m/CJ2/nand1_out_inferred_i_1/O
                         net (fo=3, routed)           0.597    71.255    cc/m/CJ2/delay2/din
    SLICE_X36Y52         LUT1 (Prop_lut1_I0_O)        0.124    71.379 r  cc/m/CJ2/delay2/buf_inst_begin/O
                         net (fo=1, routed)           0.279    71.658    cc/m/CJ2/delay2/t[0]
    SLICE_X36Y52         LUT1 (Prop_lut1_I0_O)        0.124    71.782 r  cc/m/CJ2/delay2/delay_loop[0].buf_inst/O
                         net (fo=1, routed)           0.853    72.635    cc/m/CJ2/delay2/t[1]
    SLICE_X36Y52         LUT1 (Prop_lut1_I0_O)        0.124    72.759 r  cc/m/CJ2/delay2/delay_loop[1].buf_inst/O
                         net (fo=1, routed)           0.433    73.192    cc/m/CJ2/delay2/t[2]
    SLICE_X36Y52         LUT1 (Prop_lut1_I0_O)        0.124    73.316 r  cc/m/CJ2/delay2/delay_loop[2].buf_inst/O
                         net (fo=1, routed)           0.674    73.990    cc/m/CJ2/delay2/t[3]
    SLICE_X36Y52         LUT1 (Prop_lut1_I0_O)        0.152    74.142 r  cc/m/CJ2/delay2/delay_loop[3].buf_inst/O
                         net (fo=1, routed)           0.851    74.994    cc/m/CJ2/delay2/t[4]
    SLICE_X36Y52         LUT1 (Prop_lut1_I0_O)        0.354    75.348 r  cc/m/CJ2/delay2/delay_loop[4].buf_inst/O
                         net (fo=1, routed)           0.288    75.635    cc/m/CJ2/delay2/t[5]
    SLICE_X36Y52         LUT1 (Prop_lut1_I0_O)        0.328    75.963 r  cc/m/CJ2/delay2/delay_loop[5].buf_inst/O
                         net (fo=1, routed)           0.811    76.774    cc/m/CJ2/delay2/t[6]
    SLICE_X37Y51         LUT1 (Prop_lut1_I0_O)        0.327    77.101 r  cc/m/CJ2/delay2/delay_loop[6].buf_inst/O
                         net (fo=1, routed)           0.433    77.534    cc/m/CJ2/delay2/t[7]
    SLICE_X37Y51         LUT1 (Prop_lut1_I0_O)        0.124    77.658 r  cc/m/CJ2/delay2/delay_loop[7].buf_inst/O
                         net (fo=1, routed)           0.667    78.325    cc/m/CJ2/delay2/t[8]
    SLICE_X37Y51         LUT1 (Prop_lut1_I0_O)        0.124    78.449 r  cc/m/CJ2/delay2/buf_inst_end/O
                         net (fo=1, routed)           0.433    78.882    cc/m/CJ2/LB_out
    SLICE_X37Y51         LUT1 (Prop_lut1_I0_O)        0.124    79.006 f  cc/m/CJ2/Ack_out_INST_0/O
                         net (fo=2, routed)           0.937    79.943    cc/m/Ack_out_b
    SLICE_X39Y55         LUT3 (Prop_lut3_I1_O)        0.124    80.067 r  cc/m/nand4_out_inferred_i_1/O
                         net (fo=1, routed)           0.433    80.500    cc/m/nand4_out
    SLICE_X39Y55         LUT3 (Prop_lut3_I0_O)        0.124    80.624 f  cc/m/nand3_out_inferred_i_1/O
                         net (fo=2, routed)           0.963    81.587    cc/m/nand3_out
    SLICE_X40Y52         LUT2 (Prop_lut2_I0_O)        0.124    81.711 r  cc/m/nand6_out_inferred_i_1/O
                         net (fo=2, routed)           0.667    82.378    cc/m/nand6_out
    SLICE_X41Y52         LUT3 (Prop_lut3_I2_O)        0.124    82.502 f  cc/m/nand5_out_inferred_i_1/O
                         net (fo=2, routed)           0.814    83.316    cc/m/nand5_out
    SLICE_X40Y52         LUT2 (Prop_lut2_I0_O)        0.124    83.440 r  cc/m/nand7_out_inferred_i_1/O
                         net (fo=2, routed)           0.174    83.614    cc/m/nand7_out
    SLICE_X40Y52         LUT3 (Prop_lut3_I2_O)        0.124    83.738 f  cc/m/nand8_out_inferred_i_1/O
                         net (fo=2, routed)           0.426    84.164    cc/m/CJ1/g
    SLICE_X40Y51         LUT6 (Prop_lut6_I3_O)        0.124    84.288 r  cc/m/CJ1/nand3_out_inferred_i_1/O
                         net (fo=2, routed)           0.682    84.970    cc/m/CJ1/nand3_out
    SLICE_X40Y51         LUT2 (Prop_lut2_I0_O)        0.124    85.094 f  cc/m/CJ1/nand4_out_inferred_i_1/O
                         net (fo=1, routed)           0.650    85.743    cc/m/CJ1/nand4_out
    SLICE_X40Y51         LUT3 (Prop_lut3_I0_O)        0.124    85.867 r  cc/m/CJ1/nand5_out_inferred_i_1/O
                         net (fo=3, routed)           0.679    86.546    cc/m/CJ1/nand5_out
    SLICE_X41Y51         LUT1 (Prop_lut1_I0_O)        0.124    86.670 f  cc/m/CJ1/cp_INST_0/O
                         net (fo=39, routed)          0.845    87.515    cc/m/cp1
    SLICE_X40Y52         LUT1 (Prop_lut1_I0_O)        0.124    87.639 r  cc/m/z1_inferred_i_1/O
                         net (fo=3, routed)           0.447    88.086    cc/m/z1
    SLICE_X41Y55         LUT2 (Prop_lut2_I0_O)        0.124    88.210 r  cc/m/nor2_out_inferred_i_1/O
                         net (fo=39, routed)          2.096    90.306    m/SEL
    SLICE_X42Y73         LUT3 (Prop_lut3_I2_O)        0.124    90.430 r  m/PACKET_OUT[25]_INST_0/O
                         net (fo=129, routed)         6.956    97.386    mmcam/entry_fd_loop[17].ef/color_gen_dest_LR[6]
    SLICE_X34Y69         LUT6 (Prop_lut6_I3_O)        0.124    97.510 r  mmcam/entry_fd_loop[17].ef/FIRE_INST_0_i_7/O
                         net (fo=1, routed)           0.000    97.510    mmcam/entry_fd_loop[17].ef/FIRE_INST_0_i_7_n_0
    SLICE_X34Y69         CARRY4 (Prop_carry4_S[1]_CO[3])
                                                      0.533    98.043 r  mmcam/entry_fd_loop[17].ef/FIRE_INST_0_i_2/CO[3]
                         net (fo=1, routed)           0.000    98.043    mmcam/entry_fd_loop[17].ef/FIRE_INST_0_i_2_n_0
    SLICE_X34Y70         CARRY4 (Prop_carry4_CI_CO[1])
                                                      0.157    98.200 f  mmcam/entry_fd_loop[17].ef/FIRE_INST_0_i_1/CO[1]
                         net (fo=2, routed)           0.781    98.981    mmcam/entry_fd_loop[17].ef/FIRE1
    SLICE_X31Y71         LUT4 (Prop_lut4_I1_O)        0.332    99.313 f  mmcam/entry_fd_loop[17].ef/FIRE_INST_0/O
                         net (fo=7, routed)           0.897   100.210    mmcam/am_or_ma/FIRE[17]
    SLICE_X30Y71         LUT4 (Prop_lut4_I1_O)        0.124   100.334 f  mmcam/am_or_ma/R_ADDR_inferred_i_41/O
                         net (fo=3, routed)           0.616   100.950    mmcam/am_or_ma/R_ADDR_inferred_i_41_n_0
    SLICE_X30Y69         LUT6 (Prop_lut6_I0_O)        0.124   101.074 f  mmcam/am_or_ma/FIRE_OR_inferred_i_7/O
                         net (fo=3, routed)           0.835   101.909    mmcam/am_or_ma/FIRE_OR_inferred_i_7_n_0
    SLICE_X29Y70         LUT6 (Prop_lut6_I1_O)        0.124   102.033 f  mmcam/am_or_ma/FIRE_OR_inferred_i_5/O
                         net (fo=2, routed)           0.989   103.022    mmcam/am_or_ma/FIRE_OR_inferred_i_5_n_0
    SLICE_X26Y74         LUT4 (Prop_lut4_I3_O)        0.124   103.146 f  mmcam/am_or_ma/FIRE_OR_inferred_i_1/O
                         net (fo=31, routed)          1.523   104.669    mmcam/am_or_ma/FIRE_OR
    SLICE_X35Y70         LUT3 (Prop_lut3_I0_O)        0.124   104.793 r  mmcam/am_or_ma/EN[61]_INST_0_i_2/O
                         net (fo=30, routed)          1.738   106.531    mmcam/am_or_ma/EN[61]_INST_0_i_2_n_0
    SLICE_X27Y75         LUT6 (Prop_lut6_I3_O)        0.124   106.655 r  mmcam/am_or_ma/EN[53]_INST_0_i_1/O
                         net (fo=4, routed)           0.989   107.643    mmcam/am_or_ma/EN[53]_INST_0_i_1_n_0
    SLICE_X26Y72         LUT6 (Prop_lut6_I0_O)        0.124   107.767 r  mmcam/am_or_ma/EN[21]_INST_0/O
                         net (fo=20, routed)          1.622   109.389    mmcam/entry_fd_loop[21].ef/EN
    SLICE_X21Y64         FDRE                                         r  mmcam/entry_fd_loop[21].ef/ENTRY_reg[17]/CE
  -------------------------------------------------------------------    -------------------

Slack:                    inf
  Source:                 Ack_in
                            (input port)
  Destination:            mmcam/entry_fd_loop[21].ef/ENTRY_reg[18]/CE
  Path Group:             (none)
  Path Type:              Max at Slow Process Corner
  Data Path Delay:        109.389ns  (logic 21.456ns (19.615%)  route 87.933ns (80.385%))
  Logic Levels:           135  (CARRY4=2 IBUF=1 LUT1=81 LUT2=16 LUT3=17 LUT4=11 LUT6=7)

    Location             Delay type                Incr(ns)  Path(ns)    Netlist Resource(s)
  -------------------------------------------------------------------    -------------------
    P14                                               0.000     0.000 f  Ack_in (IN)
                         net (fo=0)                   0.000     0.000    Ack_in
    P14                  IBUF (Prop_ibuf_I_O)         1.002     1.002 f  Ack_in_IBUF_inst/O
                         net (fo=2, routed)           1.435     2.437    cc/c/Ack_in
    SLICE_X42Y53         LUT4 (Prop_lut4_I3_O)        0.124     2.561 r  cc/c/nand3_out_inferred_i_1/O
                         net (fo=2, routed)           0.459     3.020    cc/c/nand3_out
    SLICE_X42Y54         LUT3 (Prop_lut3_I2_O)        0.124     3.144 f  cc/c/nand2_out_inferred_i_1/O
                         net (fo=1, routed)           0.286     3.431    cc/c/nand2_out
    SLICE_X42Y54         LUT2 (Prop_lut2_I1_O)        0.124     3.555 r  cc/c/nand1_out_inferred_i_1/O
                         net (fo=3, routed)           0.960     4.514    cc/c/delay2/din
    SLICE_X41Y55         LUT1 (Prop_lut1_I0_O)        0.124     4.638 r  cc/c/delay2/buf_inst_begin/O
                         net (fo=1, routed)           0.714     5.353    cc/c/delay2/t[0]
    SLICE_X40Y55         LUT1 (Prop_lut1_I0_O)        0.124     5.477 r  cc/c/delay2/delay_loop[0].buf_inst/O
                         net (fo=1, routed)           0.279     5.756    cc/c/delay2/t[1]
    SLICE_X40Y55         LUT1 (Prop_lut1_I0_O)        0.124     5.880 r  cc/c/delay2/delay_loop[1].buf_inst/O
                         net (fo=1, routed)           0.853     6.732    cc/c/delay2/t[2]
    SLICE_X40Y55         LUT1 (Prop_lut1_I0_O)        0.124     6.856 r  cc/c/delay2/delay_loop[2].buf_inst/O
                         net (fo=1, routed)           0.433     7.290    cc/c/delay2/t[3]
    SLICE_X40Y55         LUT1 (Prop_lut1_I0_O)        0.124     7.414 r  cc/c/delay2/delay_loop[3].buf_inst/O
                         net (fo=1, routed)           0.674     8.088    cc/c/delay2/t[4]
    SLICE_X40Y55         LUT1 (Prop_lut1_I0_O)        0.152     8.240 r  cc/c/delay2/delay_loop[4].buf_inst/O
                         net (fo=1, routed)           0.851     9.091    cc/c/delay2/t[5]
    SLICE_X40Y55         LUT1 (Prop_lut1_I0_O)        0.354     9.445 r  cc/c/delay2/delay_loop[5].buf_inst/O
                         net (fo=1, routed)           0.288     9.733    cc/c/delay2/t[6]
    SLICE_X40Y55         LUT1 (Prop_lut1_I0_O)        0.328    10.061 r  cc/c/delay2/delay_loop[6].buf_inst/O
                         net (fo=1, routed)           0.806    10.867    cc/c/delay2/t[7]
    SLICE_X38Y55         LUT1 (Prop_lut1_I0_O)        0.327    11.194 r  cc/c/delay2/delay_loop[7].buf_inst/O
                         net (fo=1, routed)           0.452    11.646    cc/c/delay2/t[8]
    SLICE_X38Y55         LUT1 (Prop_lut1_I0_O)        0.124    11.770 r  cc/c/delay2/buf_inst_end/O
                         net (fo=1, routed)           0.403    12.173    cc/c/LB_out
    SLICE_X39Y55         LUT1 (Prop_lut1_I0_O)        0.124    12.297 f  cc/c/Ack_out_INST_0/O
                         net (fo=1, routed)           0.263    12.560    cc/b/Ack_in_a
    SLICE_X39Y55         LUT2 (Prop_lut2_I0_O)        0.124    12.684 f  cc/b/and_out_inferred_i_1/O
                         net (fo=2, routed)           0.817    13.501    cc/b/c0/Ack_in
    SLICE_X35Y64         LUT4 (Prop_lut4_I3_O)        0.124    13.625 r  cc/b/c0/nand3_out_inferred_i_1/O
                         net (fo=2, routed)           0.555    14.180    cc/b/c0/nand3_out
    SLICE_X35Y67         LUT3 (Prop_lut3_I2_O)        0.124    14.304 f  cc/b/c0/nand2_out_inferred_i_1/O
                         net (fo=1, routed)           0.264    14.568    cc/b/c0/nand2_out
    SLICE_X35Y67         LUT2 (Prop_lut2_I1_O)        0.124    14.692 r  cc/b/c0/nand1_out_inferred_i_1/O
                         net (fo=3, routed)           0.796    15.488    cc/b/c0/delay2/din
    SLICE_X28Y67         LUT1 (Prop_lut1_I0_O)        0.124    15.612 r  cc/b/c0/delay2/buf_inst_begin/O
                         net (fo=1, routed)           0.286    15.898    cc/b/c0/delay2/t[0]
    SLICE_X28Y67         LUT1 (Prop_lut1_I0_O)        0.124    16.022 r  cc/b/c0/delay2/delay_loop[0].buf_inst/O
                         net (fo=1, routed)           0.161    16.183    cc/b/c0/delay2/t[1]
    SLICE_X28Y67         LUT1 (Prop_lut1_I0_O)        0.124    16.307 r  cc/b/c0/delay2/delay_loop[1].buf_inst/O
                         net (fo=1, routed)           1.322    17.629    cc/b/c0/delay2/t[2]
    SLICE_X25Y78         LUT1 (Prop_lut1_I0_O)        0.124    17.753 r  cc/b/c0/delay2/delay_loop[2].buf_inst/O
                         net (fo=1, routed)           0.623    18.376    cc/b/c0/delay2/t[3]
    SLICE_X24Y86         LUT1 (Prop_lut1_I0_O)        0.124    18.500 r  cc/b/c0/delay2/buf_inst_end/O
                         net (fo=1, routed)           0.452    18.952    cc/b/c0/LB_out
    SLICE_X24Y86         LUT1 (Prop_lut1_I0_O)        0.124    19.076 f  cc/b/c0/Ack_out_INST_0/O
                         net (fo=4, routed)           0.598    19.674    cc/copy/Ack_in
    SLICE_X22Y89         LUT3 (Prop_lut3_I0_O)        0.124    19.798 f  cc/copy/and2_out_inferred_i_1/O
                         net (fo=2, routed)           0.967    20.765    cc/copy/CF1/Ack_in
    SLICE_X20Y91         LUT4 (Prop_lut4_I3_O)        0.124    20.889 r  cc/copy/CF1/nand3_out_inferred_i_1/O
                         net (fo=2, routed)           0.298    21.187    cc/copy/CF1/nand3_out
    SLICE_X20Y91         LUT3 (Prop_lut3_I2_O)        0.124    21.311 f  cc/copy/CF1/nand2_out_inferred_i_1/O
                         net (fo=1, routed)           0.656    21.967    cc/copy/CF1/nand2_out
    SLICE_X21Y91         LUT2 (Prop_lut2_I1_O)        0.124    22.091 r  cc/copy/CF1/nand1_out_inferred_i_1/O
                         net (fo=3, routed)           0.832    22.923    cc/copy/CF1/delay2/din
    SLICE_X21Y92         LUT1 (Prop_lut1_I0_O)        0.124    23.047 r  cc/copy/CF1/delay2/buf_inst_begin/O
                         net (fo=1, routed)           0.867    23.914    cc/copy/CF1/delay2/t[0]
    SLICE_X20Y92         LUT1 (Prop_lut1_I0_O)        0.124    24.038 r  cc/copy/CF1/delay2/delay_loop[0].buf_inst/O
                         net (fo=1, routed)           0.161    24.199    cc/copy/CF1/delay2/t[1]
    SLICE_X20Y92         LUT1 (Prop_lut1_I0_O)        0.124    24.323 r  cc/copy/CF1/delay2/delay_loop[1].buf_inst/O
                         net (fo=1, routed)           0.466    24.789    cc/copy/CF1/delay2/t[2]
    SLICE_X20Y92         LUT1 (Prop_lut1_I0_O)        0.124    24.913 r  cc/copy/CF1/delay2/delay_loop[2].buf_inst/O
                         net (fo=1, routed)           0.680    25.593    cc/copy/CF1/delay2/t[3]
    SLICE_X20Y92         LUT1 (Prop_lut1_I0_O)        0.124    25.717 r  cc/copy/CF1/delay2/buf_inst_end/O
                         net (fo=1, routed)           0.493    26.210    cc/copy/CF1/LB_out
    SLICE_X21Y92         LUT1 (Prop_lut1_I0_O)        0.124    26.334 f  cc/copy/CF1/Ack_out_INST_0/O
                         net (fo=2, routed)           0.580    26.914    cc/ma/Ack_in
    SLICE_X19Y89         LUT4 (Prop_lut4_I3_O)        0.124    27.038 r  cc/ma/nand3_out_inferred_i_1/O
                         net (fo=2, routed)           0.957    27.995    cc/ma/nand3_out
    SLICE_X20Y89         LUT3 (Prop_lut3_I2_O)        0.124    28.119 f  cc/ma/nand2_out_inferred_i_1/O
                         net (fo=1, routed)           0.286    28.405    cc/ma/nand2_out
    SLICE_X20Y89         LUT2 (Prop_lut2_I1_O)        0.124    28.529 r  cc/ma/nand1_out_inferred_i_1/O
                         net (fo=3, routed)           0.838    29.368    cc/ma/delay2/din
    SLICE_X16Y91         LUT1 (Prop_lut1_I0_O)        0.124    29.492 r  cc/ma/delay2/buf_inst_begin/O
                         net (fo=1, routed)           0.286    29.778    cc/ma/delay2/t[0]
    SLICE_X16Y91         LUT1 (Prop_lut1_I0_O)        0.124    29.902 r  cc/ma/delay2/delay_loop[0].buf_inst/O
                         net (fo=1, routed)           0.161    30.063    cc/ma/delay2/t[1]
    SLICE_X16Y91         LUT1 (Prop_lut1_I0_O)        0.124    30.187 r  cc/ma/delay2/delay_loop[1].buf_inst/O
                         net (fo=1, routed)           0.466    30.653    cc/ma/delay2/t[2]
    SLICE_X16Y91         LUT1 (Prop_lut1_I0_O)        0.124    30.777 r  cc/ma/delay2/delay_loop[2].buf_inst/O
                         net (fo=1, routed)           0.821    31.598    cc/ma/delay2/t[3]
    SLICE_X16Y90         LUT1 (Prop_lut1_I0_O)        0.124    31.722 r  cc/ma/delay2/delay_loop[3].buf_inst/O
                         net (fo=1, routed)           0.286    32.008    cc/ma/delay2/t[4]
    SLICE_X16Y90         LUT1 (Prop_lut1_I0_O)        0.124    32.132 r  cc/ma/delay2/delay_loop[4].buf_inst/O
                         net (fo=1, routed)           0.161    32.293    cc/ma/delay2/t[5]
    SLICE_X16Y90         LUT1 (Prop_lut1_I0_O)        0.124    32.417 r  cc/ma/delay2/delay_loop[5].buf_inst/O
                         net (fo=1, routed)           0.466    32.883    cc/ma/delay2/t[6]
    SLICE_X16Y90         LUT1 (Prop_lut1_I0_O)        0.124    33.007 r  cc/ma/delay2/delay_loop[6].buf_inst/O
                         net (fo=1, routed)           0.707    33.714    cc/ma/delay2/t[7]
    SLICE_X18Y88         LUT1 (Prop_lut1_I0_O)        0.124    33.838 r  cc/ma/delay2/delay_loop[7].buf_inst/O
                         net (fo=1, routed)           0.280    34.118    cc/ma/delay2/t[8]
    SLICE_X18Y88         LUT1 (Prop_lut1_I0_O)        0.124    34.242 r  cc/ma/delay2/buf_inst_end/O
                         net (fo=1, routed)           0.159    34.401    cc/ma/LB_out
    SLICE_X18Y88         LUT1 (Prop_lut1_I0_O)        0.124    34.525 f  cc/ma/Ack_out_INST_0/O
                         net (fo=1, routed)           0.656    35.181    cc/fp/Ack_in
    SLICE_X19Y88         LUT2 (Prop_lut2_I0_O)        0.124    35.305 f  cc/fp/and_out_inferred_i_1/O
                         net (fo=2, routed)           0.803    36.108    cc/fp/c0/Ack_in
    SLICE_X16Y88         LUT4 (Prop_lut4_I3_O)        0.124    36.232 r  cc/fp/c0/nand3_out_inferred_i_1/O
                         net (fo=2, routed)           0.843    37.074    cc/fp/c0/nand3_out
    SLICE_X16Y88         LUT3 (Prop_lut3_I2_O)        0.124    37.198 f  cc/fp/c0/nand2_out_inferred_i_1/O
                         net (fo=1, routed)           0.171    37.369    cc/fp/c0/nand2_out
    SLICE_X16Y88         LUT2 (Prop_lut2_I1_O)        0.124    37.493 r  cc/fp/c0/nand1_out_inferred_i_1/O
                         net (fo=3, routed)           0.688    38.181    cc/fp/c0/delay2/din
    SLICE_X16Y87         LUT1 (Prop_lut1_I0_O)        0.124    38.305 r  cc/fp/c0/delay2/buf_inst_begin/O
                         net (fo=1, routed)           0.670    38.975    cc/fp/c0/delay2/t[0]
    SLICE_X16Y87         LUT1 (Prop_lut1_I0_O)        0.152    39.127 r  cc/fp/c0/delay2/delay_loop[0].buf_inst/O
                         net (fo=1, routed)           0.286    39.413    cc/fp/c0/delay2/t[1]
    SLICE_X16Y87         LUT1 (Prop_lut1_I0_O)        0.341    39.754 r  cc/fp/c0/delay2/delay_loop[1].buf_inst/O
                         net (fo=1, routed)           0.692    40.446    cc/fp/c0/delay2/t[2]
    SLICE_X16Y87         LUT1 (Prop_lut1_I0_O)        0.363    40.809 r  cc/fp/c0/delay2/delay_loop[2].buf_inst/O
                         net (fo=1, routed)           0.455    41.265    cc/fp/c0/delay2/t[3]
    SLICE_X16Y87         LUT1 (Prop_lut1_I0_O)        0.381    41.646 r  cc/fp/c0/delay2/buf_inst_end/O
                         net (fo=1, routed)           0.853    42.499    cc/fp/c0/LB_out
    SLICE_X16Y87         LUT1 (Prop_lut1_I0_O)        0.328    42.827 f  cc/fp/c0/Ack_out_INST_0/O
                         net (fo=2, routed)           0.736    43.563    cc/ps/Ack_in
    SLICE_X19Y84         LUT4 (Prop_lut4_I3_O)        0.124    43.687 r  cc/ps/nand3_out_inferred_i_1/O
                         net (fo=2, routed)           0.517    44.204    cc/ps/nand3_out
    SLICE_X18Y84         LUT3 (Prop_lut3_I2_O)        0.124    44.328 f  cc/ps/nand2_out_inferred_i_1/O
                         net (fo=1, routed)           0.279    44.607    cc/ps/nand2_out
    SLICE_X18Y84         LUT2 (Prop_lut2_I1_O)        0.124    44.731 r  cc/ps/nand1_out_inferred_i_1/O
                         net (fo=3, routed)           0.183    44.914    cc/ps/delay2/din
    SLICE_X18Y84         LUT1 (Prop_lut1_I0_O)        0.124    45.038 r  cc/ps/delay2/buf_inst_begin/O
                         net (fo=1, routed)           0.716    45.754    cc/ps/delay2/t[0]
    SLICE_X19Y82         LUT1 (Prop_lut1_I0_O)        0.124    45.878 r  cc/ps/delay2/delay_loop[0].buf_inst/O
                         net (fo=1, routed)           0.264    46.142    cc/ps/delay2/t[1]
    SLICE_X19Y82         LUT1 (Prop_lut1_I0_O)        0.124    46.266 r  cc/ps/delay2/delay_loop[1].buf_inst/O
                         net (fo=1, routed)           0.656    46.922    cc/ps/delay2/t[2]
    SLICE_X18Y82         LUT1 (Prop_lut1_I0_O)        0.124    47.046 r  cc/ps/delay2/delay_loop[2].buf_inst/O
                         net (fo=1, routed)           0.279    47.325    cc/ps/delay2/t[3]
    SLICE_X18Y82         LUT1 (Prop_lut1_I0_O)        0.124    47.449 r  cc/ps/delay2/delay_loop[3].buf_inst/O
                         net (fo=1, routed)           0.158    47.607    cc/ps/delay2/t[4]
    SLICE_X18Y82         LUT1 (Prop_lut1_I0_O)        0.124    47.731 r  cc/ps/delay2/delay_loop[4].buf_inst/O
                         net (fo=1, routed)           0.433    48.165    cc/ps/delay2/t[5]
    SLICE_X18Y82         LUT1 (Prop_lut1_I0_O)        0.124    48.289 r  cc/ps/delay2/delay_loop[5].buf_inst/O
                         net (fo=1, routed)           1.013    49.301    cc/ps/delay2/t[6]
    SLICE_X19Y77         LUT1 (Prop_lut1_I0_O)        0.124    49.425 r  cc/ps/delay2/delay_loop[6].buf_inst/O
                         net (fo=1, routed)           0.149    49.574    cc/ps/delay2/t[7]
    SLICE_X19Y77         LUT1 (Prop_lut1_I0_O)        0.124    49.698 r  cc/ps/delay2/delay_loop[7].buf_inst/O
                         net (fo=1, routed)           0.154    49.853    cc/ps/delay2/t[8]
    SLICE_X19Y77         LUT1 (Prop_lut1_I0_O)        0.124    49.977 r  cc/ps/delay2/buf_inst_end/O
                         net (fo=1, routed)           1.264    51.241    cc/ps/LB_out
    SLICE_X20Y66         LUT1 (Prop_lut1_I0_O)        0.124    51.365 f  cc/ps/Ack_out_INST_0/O
                         net (fo=1, routed)           0.680    52.045    cc/mmram/Ack_in
    SLICE_X20Y66         LUT2 (Prop_lut2_I0_O)        0.124    52.169 f  cc/mmram/and_out_inferred_i_1/O
                         net (fo=2, routed)           1.217    53.386    cc/mmram/c0/Ack_in
    SLICE_X26Y64         LUT4 (Prop_lut4_I3_O)        0.124    53.510 r  cc/mmram/c0/nand3_out_inferred_i_1/O
                         net (fo=2, routed)           0.680    54.190    cc/mmram/c0/nand3_out
    SLICE_X30Y64         LUT3 (Prop_lut3_I2_O)        0.124    54.314 f  cc/mmram/c0/nand2_out_inferred_i_1/O
                         net (fo=1, routed)           0.286    54.601    cc/mmram/c0/nand2_out
    SLICE_X30Y64         LUT2 (Prop_lut2_I1_O)        0.124    54.725 r  cc/mmram/c0/nand1_out_inferred_i_1/O
                         net (fo=3, routed)           1.053    55.777    cc/mmram/c0/delay2/din
    SLICE_X32Y58         LUT1 (Prop_lut1_I0_O)        0.124    55.901 r  cc/mmram/c0/delay2/buf_inst_begin/O
                         net (fo=1, routed)           0.670    56.571    cc/mmram/c0/delay2/t[0]
    SLICE_X32Y58         LUT1 (Prop_lut1_I0_O)        0.124    56.695 r  cc/mmram/c0/delay2/delay_loop[0].buf_inst/O
                         net (fo=1, routed)           0.466    57.161    cc/mmram/c0/delay2/t[1]
    SLICE_X32Y58         LUT1 (Prop_lut1_I0_O)        0.124    57.285 r  cc/mmram/c0/delay2/delay_loop[1].buf_inst/O
                         net (fo=1, routed)           0.680    57.965    cc/mmram/c0/delay2/t[2]
    SLICE_X32Y58         LUT1 (Prop_lut1_I0_O)        0.150    58.115 r  cc/mmram/c0/delay2/delay_loop[2].buf_inst/O
                         net (fo=1, routed)           0.165    58.281    cc/mmram/c0/delay2/t[3]
    SLICE_X32Y58         LUT1 (Prop_lut1_I0_O)        0.328    58.609 r  cc/mmram/c0/delay2/buf_inst_end/O
                         net (fo=1, routed)           0.655    59.264    cc/mmram/c0/LB_out
    SLICE_X33Y58         LUT1 (Prop_lut1_I0_O)        0.152    59.416 f  cc/mmram/c0/Ack_out_INST_0/O
                         net (fo=2, routed)           0.683    60.099    cc/mmcam/Ack_in
    SLICE_X33Y58         LUT4 (Prop_lut4_I3_O)        0.332    60.431 r  cc/mmcam/nand3_out_inferred_i_1/O
                         net (fo=2, routed)           0.415    60.846    cc/mmcam/nand3_out
    SLICE_X33Y56         LUT3 (Prop_lut3_I2_O)        0.124    60.970 f  cc/mmcam/nand2_out_inferred_i_1/O
                         net (fo=1, routed)           0.264    61.234    cc/mmcam/nand2_out
    SLICE_X33Y56         LUT2 (Prop_lut2_I1_O)        0.124    61.358 r  cc/mmcam/nand1_out_inferred_i_1/O
                         net (fo=3, routed)           0.176    61.534    cc/mmcam/delay2/din
    SLICE_X33Y56         LUT1 (Prop_lut1_I0_O)        0.124    61.658 r  cc/mmcam/delay2/buf_inst_begin/O
                         net (fo=1, routed)           1.036    62.694    cc/mmcam/delay2/t[0]
    SLICE_X39Y56         LUT1 (Prop_lut1_I0_O)        0.124    62.818 r  cc/mmcam/delay2/delay_loop[0].buf_inst/O
                         net (fo=1, routed)           0.264    63.082    cc/mmcam/delay2/t[1]
    SLICE_X39Y56         LUT1 (Prop_lut1_I0_O)        0.124    63.206 r  cc/mmcam/delay2/delay_loop[1].buf_inst/O
                         net (fo=1, routed)           0.149    63.355    cc/mmcam/delay2/t[2]
    SLICE_X39Y56         LUT1 (Prop_lut1_I0_O)        0.124    63.479 r  cc/mmcam/delay2/delay_loop[2].buf_inst/O
                         net (fo=1, routed)           0.433    63.912    cc/mmcam/delay2/t[3]
    SLICE_X39Y56         LUT1 (Prop_lut1_I0_O)        0.124    64.036 r  cc/mmcam/delay2/delay_loop[3].buf_inst/O
                         net (fo=1, routed)           0.875    64.912    cc/mmcam/delay2/t[4]
    SLICE_X38Y56         LUT1 (Prop_lut1_I0_O)        0.124    65.036 r  cc/mmcam/delay2/delay_loop[4].buf_inst/O
                         net (fo=1, routed)           0.830    65.866    cc/mmcam/delay2/t[5]
    SLICE_X38Y55         LUT1 (Prop_lut1_I0_O)        0.124    65.990 r  cc/mmcam/delay2/delay_loop[5].buf_inst/O
                         net (fo=1, routed)           0.680    66.670    cc/mmcam/delay2/t[6]
    SLICE_X38Y55         LUT1 (Prop_lut1_I0_O)        0.150    66.820 r  cc/mmcam/delay2/delay_loop[6].buf_inst/O
                         net (fo=1, routed)           0.478    67.299    cc/mmcam/delay2/t[7]
    SLICE_X38Y55         LUT1 (Prop_lut1_I0_O)        0.321    67.620 r  cc/mmcam/delay2/delay_loop[7].buf_inst/O
                         net (fo=1, routed)           0.286    67.905    cc/mmcam/delay2/t[8]
    SLICE_X38Y55         LUT1 (Prop_lut1_I0_O)        0.348    68.253 r  cc/mmcam/delay2/buf_inst_end/O
                         net (fo=1, routed)           0.607    68.860    cc/mmcam/LB_out
    SLICE_X38Y53         LUT1 (Prop_lut1_I0_O)        0.124    68.984 f  cc/mmcam/Ack_out_INST_0/O
                         net (fo=4, routed)           0.842    69.826    cc/m/CJ2/Ack_in
    SLICE_X38Y52         LUT6 (Prop_lut6_I4_O)        0.124    69.950 r  cc/m/CJ2/nand3_out_inferred_i_1/O
                         net (fo=2, routed)           0.299    70.249    cc/m/CJ2/nand3_out
    SLICE_X38Y52         LUT3 (Prop_lut3_I2_O)        0.124    70.373 f  cc/m/CJ2/nand2_out_inferred_i_1/O
                         net (fo=1, routed)           0.161    70.534    cc/m/CJ2/nand2_out
    SLICE_X38Y52         LUT2 (Prop_lut2_I1_O)        0.124    70.658 r  cc/m/CJ2/nand1_out_inferred_i_1/O
                         net (fo=3, routed)           0.597    71.255    cc/m/CJ2/delay2/din
    SLICE_X36Y52         LUT1 (Prop_lut1_I0_O)        0.124    71.379 r  cc/m/CJ2/delay2/buf_inst_begin/O
                         net (fo=1, routed)           0.279    71.658    cc/m/CJ2/delay2/t[0]
    SLICE_X36Y52         LUT1 (Prop_lut1_I0_O)        0.124    71.782 r  cc/m/CJ2/delay2/delay_loop[0].buf_inst/O
                         net (fo=1, routed)           0.853    72.635    cc/m/CJ2/delay2/t[1]
    SLICE_X36Y52         LUT1 (Prop_lut1_I0_O)        0.124    72.759 r  cc/m/CJ2/delay2/delay_loop[1].buf_inst/O
                         net (fo=1, routed)           0.433    73.192    cc/m/CJ2/delay2/t[2]
    SLICE_X36Y52         LUT1 (Prop_lut1_I0_O)        0.124    73.316 r  cc/m/CJ2/delay2/delay_loop[2].buf_inst/O
                         net (fo=1, routed)           0.674    73.990    cc/m/CJ2/delay2/t[3]
    SLICE_X36Y52         LUT1 (Prop_lut1_I0_O)        0.152    74.142 r  cc/m/CJ2/delay2/delay_loop[3].buf_inst/O
                         net (fo=1, routed)           0.851    74.994    cc/m/CJ2/delay2/t[4]
    SLICE_X36Y52         LUT1 (Prop_lut1_I0_O)        0.354    75.348 r  cc/m/CJ2/delay2/delay_loop[4].buf_inst/O
                         net (fo=1, routed)           0.288    75.635    cc/m/CJ2/delay2/t[5]
    SLICE_X36Y52         LUT1 (Prop_lut1_I0_O)        0.328    75.963 r  cc/m/CJ2/delay2/delay_loop[5].buf_inst/O
                         net (fo=1, routed)           0.811    76.774    cc/m/CJ2/delay2/t[6]
    SLICE_X37Y51         LUT1 (Prop_lut1_I0_O)        0.327    77.101 r  cc/m/CJ2/delay2/delay_loop[6].buf_inst/O
                         net (fo=1, routed)           0.433    77.534    cc/m/CJ2/delay2/t[7]
    SLICE_X37Y51         LUT1 (Prop_lut1_I0_O)        0.124    77.658 r  cc/m/CJ2/delay2/delay_loop[7].buf_inst/O
                         net (fo=1, routed)           0.667    78.325    cc/m/CJ2/delay2/t[8]
    SLICE_X37Y51         LUT1 (Prop_lut1_I0_O)        0.124    78.449 r  cc/m/CJ2/delay2/buf_inst_end/O
                         net (fo=1, routed)           0.433    78.882    cc/m/CJ2/LB_out
    SLICE_X37Y51         LUT1 (Prop_lut1_I0_O)        0.124    79.006 f  cc/m/CJ2/Ack_out_INST_0/O
                         net (fo=2, routed)           0.937    79.943    cc/m/Ack_out_b
    SLICE_X39Y55         LUT3 (Prop_lut3_I1_O)        0.124    80.067 r  cc/m/nand4_out_inferred_i_1/O
                         net (fo=1, routed)           0.433    80.500    cc/m/nand4_out
    SLICE_X39Y55         LUT3 (Prop_lut3_I0_O)        0.124    80.624 f  cc/m/nand3_out_inferred_i_1/O
                         net (fo=2, routed)           0.963    81.587    cc/m/nand3_out
    SLICE_X40Y52         LUT2 (Prop_lut2_I0_O)        0.124    81.711 r  cc/m/nand6_out_inferred_i_1/O
                         net (fo=2, routed)           0.667    82.378    cc/m/nand6_out
    SLICE_X41Y52         LUT3 (Prop_lut3_I2_O)        0.124    82.502 f  cc/m/nand5_out_inferred_i_1/O
                         net (fo=2, routed)           0.814    83.316    cc/m/nand5_out
    SLICE_X40Y52         LUT2 (Prop_lut2_I0_O)        0.124    83.440 r  cc/m/nand7_out_inferred_i_1/O
                         net (fo=2, routed)           0.174    83.614    cc/m/nand7_out
    SLICE_X40Y52         LUT3 (Prop_lut3_I2_O)        0.124    83.738 f  cc/m/nand8_out_inferred_i_1/O
                         net (fo=2, routed)           0.426    84.164    cc/m/CJ1/g
    SLICE_X40Y51         LUT6 (Prop_lut6_I3_O)        0.124    84.288 r  cc/m/CJ1/nand3_out_inferred_i_1/O
                         net (fo=2, routed)           0.682    84.970    cc/m/CJ1/nand3_out
    SLICE_X40Y51         LUT2 (Prop_lut2_I0_O)        0.124    85.094 f  cc/m/CJ1/nand4_out_inferred_i_1/O
                         net (fo=1, routed)           0.650    85.743    cc/m/CJ1/nand4_out
    SLICE_X40Y51         LUT3 (Prop_lut3_I0_O)        0.124    85.867 r  cc/m/CJ1/nand5_out_inferred_i_1/O
                         net (fo=3, routed)           0.679    86.546    cc/m/CJ1/nand5_out
    SLICE_X41Y51         LUT1 (Prop_lut1_I0_O)        0.124    86.670 f  cc/m/CJ1/cp_INST_0/O
                         net (fo=39, routed)          0.845    87.515    cc/m/cp1
    SLICE_X40Y52         LUT1 (Prop_lut1_I0_O)        0.124    87.639 r  cc/m/z1_inferred_i_1/O
                         net (fo=3, routed)           0.447    88.086    cc/m/z1
    SLICE_X41Y55         LUT2 (Prop_lut2_I0_O)        0.124    88.210 r  cc/m/nor2_out_inferred_i_1/O
                         net (fo=39, routed)          2.096    90.306    m/SEL
    SLICE_X42Y73         LUT3 (Prop_lut3_I2_O)        0.124    90.430 r  m/PACKET_OUT[25]_INST_0/O
                         net (fo=129, routed)         6.956    97.386    mmcam/entry_fd_loop[17].ef/color_gen_dest_LR[6]
    SLICE_X34Y69         LUT6 (Prop_lut6_I3_O)        0.124    97.510 r  mmcam/entry_fd_loop[17].ef/FIRE_INST_0_i_7/O
                         net (fo=1, routed)           0.000    97.510    mmcam/entry_fd_loop[17].ef/FIRE_INST_0_i_7_n_0
    SLICE_X34Y69         CARRY4 (Prop_carry4_S[1]_CO[3])
                                                      0.533    98.043 r  mmcam/entry_fd_loop[17].ef/FIRE_INST_0_i_2/CO[3]
                         net (fo=1, routed)           0.000    98.043    mmcam/entry_fd_loop[17].ef/FIRE_INST_0_i_2_n_0
    SLICE_X34Y70         CARRY4 (Prop_carry4_CI_CO[1])
                                                      0.157    98.200 f  mmcam/entry_fd_loop[17].ef/FIRE_INST_0_i_1/CO[1]
                         net (fo=2, routed)           0.781    98.981    mmcam/entry_fd_loop[17].ef/FIRE1
    SLICE_X31Y71         LUT4 (Prop_lut4_I1_O)        0.332    99.313 f  mmcam/entry_fd_loop[17].ef/FIRE_INST_0/O
                         net (fo=7, routed)           0.897   100.210    mmcam/am_or_ma/FIRE[17]
    SLICE_X30Y71         LUT4 (Prop_lut4_I1_O)        0.124   100.334 f  mmcam/am_or_ma/R_ADDR_inferred_i_41/O
                         net (fo=3, routed)           0.616   100.950    mmcam/am_or_ma/R_ADDR_inferred_i_41_n_0
    SLICE_X30Y69         LUT6 (Prop_lut6_I0_O)        0.124   101.074 f  mmcam/am_or_ma/FIRE_OR_inferred_i_7/O
                         net (fo=3, routed)           0.835   101.909    mmcam/am_or_ma/FIRE_OR_inferred_i_7_n_0
    SLICE_X29Y70         LUT6 (Prop_lut6_I1_O)        0.124   102.033 f  mmcam/am_or_ma/FIRE_OR_inferred_i_5/O
                         net (fo=2, routed)           0.989   103.022    mmcam/am_or_ma/FIRE_OR_inferred_i_5_n_0
    SLICE_X26Y74         LUT4 (Prop_lut4_I3_O)        0.124   103.146 f  mmcam/am_or_ma/FIRE_OR_inferred_i_1/O
                         net (fo=31, routed)          1.523   104.669    mmcam/am_or_ma/FIRE_OR
    SLICE_X35Y70         LUT3 (Prop_lut3_I0_O)        0.124   104.793 r  mmcam/am_or_ma/EN[61]_INST_0_i_2/O
                         net (fo=30, routed)          1.738   106.531    mmcam/am_or_ma/EN[61]_INST_0_i_2_n_0
    SLICE_X27Y75         LUT6 (Prop_lut6_I3_O)        0.124   106.655 r  mmcam/am_or_ma/EN[53]_INST_0_i_1/O
                         net (fo=4, routed)           0.989   107.643    mmcam/am_or_ma/EN[53]_INST_0_i_1_n_0
    SLICE_X26Y72         LUT6 (Prop_lut6_I0_O)        0.124   107.767 r  mmcam/am_or_ma/EN[21]_INST_0/O
                         net (fo=20, routed)          1.622   109.389    mmcam/entry_fd_loop[21].ef/EN
    SLICE_X21Y64         FDRE                                         r  mmcam/entry_fd_loop[21].ef/ENTRY_reg[18]/CE
  -------------------------------------------------------------------    -------------------





Min Delay Paths
--------------------------------------------------------------------------------------
Slack:                    inf
  Source:                 copy/DL_reg[39]/C
                            (rising edge-triggered cell FDCE)
  Destination:            b/DL_reg[37]/D
  Path Group:             (none)
  Path Type:              Min at Fast Process Corner
  Data Path Delay:        0.241ns  (logic 0.141ns (58.505%)  route 0.100ns (41.495%))
  Logic Levels:           1  (FDCE=1)

    Location             Delay type                Incr(ns)  Path(ns)    Netlist Resource(s)
  -------------------------------------------------------------------    -------------------
    SLICE_X43Y85         FDCE                         0.000     0.000 r  copy/DL_reg[39]/C
    SLICE_X43Y85         FDCE (Prop_fdce_C_Q)         0.141     0.141 r  copy/DL_reg[39]/Q
                         net (fo=1, routed)           0.100     0.241    b/PACKET_IN[37]
    SLICE_X41Y85         FDCE                                         r  b/DL_reg[37]/D
  -------------------------------------------------------------------    -------------------

Slack:                    inf
  Source:                 ps/DL_reg[47]/C
                            (rising edge-triggered cell FDCE)
  Destination:            fp/DL_reg[57]/D
  Path Group:             (none)
  Path Type:              Min at Fast Process Corner
  Data Path Delay:        0.244ns  (logic 0.141ns (57.692%)  route 0.103ns (42.308%))
  Logic Levels:           1  (FDCE=1)

    Location             Delay type                Incr(ns)  Path(ns)    Netlist Resource(s)
  -------------------------------------------------------------------    -------------------
    SLICE_X43Y84         FDCE                         0.000     0.000 r  ps/DL_reg[47]/C
    SLICE_X43Y84         FDCE (Prop_fdce_C_Q)         0.141     0.141 r  ps/DL_reg[47]/Q
                         net (fo=1, routed)           0.103     0.244    fp/PACKET_IN[57]
    SLICE_X40Y84         FDCE                                         r  fp/DL_reg[57]/D
  -------------------------------------------------------------------    -------------------

Slack:                    inf
  Source:                 copy/DL_reg[7]/C
                            (rising edge-triggered cell FDCE)
  Destination:            b/DL_reg[7]/D
  Path Group:             (none)
  Path Type:              Min at Fast Process Corner
  Data Path Delay:        0.251ns  (logic 0.141ns (56.174%)  route 0.110ns (43.826%))
  Logic Levels:           1  (FDCE=1)

    Location             Delay type                Incr(ns)  Path(ns)    Netlist Resource(s)
  -------------------------------------------------------------------    -------------------
    SLICE_X39Y85         FDCE                         0.000     0.000 r  copy/DL_reg[7]/C
    SLICE_X39Y85         FDCE (Prop_fdce_C_Q)         0.141     0.141 r  copy/DL_reg[7]/Q
                         net (fo=1, routed)           0.110     0.251    b/PACKET_IN[7]
    SLICE_X39Y84         FDCE                                         r  b/DL_reg[7]/D
  -------------------------------------------------------------------    -------------------

Slack:                    inf
  Source:                 copy/DL_reg[9]/C
                            (rising edge-triggered cell FDCE)
  Destination:            b/DL_reg[9]/D
  Path Group:             (none)
  Path Type:              Min at Fast Process Corner
  Data Path Delay:        0.251ns  (logic 0.141ns (56.174%)  route 0.110ns (43.826%))
  Logic Levels:           1  (FDCE=1)

    Location             Delay type                Incr(ns)  Path(ns)    Netlist Resource(s)
  -------------------------------------------------------------------    -------------------
    SLICE_X39Y85         FDCE                         0.000     0.000 r  copy/DL_reg[9]/C
    SLICE_X39Y85         FDCE (Prop_fdce_C_Q)         0.141     0.141 r  copy/DL_reg[9]/Q
                         net (fo=1, routed)           0.110     0.251    b/PACKET_IN[9]
    SLICE_X39Y84         FDCE                                         r  b/DL_reg[9]/D
  -------------------------------------------------------------------    -------------------

Slack:                    inf
  Source:                 ps/DL_reg[27]/C
                            (rising edge-triggered cell FDCE)
  Destination:            fp/DL_reg[27]/D
  Path Group:             (none)
  Path Type:              Min at Fast Process Corner
  Data Path Delay:        0.251ns  (logic 0.141ns (56.174%)  route 0.110ns (43.826%))
  Logic Levels:           1  (FDCE=1)

    Location             Delay type                Incr(ns)  Path(ns)    Netlist Resource(s)
  -------------------------------------------------------------------    -------------------
    SLICE_X23Y81         FDCE                         0.000     0.000 r  ps/DL_reg[27]/C
    SLICE_X23Y81         FDCE (Prop_fdce_C_Q)         0.141     0.141 r  ps/DL_reg[27]/Q
                         net (fo=1, routed)           0.110     0.251    fp/PACKET_IN[27]
    SLICE_X23Y82         FDCE                                         r  fp/DL_reg[27]/D
  -------------------------------------------------------------------    -------------------

Slack:                    inf
  Source:                 ps/DL_reg[8]/C
                            (rising edge-triggered cell FDCE)
  Destination:            fp/DL_reg[8]/D
  Path Group:             (none)
  Path Type:              Min at Fast Process Corner
  Data Path Delay:        0.257ns  (logic 0.141ns (54.895%)  route 0.116ns (45.105%))
  Logic Levels:           1  (FDCE=1)

    Location             Delay type                Incr(ns)  Path(ns)    Netlist Resource(s)
  -------------------------------------------------------------------    -------------------
    SLICE_X26Y83         FDCE                         0.000     0.000 r  ps/DL_reg[8]/C
    SLICE_X26Y83         FDCE (Prop_fdce_C_Q)         0.141     0.141 r  ps/DL_reg[8]/Q
                         net (fo=1, routed)           0.116     0.257    fp/PACKET_IN[8]
    SLICE_X27Y83         FDCE                                         r  fp/DL_reg[8]/D
  -------------------------------------------------------------------    -------------------

Slack:                    inf
  Source:                 mmcam/DL_reg[33]/C
                            (rising edge-triggered cell FDCE)
  Destination:            mmram/DL_reg[33]/D
  Path Group:             (none)
  Path Type:              Min at Fast Process Corner
  Data Path Delay:        0.257ns  (logic 0.164ns (63.770%)  route 0.093ns (36.230%))
  Logic Levels:           1  (FDCE=1)

    Location             Delay type                Incr(ns)  Path(ns)    Netlist Resource(s)
  -------------------------------------------------------------------    -------------------
    SLICE_X42Y82         FDCE                         0.000     0.000 r  mmcam/DL_reg[33]/C
    SLICE_X42Y82         FDCE (Prop_fdce_C_Q)         0.164     0.164 r  mmcam/DL_reg[33]/Q
                         net (fo=1, routed)           0.093     0.257    mmram/PACKET_IN[33]
    SLICE_X41Y82         FDCE                                         r  mmram/DL_reg[33]/D
  -------------------------------------------------------------------    -------------------

Slack:                    inf
  Source:                 mmcam/am_or_ma/DEL_reg/C
                            (rising edge-triggered cell FDPE)
  Destination:            cc/mmram/DL_reg/D
  Path Group:             (none)
  Path Type:              Min at Fast Process Corner
  Data Path Delay:        0.257ns  (logic 0.141ns (54.812%)  route 0.116ns (45.188%))
  Logic Levels:           1  (FDPE=1)

    Location             Delay type                Incr(ns)  Path(ns)    Netlist Resource(s)
  -------------------------------------------------------------------    -------------------
    SLICE_X21Y68         FDPE                         0.000     0.000 r  mmcam/am_or_ma/DEL_reg/C
    SLICE_X21Y68         FDPE (Prop_fdpe_C_Q)         0.141     0.141 r  mmcam/am_or_ma/DEL_reg/Q
                         net (fo=2, routed)           0.116     0.257    cc/mmram/exb
    SLICE_X21Y66         FDCE                                         r  cc/mmram/DL_reg/D
  -------------------------------------------------------------------    -------------------

Slack:                    inf
  Source:                 ps/DL_reg[49]/C
                            (rising edge-triggered cell FDCE)
  Destination:            fp/DL_reg[59]/D
  Path Group:             (none)
  Path Type:              Min at Fast Process Corner
  Data Path Delay:        0.263ns  (logic 0.141ns (53.607%)  route 0.122ns (46.393%))
  Logic Levels:           1  (FDCE=1)

    Location             Delay type                Incr(ns)  Path(ns)    Netlist Resource(s)
  -------------------------------------------------------------------    -------------------
    SLICE_X41Y84         FDCE                         0.000     0.000 r  ps/DL_reg[49]/C
    SLICE_X41Y84         FDCE (Prop_fdce_C_Q)         0.141     0.141 r  ps/DL_reg[49]/Q
                         net (fo=1, routed)           0.122     0.263    fp/PACKET_IN[59]
    SLICE_X40Y84         FDCE                                         r  fp/DL_reg[59]/D
  -------------------------------------------------------------------    -------------------

Slack:                    inf
  Source:                 copy/DL_reg[17]/C
                            (rising edge-triggered cell FDCE)
  Destination:            b/DL_reg[17]/D
  Path Group:             (none)
  Path Type:              Min at Fast Process Corner
  Data Path Delay:        0.265ns  (logic 0.164ns (61.886%)  route 0.101ns (38.114%))
  Logic Levels:           1  (FDCE=1)

    Location             Delay type                Incr(ns)  Path(ns)    Netlist Resource(s)
  -------------------------------------------------------------------    -------------------
    SLICE_X42Y85         FDCE                         0.000     0.000 r  copy/DL_reg[17]/C
    SLICE_X42Y85         FDCE (Prop_fdce_C_Q)         0.164     0.164 r  copy/DL_reg[17]/Q
                         net (fo=1, routed)           0.101     0.265    b/PACKET_IN[17]
    SLICE_X41Y85         FDCE                                         r  b/DL_reg[17]/D
  -------------------------------------------------------------------    -------------------





